# tumbleweed.obj — перекати-поле: клубок сухих веток
# Generated by tools/example-assets/tumbleweed.py; CC0.
v -0.06662 0.12067 -0.04246
v -0.05877 0.11046 -0.06011
v -0.05633 0.13207 -0.05800
v 0.02908 0.10521 0.00776
v 0.03671 0.09561 -0.00761
v 0.04049 0.11474 -0.00511
v 0.08028 0.07975 0.05309
v 0.08890 0.07046 0.04105
v 0.09556 0.08553 0.04687
v 0.08942 0.04376 0.09259
v 0.10051 0.03486 0.08694
v 0.10373 0.04512 0.09782
v 0.05869 -0.00425 0.13037
v 0.06845 -0.01276 0.13242
v 0.06592 -0.00342 0.14127
v -0.01558 -0.06362 0.16866
v -0.00900 -0.07092 0.17343
v -0.01252 -0.06224 0.17905
v -0.13411 -0.13365 0.20506
v -0.12983 -0.13950 0.20995
v -0.13284 -0.13215 0.21357
v -0.29654 -0.21429 0.23870
v -0.29360 -0.21867 0.24259
v -0.29587 -0.21305 0.24510
v 0.04639 0.11226 0.11764
v 0.03789 0.11006 0.10942
v 0.04150 0.12134 0.11147
v 0.11082 0.10348 0.05240
v 0.10271 0.10156 0.04550
v 0.10634 0.11165 0.04691
v 0.16071 0.08922 -0.01244
v 0.15263 0.08763 -0.01742
v 0.15650 0.09644 -0.01721
v 0.19583 0.06951 -0.07670
v 0.18806 0.06824 -0.07968
v 0.19180 0.07571 -0.08071
v 0.21614 0.04435 -0.14036
v 0.20908 0.04335 -0.14140
v 0.21220 0.04950 -0.14351
v 0.22160 0.01375 -0.20336
v 0.21568 0.01290 -0.20275
v 0.21774 0.01784 -0.20549
v 0.21216 -0.02229 -0.26558
v 0.20773 -0.02310 -0.26390
v 0.20860 -0.01922 -0.26660
v 0.18792 -0.06390 -0.32665
v 0.18480 -0.06459 -0.32498
v 0.18511 -0.06168 -0.32709
v -0.05297 0.14747 0.05767
v -0.06326 0.14370 0.04276
v -0.05785 0.16108 0.04612
v 0.03558 0.13115 -0.00053
v 0.02713 0.12763 -0.01444
v 0.03272 0.14309 -0.01178
v 0.10824 0.10439 -0.03204
v 0.10299 0.10093 -0.04544
v 0.10984 0.11387 -0.04329
v 0.16577 0.06717 -0.03798
v 0.16470 0.06353 -0.05037
v 0.17237 0.07347 -0.04718
v 0.20949 0.01919 -0.01873
v 0.21243 0.01500 -0.02858
v 0.21881 0.02265 -0.02367
v 0.24036 -0.04010 0.02695
v 0.24508 -0.04455 0.02035
v 0.24930 -0.03814 0.02553
v 0.25765 -0.11064 0.09989
v 0.26229 -0.11474 0.09583
v 0.26494 -0.10938 0.10020
v 0.26068 -0.19224 0.20012
v 0.26434 -0.19545 0.19745
v 0.26612 -0.19135 0.20073
v -0.14626 -0.13059 0.03729
v -0.15757 -0.13400 0.03957
v -0.15450 -0.12240 0.04038
v -0.17554 -0.11460 -0.08098
v -0.18579 -0.11757 -0.07916
v -0.18304 -0.10711 -0.07875
v -0.19209 -0.11023 -0.18019
v -0.20135 -0.11263 -0.17917
v -0.19880 -0.10336 -0.17958
v -0.19604 -0.11742 -0.26050
v -0.20428 -0.11915 -0.26055
v -0.20162 -0.11126 -0.26185
v -0.18762 -0.13609 -0.32190
v -0.19459 -0.13706 -0.32352
v -0.19127 -0.13092 -0.32536
v -0.16708 -0.16609 -0.36483
v -0.17194 -0.16658 -0.36834
v -0.16785 -0.16230 -0.36943
v -0.13372 -0.20747 -0.39008
v -0.13602 -0.20807 -0.39426
v -0.13234 -0.20498 -0.39396
v -0.08651 -0.26060 -0.39727
v -0.08766 -0.26121 -0.40064
v -0.08496 -0.25888 -0.40004
v -0.02362 0.01265 0.02094
v -0.03480 0.01066 0.00868
v -0.02365 0.02308 0.00788
v 0.05203 -0.05881 -0.03742
v 0.04163 -0.06059 -0.04814
v 0.05150 -0.04928 -0.04905
v 0.11439 -0.11630 -0.09367
v 0.10442 -0.11788 -0.10243
v 0.11277 -0.10751 -0.10361
v 0.16315 -0.15975 -0.14770
v 0.15365 -0.16118 -0.15437
v 0.16035 -0.15169 -0.15570
v 0.19826 -0.18912 -0.19958
v 0.18938 -0.19052 -0.20402
v 0.19427 -0.18184 -0.20521
v 0.21954 -0.20435 -0.24933
v 0.21161 -0.20583 -0.25151
v 0.21469 -0.19808 -0.25198
v 0.22668 -0.20542 -0.29666
v 0.22018 -0.20695 -0.29698
v 0.22208 -0.20059 -0.29616
v 0.21982 -0.19257 -0.34050
v 0.21497 -0.19384 -0.34020
v 0.21642 -0.18918 -0.33906
v -0.05741 0.06340 -0.10905
v -0.06271 0.05216 -0.09382
v -0.06367 0.07174 -0.09239
v -0.12347 0.06153 -0.13193
v -0.12849 0.05192 -0.11795
v -0.13120 0.06940 -0.11809
v -0.17099 0.04372 -0.15948
v -0.17735 0.03716 -0.14668
v -0.18213 0.05137 -0.15144
v -0.20129 0.01019 -0.19072
v -0.21161 0.00774 -0.18196
v -0.21286 0.01760 -0.19148
v -0.21690 -0.03802 -0.22720
v -0.22862 -0.03780 -0.22594
v -0.22350 -0.03152 -0.23451
v -0.21615 -0.10069 -0.27239
v -0.22553 -0.10019 -0.27530
v -0.21855 -0.09548 -0.28038
v -0.19735 -0.17861 -0.32494
v -0.20416 -0.17838 -0.32886
v -0.19790 -0.17450 -0.33162
v -0.16052 -0.27198 -0.38379
v -0.16540 -0.27190 -0.38709
v -0.16062 -0.26891 -0.38882
v 0.03393 0.00865 -0.00400
v 0.03149 -0.00525 0.01370
v 0.04554 0.01244 0.01506
v -0.03964 0.06486 0.03125
v -0.04367 0.05305 0.04735
v -0.03025 0.06828 0.04899
v -0.07348 0.10220 0.04044
v -0.08576 0.09567 0.05203
v -0.07237 0.10625 0.05805
v -0.07274 0.12024 0.03356
v -0.08672 0.11773 0.02654
v -0.08373 0.13166 0.03347
v -0.04387 0.12493 -0.00957
v -0.05420 0.12250 -0.01804
v -0.05023 0.13527 -0.01566
v 0.02178 0.11230 -0.08205
v 0.01362 0.11028 -0.08963
v 0.01765 0.12077 -0.08831
v 0.12336 0.08216 -0.18166
v 0.11701 0.08055 -0.18791
v 0.12052 0.08886 -0.18705
v 0.26064 0.03453 -0.30809
v 0.25592 0.03332 -0.31282
v 0.25862 0.03952 -0.31222
v 0.01745 0.03881 -0.08475
v 0.02300 0.02607 -0.07476
v 0.02694 0.04228 -0.07094
v -0.06940 0.04604 -0.02584
v -0.06396 0.03450 -0.01721
v -0.06006 0.04905 -0.01397
v -0.13601 0.05338 0.03468
v -0.13020 0.04301 0.04146
v -0.12605 0.05585 0.04373
v -0.18186 0.06072 0.09658
v -0.17570 0.05160 0.10131
v -0.17155 0.06280 0.10231
v -0.20673 0.06800 0.15981
v -0.20040 0.06030 0.16227
v -0.19686 0.06993 0.16190
v -0.21036 0.07522 0.22403
v -0.20439 0.06910 0.22421
v -0.20212 0.07725 0.22298
v -0.19287 0.08252 0.28871
v -0.18796 0.07799 0.28722
v -0.18696 0.08464 0.28599
v -0.15480 0.09014 0.35343
v -0.15119 0.08689 0.35176
v -0.15072 0.09192 0.35087
v -0.05061 -0.03344 0.07507
v -0.05579 -0.04544 0.09176
v -0.05836 -0.02441 0.09262
v -0.15197 -0.04464 0.03717
v -0.15693 -0.05492 0.05246
v -0.16075 -0.03623 0.05188
v -0.21495 -0.07141 0.00064
v -0.22192 -0.07812 0.01457
v -0.22749 -0.06324 0.00863
v -0.24157 -0.11409 -0.02993
v -0.25591 -0.11428 -0.02611
v -0.25138 -0.10591 -0.03750
v -0.23756 -0.16902 -0.06417
v -0.24796 -0.16893 -0.07149
v -0.23766 -0.16234 -0.07499
v -0.19424 -0.23854 -0.10345
v -0.20060 -0.23954 -0.11187
v -0.19248 -0.23273 -0.11215
v -0.11301 -0.32311 -0.14331
v -0.11705 -0.32442 -0.15065
v -0.11120 -0.31831 -0.15006
v 0.00545 -0.42263 -0.18321
v 0.00268 -0.42374 -0.18883
v 0.00687 -0.41899 -0.18823
v -0.02423 0.08091 -0.08153
v -0.01762 0.07247 -0.07859
v -0.01401 0.08294 -0.07765
v -0.06113 0.08501 0.01518
v -0.05554 0.07739 0.01848
v -0.05218 0.08679 0.01931
v -0.09699 0.09353 0.07429
v -0.09358 0.08686 0.07908
v -0.09025 0.09507 0.07988
v -0.13077 0.10597 0.09663
v -0.13205 0.10107 0.10254
v -0.12893 0.10807 0.10390
v -0.16473 0.12256 0.08454
v -0.16952 0.11972 0.08822
v -0.16741 0.12589 0.08966
v -0.20078 0.14437 0.03549
v -0.20566 0.14250 0.03739
v -0.20410 0.14774 0.03842
v -0.23713 0.17097 -0.05103
v -0.24124 0.16964 -0.05000
v -0.24002 0.17385 -0.04926
v -0.27329 0.20215 -0.17472
v -0.27642 0.20118 -0.17407
v -0.27551 0.20435 -0.17354
v 0.03069 -0.00241 0.01839
v 0.00655 -0.00327 0.01809
v 0.01807 0.00576 0.03730
v 0.02637 0.11092 -0.03145
v 0.00470 0.11024 -0.03296
v 0.01411 0.11886 -0.01536
v 0.02957 0.19845 -0.07676
v 0.01070 0.19787 -0.08086
v 0.01686 0.20696 -0.06496
v 0.03973 0.26047 -0.11819
v 0.02419 0.25956 -0.12478
v 0.02723 0.26982 -0.11170
v 0.05653 0.29715 -0.15606
v 0.04459 0.29536 -0.16407
v 0.04611 0.30722 -0.15588
v 0.08009 0.30862 -0.19124
v 0.07097 0.30646 -0.19886
v 0.07435 0.31782 -0.19655
v 0.11120 0.29475 -0.22424
v 0.10444 0.29338 -0.23101
v 0.11001 0.30127 -0.23128
v 0.15085 0.25521 -0.25486
v 0.14609 0.25436 -0.26025
v 0.15104 0.25964 -0.26058
v 0.01622 -0.04302 0.01548
v 0.01786 -0.04312 0.00317
v 0.00821 -0.03706 0.00809
v 0.07906 0.05096 0.02228
v 0.08001 0.05086 0.01114
v 0.07164 0.05648 0.01599
v 0.13525 0.12666 0.02253
v 0.13507 0.12648 0.01260
v 0.12841 0.13191 0.01759
v 0.18452 0.18414 0.01635
v 0.18331 0.18375 0.00775
v 0.17851 0.18916 0.01257
v 0.22686 0.22339 0.00376
v 0.22469 0.22266 -0.00334
v 0.22201 0.22824 0.00082
v 0.26229 0.24442 -0.01524
v 0.25915 0.24338 -0.02050
v 0.25892 0.24897 -0.01780
v 0.29081 0.24722 -0.04063
v 0.28709 0.24634 -0.04380
v 0.28887 0.25095 -0.04327
v 0.31239 0.23178 -0.07234
v 0.30926 0.23125 -0.07428
v 0.31112 0.23446 -0.07459
v -0.01204 -0.00766 -0.21429
v -0.01846 -0.00648 -0.22608
v -0.02370 -0.00093 -0.21496
v 0.01997 0.04680 -0.22781
v 0.01225 0.04796 -0.23710
v 0.00946 0.05265 -0.22626
v 0.03131 0.07837 -0.24540
v 0.02074 0.07758 -0.24740
v 0.02423 0.08359 -0.23915
v 0.02007 0.08688 -0.26335
v 0.01527 0.08259 -0.25645
v 0.01426 0.09187 -0.25783
v -0.01109 0.07129 -0.28042
v -0.01148 0.06736 -0.27336
v -0.01577 0.07413 -0.27446
v -0.06175 0.03182 -0.29837
v -0.06073 0.02846 -0.29262
v -0.06508 0.03361 -0.29279
v -0.13236 -0.03127 -0.31780
v -0.13098 -0.03400 -0.31336
v -0.13469 -0.03009 -0.31308
v -0.22311 -0.11790 -0.33883
v -0.22193 -0.11995 -0.33555
v -0.22476 -0.11708 -0.33523
v -0.03294 0.08392 -0.20330
v -0.02312 0.07377 -0.20130
v -0.02272 0.08571 -0.19351
v -0.09350 0.03888 -0.13052
v -0.08409 0.03014 -0.13039
v -0.08364 0.04018 -0.12240
v -0.12545 -0.01503 -0.07110
v -0.11701 -0.02135 -0.07546
v -0.11498 -0.01442 -0.06662
v -0.12726 -0.07805 -0.02613
v -0.12276 -0.08155 -0.03433
v -0.11739 -0.07698 -0.02726
v -0.09944 -0.14954 0.00201
v -0.09904 -0.15149 -0.00631
v -0.09266 -0.14714 -0.00263
v -0.04378 -0.22904 0.01371
v -0.04507 -0.23047 0.00685
v -0.03978 -0.22603 0.00863
v 0.03983 -0.31683 0.01012
v 0.03818 -0.31796 0.00478
v 0.04210 -0.31393 0.00576
v 0.15167 -0.41304 -0.00843
v 0.15030 -0.41390 -0.01239
v 0.15312 -0.41075 -0.01174
v 0.00092 0.19021 0.13594
v -0.01521 0.19475 0.12038
v -0.01938 0.19839 0.14257
v 0.02043 0.24553 0.12832
v 0.00335 0.24916 0.11743
v 0.00348 0.25240 0.13775
v 0.03079 0.29348 0.11419
v 0.01321 0.29490 0.10934
v 0.01845 0.29959 0.12623
v 0.03229 0.33355 0.09566
v 0.01634 0.33255 0.09480
v 0.02325 0.33991 0.10723
v 0.02533 0.36578 0.07192
v 0.01204 0.36294 0.07380
v 0.01819 0.37245 0.08155
v 0.00995 0.39025 0.04254
v -0.00032 0.38665 0.04606
v 0.00388 0.39658 0.04988
v -0.01389 0.40700 0.00733
v -0.02134 0.40358 0.01138
v -0.01906 0.41234 0.01266
v -0.04617 0.41605 -0.03378
v -0.05149 0.41337 -0.03038
v -0.05017 0.42009 -0.02994
v 0.08583 0.08258 -0.13851
v 0.08585 0.06966 -0.12154
v 0.07994 0.09004 -0.11942
v -0.00468 0.05756 -0.15570
v -0.00565 0.04655 -0.14001
v -0.01195 0.06467 -0.13942
v -0.06449 0.02882 -0.18077
v -0.06949 0.02119 -0.16636
v -0.07585 0.03645 -0.17058
v -0.09561 -0.00353 -0.21135
v -0.10784 -0.00645 -0.20331
v -0.10760 0.00528 -0.21254
v -0.10232 -0.03737 -0.25162
v -0.11497 -0.03847 -0.25324
v -0.10863 -0.02882 -0.25876
v -0.08064 -0.07321 -0.30496
v -0.08987 -0.07447 -0.31014
v -0.08394 -0.06578 -0.31186
v -0.02940 -0.11195 -0.36869
v -0.03578 -0.11324 -0.37421
v -0.03145 -0.10589 -0.37434
v 0.05115 -0.15368 -0.44191
v 0.04666 -0.15473 -0.44634
v 0.04972 -0.14911 -0.44616
v -0.06099 0.08985 0.06152
v -0.04580 0.07597 0.05418
v -0.04342 0.09746 0.05102
v -0.02730 0.09448 0.11909
v -0.01303 0.08229 0.11325
v -0.01243 0.10127 0.10818
v -0.00316 0.11043 0.14997
v 0.01180 0.10288 0.14503
v 0.00450 0.11518 0.13500
v 0.02419 0.13607 0.14322
v 0.00955 0.13715 0.13892
v 0.01372 0.14142 0.15300
v 0.02369 0.17725 0.11609
v 0.01072 0.17552 0.11549
v 0.01583 0.18370 0.12436
v 0.01288 0.23008 0.06182
v 0.00219 0.22791 0.06229
v 0.00638 0.23601 0.06829
v -0.00840 0.29475 -0.02040
v -0.01688 0.29276 -0.01962
v -0.01362 0.29970 -0.01543
v -0.04018 0.37131 -0.13067
v -0.04651 0.36976 -0.12999
v -0.04410 0.37507 -0.12700
v -0.06346 0.08331 0.00174
v -0.06777 0.08314 -0.02031
v -0.04692 0.08716 -0.01297
v -0.04150 -0.03167 -0.00410
v -0.04147 -0.03324 -0.02426
v -0.02429 -0.02917 -0.01442
v -0.02976 -0.11252 0.01080
v -0.02196 -0.11841 -0.00429
v -0.01199 -0.11086 0.00863
v -0.02449 -0.16089 0.04893
v -0.01389 -0.17075 0.04279
v -0.00912 -0.15789 0.05049
v -0.02691 -0.17673 0.11200
v -0.01791 -0.18671 0.11306
v -0.01381 -0.17387 0.11338
v -0.03824 -0.15959 0.19953
v -0.03161 -0.16776 0.20347
v -0.02723 -0.15776 0.20082
v -0.05879 -0.10925 0.31087
v -0.05412 -0.11551 0.31530
v -0.04996 -0.10818 0.31218
v -0.08864 -0.02563 0.44577
v -0.08534 -0.03024 0.44941
v -0.08203 -0.02494 0.44687
v 0.04637 -0.07471 0.00640
v 0.03530 -0.07422 -0.01367
v 0.02761 -0.06176 0.00396
v 0.10785 0.01089 -0.02631
v 0.09869 0.01048 -0.04479
v 0.09184 0.02331 -0.03016
v 0.16080 0.05969 -0.05472
v 0.15347 0.05723 -0.07135
v 0.14967 0.07242 -0.06181
v 0.20580 0.07169 -0.07975
v 0.19797 0.06823 -0.09333
v 0.20217 0.08338 -0.09013
v 0.24311 0.04687 -0.10157
v 0.23530 0.04553 -0.11281
v 0.24599 0.05418 -0.11285
v 0.27305 -0.01490 -0.12015
v 0.26771 -0.01476 -0.13029
v 0.27857 -0.01120 -0.12949
v 0.29582 -0.11370 -0.13531
v 0.29302 -0.11329 -0.14403
v 0.30187 -0.11200 -0.14199
v 0.31170 -0.24968 -0.14669
v 0.31015 -0.24937 -0.15339
v 0.31669 -0.24876 -0.15134
v 0.05591 -0.11265 0.05320
v 0.04081 -0.11390 0.06080
v 0.05479 -0.11143 0.07007
v 0.04048 -0.00177 0.04443
v 0.02830 -0.00407 0.05333
v 0.04188 -0.00105 0.05961
v 0.01174 0.07526 0.04842
v 0.00530 0.07003 0.05915
v 0.01730 0.07614 0.06076
v -0.02796 0.11756 0.06608
v -0.02784 0.10970 0.07497
v -0.02161 0.11976 0.07587
v -0.07809 0.12516 0.09651
v -0.07356 0.11758 0.10157
v -0.07297 0.12711 0.10508
v -0.13909 0.09829 0.13917
v -0.13351 0.09237 0.14156
v -0.13466 0.09929 0.14632
v -0.21143 0.03709 0.19403
v -0.20635 0.03269 0.19497
v -0.20758 0.03750 0.19960
v -0.29528 -0.05838 0.26108
v -0.29135 -0.06157 0.26152
v -0.29229 -0.05818 0.26519
v -0.02380 -0.13281 -0.07132
v -0.03030 -0.13679 -0.05183
v -0.00993 -0.13790 -0.05651
v -0.00731 0.00227 -0.03777
v -0.01522 0.00025 -0.02080
v 0.00322 -0.00285 -0.02302
v 0.02847 0.09570 -0.00292
v 0.02809 0.09755 -0.01955
v 0.01517 0.10274 -0.01025
v 0.07282 0.15806 -0.00355
v 0.07191 0.15640 -0.01807
v 0.06433 0.16703 -0.01143
v 0.13342 0.18333 -0.02105
v 0.12954 0.18041 -0.03263
v 0.12975 0.19240 -0.02892
v 0.20959 0.17163 -0.05502
v 0.20448 0.16942 -0.06387
v 0.20861 0.17893 -0.06245
v 0.30124 0.12298 -0.10541
v 0.29644 0.12159 -0.11212
v 0.30126 0.12842 -0.11177
v 0.40836 0.03737 -0.17222
v 0.40460 0.03645 -0.17716
v 0.40855 0.04133 -0.17709
v -0.13196 0.09665 -0.05338
v -0.11791 0.09091 -0.07004
v -0.10996 0.09408 -0.04919
v -0.15046 -0.02642 -0.02919
v -0.13609 -0.03208 -0.04234
v -0.13145 -0.02941 -0.02277
v -0.17538 -0.11310 -0.02201
v -0.15908 -0.12060 -0.02378
v -0.16520 -0.11609 -0.00743
v -0.20214 -0.16606 -0.02536
v -0.19618 -0.17473 -0.01360
v -0.20648 -0.16320 -0.01046
v -0.24174 -0.18286 -0.03490
v -0.24596 -0.19055 -0.02461
v -0.24573 -0.17709 -0.02334
v -0.29198 -0.16294 -0.05684
v -0.29930 -0.16799 -0.04992
v -0.29428 -0.15840 -0.04679
v -0.35081 -0.10684 -0.09148
v -0.35780 -0.11004 -0.08677
v -0.35255 -0.10362 -0.08324
v -0.41782 -0.01471 -0.13874
v -0.42329 -0.01689 -0.13541
v -0.41915 -0.01239 -0.13253
v 0.05306 -0.02142 -0.20096
v 0.06924 -0.03748 -0.19998
v 0.07477 -0.01602 -0.20546
v 0.07815 0.01188 -0.04741
v 0.09231 -0.00280 -0.04499
v 0.09806 0.01633 -0.04980
v 0.07496 0.04209 0.07047
v 0.08591 0.02866 0.07622
v 0.09277 0.04525 0.07293
v 0.04425 0.06872 0.15399
v 0.05056 0.05690 0.16268
v 0.05763 0.07122 0.16236
v -0.01433 0.09153 0.20490
v -0.01271 0.08187 0.21447
v -0.00805 0.09455 0.21669
v -0.10283 0.11101 0.22376
v -0.10405 0.10363 0.23237
v -0.10206 0.11466 0.23455
v -0.22172 0.12759 0.20924
v -0.22406 0.12216 0.21619
v -0.22333 0.13117 0.21748
v -0.37059 0.14129 0.16052
v -0.37270 0.13736 0.16571
v -0.37233 0.14415 0.16650
v 0.05451 0.09389 0.13366
v 0.07061 0.08570 0.12123
v 0.07478 0.09202 0.14180
v 0.02913 -0.02028 0.17456
v 0.04293 -0.02759 0.16249
v 0.04788 -0.02152 0.18060
v 0.02395 -0.08392 0.20483
v 0.03345 -0.09087 0.19183
v 0.04143 -0.08250 0.20502
v 0.04244 -0.09808 0.22455
v 0.05084 -0.10361 0.21295
v 0.04328 -0.09035 0.21131
v 0.08184 -0.06031 0.22558
v 0.07987 -0.05959 0.21259
v 0.07144 -0.05379 0.22086
v 0.13440 0.03045 0.21420
v 0.12947 0.03181 0.20451
v 0.12470 0.03553 0.21365
v 0.20519 0.17243 0.19177
v 0.20028 0.17364 0.18460
v 0.19737 0.17634 0.19242
v 0.29523 0.36544 0.15760
v 0.29135 0.36636 0.15237
v 0.28937 0.36833 0.15832
v 0.02017 0.04805 -0.05052
v 0.03118 0.03521 -0.04604
v 0.03189 0.05062 -0.03779
v -0.06273 0.00596 0.03566
v -0.05251 -0.00554 0.03898
v -0.05161 0.00822 0.04657
v -0.12046 -0.03186 0.11253
v -0.11080 -0.04193 0.11368
v -0.10927 -0.02992 0.12070
v -0.15257 -0.06552 0.17988
v -0.14385 -0.07398 0.17838
v -0.14139 -0.06366 0.18449
v -0.15861 -0.09513 0.23765
v -0.15170 -0.10175 0.23335
v -0.14838 -0.09280 0.23771
v -0.13823 -0.12060 0.28484
v -0.13392 -0.12534 0.27889
v -0.13103 -0.11738 0.28107
v -0.09236 -0.14147 0.32055
v -0.09023 -0.14465 0.31469
v -0.08867 -0.13792 0.31578
v -0.02207 -0.15753 0.34528
v -0.02088 -0.15973 0.34066
v -0.01999 -0.15461 0.34144
v -0.00242 0.18699 0.08872
v 0.00645 0.17640 0.07031
v 0.01726 0.19454 0.07947
v 0.05159 0.12476 0.14930
v 0.05788 0.11599 0.13161
v 0.06821 0.13217 0.13940
v 0.11145 0.06971 0.18510
v 0.11282 0.06351 0.16782
v 0.12297 0.07787 0.17328
v 0.17595 0.02253 0.19452
v 0.17254 0.01842 0.17931
v 0.18145 0.03150 0.18231
v 0.24394 -0.01642 0.17748
v 0.23755 -0.01926 0.16557
v 0.24431 -0.00732 0.16710
v 0.31486 -0.04715 0.13483
v 0.30762 -0.04928 0.12614
v 0.31235 -0.03885 0.12726
v 0.38905 -0.06988 0.06716
v 0.38235 -0.07151 0.06106
v 0.38561 -0.06297 0.06214
v 0.46685 -0.08476 -0.02524
v 0.46160 -0.08598 -0.02955
v 0.46390 -0.07953 -0.02865
v 0.02087 -0.06627 0.13038
v 0.03601 -0.08144 0.12868
v 0.04053 -0.06279 0.13836
v 0.00317 -0.09185 0.18889
v 0.01677 -0.10508 0.18509
v 0.02159 -0.08845 0.19374
v 0.01123 -0.10935 0.22438
v 0.01771 -0.11767 0.21079
v 0.02379 -0.10216 0.21508
v 0.04708 -0.11650 0.22258
v 0.04125 -0.11989 0.20912
v 0.04271 -0.10550 0.21328
v 0.09670 -0.11027 0.18933
v 0.08928 -0.11263 0.17905
v 0.09044 -0.10060 0.18354
v 0.16720 -0.09342 0.12773
v 0.16032 -0.09526 0.11967
v 0.16137 -0.08534 0.12368
v 0.25970 -0.06616 0.03719
v 0.25393 -0.06759 0.03097
v 0.25482 -0.05970 0.03428
v 0.37440 -0.02852 -0.08243
v 0.37001 -0.02959 -0.08703
v 0.37068 -0.02368 -0.08452
v 0.01577 0.02999 0.02511
v 0.01898 0.02421 0.01312
v 0.02116 0.03759 0.01508
v 0.10641 0.01036 0.05796
v 0.10794 0.00561 0.04669
v 0.11093 0.01736 0.04888
v 0.18002 -0.01961 0.06660
v 0.17790 -0.02260 0.05627
v 0.18316 -0.01320 0.05829
v 0.23603 -0.05963 0.05049
v 0.23030 -0.06081 0.04289
v 0.23702 -0.05397 0.04281
v 0.27372 -0.10946 0.00949
v 0.26634 -0.10977 0.00589
v 0.27200 -0.10445 0.00322
v 0.29246 -0.16907 -0.05562
v 0.28564 -0.16942 -0.05618
v 0.28913 -0.16474 -0.05976
v 0.29258 -0.23867 -0.14428
v 0.28720 -0.23921 -0.14343
v 0.28907 -0.23517 -0.14662
v 0.27456 -0.31842 -0.25641
v 0.27060 -0.31892 -0.25544
v 0.27175 -0.31580 -0.25785
v 0.05155 0.04190 0.06380
v 0.05024 0.03557 0.07221
v 0.04852 0.04600 0.07311
v -0.04586 0.02822 0.03887
v -0.04598 0.02231 0.04637
v -0.04799 0.03157 0.04755
v -0.11251 0.01096 0.03778
v -0.10911 0.00520 0.04299
v -0.11158 0.01273 0.04602
v -0.14722 -0.01068 0.06278
v -0.14175 -0.01563 0.06190
v -0.14083 -0.00985 0.06647
v -0.14655 -0.03694 0.10993
v -0.14257 -0.04086 0.10688
v -0.14049 -0.03524 0.10903
v -0.11340 -0.06684 0.17865
v -0.11039 -0.06996 0.17560
v -0.10887 -0.06498 0.17664
v -0.04819 -0.10053 0.27031
v -0.04589 -0.10295 0.26768
v -0.04485 -0.09888 0.26827
v 0.04915 -0.13809 0.38521
v 0.05085 -0.13988 0.38320
v 0.05157 -0.13681 0.38359
v 0.00282 -0.00715 -0.05832
v 0.00484 -0.01158 -0.07504
v 0.01732 -0.00263 -0.06684
v 0.04043 -0.08284 -0.03540
v 0.04473 -0.08760 -0.04969
v 0.05487 -0.07978 -0.04066
v 0.04700 -0.12898 -0.01084
v 0.05690 -0.13687 -0.01666
v 0.06025 -0.12770 -0.00672
v 0.02751 -0.14809 0.02036
v 0.03379 -0.15735 0.02520
v 0.03603 -0.14592 0.02881
v -0.02286 -0.13939 0.06160
v -0.02085 -0.14689 0.06859
v -0.01673 -0.13737 0.06982
v -0.10466 -0.10208 0.10969
v -0.10444 -0.10791 0.11614
v -0.10007 -0.10042 0.11690
v -0.21726 -0.03617 0.16375
v -0.21772 -0.04062 0.16909
v -0.21385 -0.03486 0.16968
v -0.36048 0.05831 0.22361
v -0.36098 0.05503 0.22765
v -0.35799 0.05929 0.22810
v -0.07246 -0.15838 -0.06030
v -0.06254 -0.16610 -0.06174
v -0.06268 -0.15484 -0.06751
v -0.01968 -0.10977 0.03446
v -0.01080 -0.11641 0.03184
v -0.01185 -0.10614 0.02703
v 0.03690 -0.07753 0.09359
v 0.04339 -0.08238 0.08752
v 0.04060 -0.07288 0.08539
v 0.09723 -0.06122 0.11500
v 0.09810 -0.06404 0.10665
v 0.09663 -0.05546 0.10830
v 0.15888 -0.06002 0.09828
v 0.15516 -0.06165 0.09186
v 0.15684 -0.05444 0.09355
v 0.22157 -0.07420 0.04509
v 0.21678 -0.07528 0.04110
v 0.21929 -0.06948 0.04153
v 0.28625 -0.10408 -0.04430
v 0.28188 -0.10486 -0.04673
v 0.28413 -0.10033 -0.04695
v 0.35327 -0.14975 -0.16994
v 0.34988 -0.15033 -0.17156
v 0.35159 -0.14695 -0.17188
v 0.06664 0.17972 0.11457
v 0.07731 0.16738 0.09735
v 0.08501 0.18913 0.10287
v 0.09512 0.16237 0.14294
v 0.10348 0.15310 0.12562
v 0.11446 0.16819 0.13600
v 0.09974 0.12504 0.15523
v 0.11044 0.12087 0.14012
v 0.11851 0.12300 0.15716
v 0.08530 0.06721 0.14676
v 0.10032 0.06072 0.14957
v 0.09021 0.06405 0.16230
v 0.05178 -0.01418 0.13291
v 0.05755 -0.01995 0.14457
v 0.04517 -0.01300 0.14545
v -0.01007 -0.11533 0.10855
v -0.00785 -0.11999 0.11922
v -0.01737 -0.11310 0.11762
v -0.09604 -0.23681 0.07020
v -0.09521 -0.24052 0.07889
v -0.10232 -0.23455 0.07694
v -0.20531 -0.37885 0.01779
v -0.20490 -0.38164 0.02432
v -0.21010 -0.37704 0.02273
v 0.09158 -0.01418 -0.00094
v 0.09219 -0.02385 0.00923
v 0.09526 -0.01044 0.01209
v 0.00591 0.00103 0.01962
v 0.00648 -0.00768 0.02877
v 0.00960 0.00432 0.03127
v -0.03627 0.01184 0.03384
v -0.03553 0.00412 0.04198
v -0.03050 0.01410 0.04322
v -0.03183 0.01530 0.05176
v -0.03014 0.01192 0.04267
v -0.03183 0.02150 0.04413
v 0.01605 0.01686 0.05081
v 0.01563 0.01427 0.04280
v 0.01579 0.02251 0.04456
v 0.10748 0.01406 0.04325
v 0.10679 0.01196 0.03658
v 0.10724 0.01881 0.03808
v 0.24306 0.00671 0.02907
v 0.24240 0.00505 0.02374
v 0.24286 0.01052 0.02494
v 0.42286 -0.00522 0.00827
v 0.42233 -0.00646 0.00427
v 0.42271 -0.00235 0.00517
v 0.03463 0.01499 0.02060
v 0.01809 0.01092 0.00578
v 0.02416 0.03218 0.01036
v 0.10779 0.01187 -0.06199
v 0.09410 0.00811 -0.07652
v 0.09897 0.02727 -0.07188
v 0.17422 0.01215 -0.11350
v 0.16569 0.00834 -0.12896
v 0.16814 0.02553 -0.12400
v 0.23391 0.01604 -0.13501
v 0.23263 0.01150 -0.15009
v 0.23192 0.02684 -0.14636
v 0.28765 0.02359 -0.12794
v 0.29317 0.01767 -0.13880
v 0.29125 0.03108 -0.13864
v 0.33811 0.03390 -0.09177
v 0.34555 0.02745 -0.09728
v 0.34522 0.03857 -0.09919
v 0.38502 0.04663 -0.02444
v 0.39151 0.04083 -0.02685
v 0.39237 0.04962 -0.02875
v 0.42713 0.06209 0.07443
v 0.43203 0.05760 0.07311
v 0.43298 0.06416 0.07170
v -0.11949 0.09878 0.11060
v -0.12892 0.09620 0.09590
v -0.11698 0.10918 0.09656
v -0.02657 0.01602 0.06458
v -0.03624 0.01412 0.05212
v -0.02506 0.02540 0.05185
v 0.03810 -0.05805 0.01053
v 0.02696 -0.05892 0.00190
v 0.03722 -0.04960 -0.00075
v 0.07375 -0.12315 -0.05187
v 0.06184 -0.12357 -0.05515
v 0.06946 -0.11547 -0.06055
v 0.07927 -0.17896 -0.12247
v 0.06899 -0.18015 -0.12024
v 0.07217 -0.17220 -0.12648
v 0.05415 -0.22570 -0.19944
v 0.04705 -0.22796 -0.19471
v 0.04721 -0.22027 -0.19902
v -0.00039 -0.26386 -0.28222
v -0.00501 -0.26644 -0.27755
v -0.00558 -0.25976 -0.27976
v -0.08363 -0.29351 -0.37143
v -0.08682 -0.29564 -0.36778
v -0.08730 -0.29053 -0.36905
v -0.14601 -0.14611 -0.01187
v -0.14611 -0.15561 0.00024
v -0.13565 -0.14436 -0.00062
v -0.18361 -0.11028 0.01785
v -0.18075 -0.11945 0.02784
v -0.17207 -0.10893 0.02539
v -0.19542 -0.09448 0.05734
v -0.18684 -0.10326 0.05816
v -0.18355 -0.09166 0.05569
v -0.17688 -0.09871 0.09976
v -0.17078 -0.10499 0.09349
v -0.16823 -0.09461 0.09482
v -0.13226 -0.12161 0.14471
v -0.12873 -0.12612 0.13746
v -0.12568 -0.11766 0.13957
v -0.06179 -0.16357 0.19446
v -0.05967 -0.16694 0.18787
v -0.05669 -0.16012 0.18984
v 0.03483 -0.22478 0.24956
v 0.03612 -0.22729 0.24410
v 0.03872 -0.22195 0.24572
v 0.15768 -0.30529 0.31014
v 0.15855 -0.30714 0.30600
v 0.16055 -0.30316 0.30722
v 0.11212 0.08147 -0.08971
v 0.10151 0.08354 -0.09305
v 0.11017 0.08589 -0.09994
v 0.10580 -0.02454 -0.13562
v 0.09582 -0.02284 -0.13663
v 0.10220 -0.02026 -0.14412
v 0.08956 -0.10569 -0.17906
v 0.08160 -0.10554 -0.17476
v 0.08249 -0.10145 -0.18278
v 0.06139 -0.16196 -0.21719
v 0.05735 -0.16394 -0.21067
v 0.05454 -0.15835 -0.21552
v 0.02314 -0.19414 -0.24879
v 0.02082 -0.19725 -0.24322
v 0.01876 -0.19095 -0.24469
v -0.02461 -0.20214 -0.27514
v -0.02682 -0.20521 -0.27094
v -0.02659 -0.19958 -0.27050
v -0.08210 -0.18579 -0.29678
v -0.08423 -0.18819 -0.29359
v -0.08264 -0.18406 -0.29263
v -0.14943 -0.14503 -0.31384
v -0.15111 -0.14677 -0.31146
v -0.14956 -0.14387 -0.31066
v -0.00407 -0.00483 -0.03055
v -0.00385 -0.01163 -0.04922
v 0.00413 0.00607 -0.04500
v 0.07748 -0.04514 -0.01601
v 0.07945 -0.05194 -0.03243
v 0.08425 -0.03504 -0.02913
v 0.12838 -0.04859 0.00114
v 0.13712 -0.05564 -0.01011
v 0.13250 -0.04054 -0.01193
v 0.14882 -0.01341 0.01165
v 0.15529 -0.01949 0.02236
v 0.16257 -0.01545 0.01122
v 0.14776 0.05408 0.03374
v 0.14403 0.04992 0.04427
v 0.15542 0.05314 0.04283
v 0.11286 0.15846 0.06304
v 0.10877 0.15477 0.07131
v 0.11797 0.15849 0.07156
v 0.04791 0.29938 0.09565
v 0.04440 0.29629 0.10208
v 0.05154 0.29973 0.10271
v -0.04667 0.47672 0.13144
v -0.04934 0.47436 0.13622
v -0.04405 0.47706 0.13679
v -0.00458 -0.05324 -0.01273
v 0.00822 -0.06821 -0.00936
v 0.01464 -0.04930 -0.00897
v -0.02713 -0.04797 0.10251
v -0.01563 -0.06145 0.10561
v -0.00982 -0.04443 0.10587
v -0.04577 -0.04235 0.19921
v -0.03559 -0.05433 0.20213
v -0.03037 -0.03922 0.20212
v -0.06050 -0.03637 0.27736
v -0.05165 -0.04684 0.28014
v -0.04700 -0.03366 0.27983
v -0.07132 -0.03004 0.33697
v -0.06382 -0.03899 0.33969
v -0.05972 -0.02775 0.33896
v -0.07822 -0.02334 0.37800
v -0.07214 -0.03074 0.38086
v -0.06849 -0.02155 0.37945
v -0.08111 -0.01627 0.40026
v -0.07681 -0.02178 0.40414
v -0.07320 -0.01536 0.40102
v -0.07942 -0.00890 0.40323
v -0.07844 -0.01151 0.40854
v -0.07381 -0.00973 0.40517
v 0.03819 -0.05686 -0.12041
v 0.04966 -0.06370 -0.11029
v 0.05388 -0.05911 -0.12583
v 0.06131 0.02277 -0.09266
v 0.06895 0.01590 -0.08163
v 0.07623 0.02091 -0.09385
v 0.06396 0.08096 -0.05250
v 0.06924 0.07290 -0.04319
v 0.07716 0.08115 -0.05018
v 0.04592 0.11782 -0.00025
v 0.05086 0.10933 0.00615
v 0.05657 0.11942 0.00439
v 0.00744 0.13339 0.06350
v 0.01243 0.12573 0.06766
v 0.01555 0.13516 0.06917
v -0.05139 0.12769 0.13862
v -0.04670 0.12134 0.14143
v -0.04530 0.12912 0.14419
v -0.13055 0.10070 0.22507
v -0.12650 0.09573 0.22702
v -0.12605 0.10175 0.22993
v -0.23003 0.05243 0.32285
v -0.22691 0.04874 0.32424
v -0.22675 0.05318 0.32659
v 0.02299 -0.06241 -0.01222
v 0.03803 -0.06814 -0.01894
v 0.02754 -0.05796 -0.02846
v 0.08574 0.04341 0.03397
v 0.09871 0.03917 0.02621
v 0.08768 0.04772 0.01900
v 0.13885 0.13418 0.05911
v 0.14275 0.13466 0.04572
v 0.13031 0.13969 0.04955
v 0.17594 0.21321 0.05625
v 0.16657 0.21572 0.04883
v 0.16539 0.21724 0.06089
v 0.19244 0.27957 0.03689
v 0.18242 0.27987 0.03389
v 0.18522 0.28379 0.04317
v 0.19419 0.33212 -0.00202
v 0.18559 0.33073 -0.00252
v 0.18872 0.33685 0.00285
v 0.18139 0.37103 -0.06169
v 0.17474 0.36916 -0.06073
v 0.17697 0.37539 -0.05851
v 0.15406 0.39635 -0.14235
v 0.14918 0.39481 -0.14123
v 0.15068 0.39971 -0.14020
v -0.01483 0.05927 -0.04513
v -0.00839 0.05484 -0.05812
v 0.00020 0.06021 -0.04684
v -0.00326 -0.03839 -0.00658
v 0.00144 -0.04216 -0.01882
v 0.00998 -0.03696 -0.00954
v 0.02239 -0.11907 0.02341
v 0.02445 -0.12222 0.01189
v 0.03299 -0.11635 0.01818
v 0.06150 -0.18239 0.04398
v 0.06166 -0.18530 0.03378
v 0.06882 -0.17838 0.03743
v 0.11379 -0.22829 0.05515
v 0.11311 -0.23104 0.04651
v 0.11771 -0.22346 0.04852
v 0.17911 -0.25676 0.05711
v 0.17829 -0.25911 0.04995
v 0.18031 -0.25195 0.05138
v 0.25750 -0.26785 0.05005
v 0.25673 -0.26960 0.04430
v 0.25707 -0.26370 0.04565
v 0.34891 -0.26156 0.03411
v 0.34828 -0.26280 0.02978
v 0.34817 -0.25840 0.03092
v -0.05887 0.14411 0.14839
v -0.07368 0.14194 0.13743
v -0.06261 0.15667 0.13525
v 0.03408 0.05787 0.03831
v 0.02110 0.05578 0.02802
v 0.03086 0.06924 0.02651
v 0.09861 0.00964 -0.02653
v 0.08857 0.00724 -0.03720
v 0.09615 0.02000 -0.03688
v 0.13181 0.00024 -0.04574
v 0.13466 -0.00378 -0.05777
v 0.13024 0.00828 -0.05582
v 0.13657 0.03098 -0.03033
v 0.14192 0.02419 -0.02330
v 0.14768 0.03129 -0.02966
v 0.11989 0.09582 0.03947
v 0.12308 0.08995 0.04590
v 0.12876 0.09625 0.04215
v 0.07473 0.19859 0.15507
v 0.07701 0.19383 0.16029
v 0.08165 0.19902 0.15771
v 0.00144 0.33932 0.31579
v 0.00309 0.33574 0.31972
v 0.00659 0.33966 0.31788
v 0.04436 -0.04361 0.04968
v 0.04899 -0.05336 0.05696
v 0.05325 -0.04121 0.05889
v -0.02736 -0.02904 0.11599
v -0.02278 -0.03783 0.12224
v -0.01836 -0.02702 0.12322
v -0.06157 -0.01206 0.17489
v -0.05589 -0.01968 0.17916
v -0.05152 -0.01045 0.17710
v -0.05634 0.00665 0.22698
v -0.04924 0.00105 0.22579
v -0.04927 0.00927 0.22185
v -0.01086 0.02771 0.26791
v -0.00649 0.02421 0.26246
v -0.00875 0.03163 0.26149
v 0.07160 0.05204 0.29793
v 0.07369 0.04963 0.29226
v 0.07196 0.05589 0.29270
v 0.19148 0.07916 0.31885
v 0.19244 0.07741 0.31403
v 0.19131 0.08244 0.31481
v 0.34917 0.10889 0.33097
v 0.34970 0.10762 0.32731
v 0.34894 0.11139 0.32798
v -0.09509 0.10096 0.08745
v -0.11344 0.10336 0.08192
v -0.09906 0.10972 0.07069
v -0.09135 -0.02085 0.02087
v -0.10848 -0.01932 0.01829
v -0.09732 -0.01216 0.00703
v -0.09312 -0.09055 -0.03972
v -0.10832 -0.09175 -0.03716
v -0.10293 -0.08095 -0.04682
v -0.10246 -0.10800 -0.09200
v -0.11517 -0.11185 -0.08944
v -0.11166 -0.09885 -0.08816
v -0.11858 -0.07374 -0.13438
v -0.12981 -0.07567 -0.13224
v -0.12352 -0.06930 -0.12488
v -0.14034 0.01195 -0.16728
v -0.14940 0.01090 -0.16409
v -0.14248 0.01389 -0.15806
v -0.16755 0.14920 -0.19147
v -0.17445 0.14840 -0.18808
v -0.16821 0.15005 -0.18382
v -0.20021 0.33805 -0.20729
v -0.20526 0.33744 -0.20451
v -0.20041 0.33852 -0.20152
v -0.22090 -0.01719 0.07094
v -0.22291 -0.01929 0.05667
v -0.22882 -0.00771 0.06323
v -0.08478 0.07085 0.03797
v -0.08689 0.06900 0.02517
v -0.09203 0.07943 0.03122
v 0.03106 0.14505 0.00411
v 0.02851 0.14346 -0.00714
v 0.02438 0.15278 -0.00149
v 0.12647 0.20544 -0.03058
v 0.12344 0.20410 -0.04022
v 0.12040 0.21232 -0.03501
v 0.20147 0.25201 -0.06613
v 0.19789 0.25090 -0.07403
v 0.19605 0.25806 -0.06937
v 0.25602 0.28480 -0.10257
v 0.25184 0.28383 -0.10845
v 0.25136 0.29000 -0.10462
v 0.29006 0.30382 -0.13992
v 0.28539 0.30289 -0.14328
v 0.28631 0.30815 -0.14097
v 0.30327 0.30905 -0.17763
v 0.29928 0.30825 -0.17922
v 0.30046 0.31234 -0.17824
v -0.06340 -0.02586 0.02672
v -0.06716 -0.02877 0.01608
v -0.06274 -0.01816 0.01800
v 0.02542 -0.05863 0.00369
v 0.02190 -0.06124 -0.00584
v 0.02492 -0.05139 -0.00388
v 0.09614 -0.06484 -0.02299
v 0.09260 -0.06686 -0.03137
v 0.09287 -0.05802 -0.02843
v 0.14832 -0.04432 -0.05364
v 0.14392 -0.04506 -0.06047
v 0.14257 -0.03881 -0.05540
v 0.18111 0.00322 -0.08832
v 0.17517 0.00342 -0.09200
v 0.17558 0.00671 -0.08585
v 0.19398 0.07762 -0.12548
v 0.18818 0.07764 -0.12610
v 0.19059 0.07962 -0.12118
v 0.18794 0.17850 -0.16473
v 0.18336 0.17818 -0.16397
v 0.18617 0.17974 -0.16060
v 0.16349 0.30582 -0.20662
v 0.16012 0.30547 -0.20576
v 0.16242 0.30668 -0.20341
v 0.02427 -0.03743 0.05443
v 0.03299 -0.04758 0.06137
v 0.02826 -0.03536 0.06882
v -0.04442 -0.07970 0.08039
v -0.03717 -0.08927 0.08672
v -0.03974 -0.07749 0.09294
v -0.09245 -0.09149 0.10938
v -0.08811 -0.10054 0.11607
v -0.08503 -0.08915 0.11860
v -0.11970 -0.07282 0.14135
v -0.11739 -0.07928 0.14938
v -0.11017 -0.07242 0.14588
v -0.12617 -0.02372 0.17647
v -0.12294 -0.02792 0.18380
v -0.11725 -0.02484 0.17749
v -0.11168 0.05568 0.21506
v -0.10662 0.05251 0.21966
v -0.10457 0.05473 0.21275
v -0.07531 0.16517 0.25683
v -0.06967 0.16305 0.25701
v -0.07181 0.16549 0.25193
v -0.01790 0.30547 0.29937
v -0.01374 0.30419 0.29812
v -0.01650 0.30619 0.29513
v 0.11966 0.04205 0.06858
v 0.09873 0.03595 0.07251
v 0.10620 0.05540 0.08004
v 0.07912 0.10254 -0.04733
v 0.06047 0.09678 -0.04331
v 0.06662 0.11500 -0.03806
v 0.04568 0.12760 -0.14147
v 0.02958 0.12218 -0.13641
v 0.03356 0.13945 -0.13628
v 0.01927 0.11723 -0.21375
v 0.00564 0.11354 -0.20735
v 0.00752 0.12734 -0.21416
v -0.00043 0.07129 -0.26298
v -0.01310 0.07165 -0.25897
v -0.00945 0.07804 -0.27004
v -0.01903 -0.00866 -0.28852
v -0.02469 -0.00633 -0.29775
v -0.01365 -0.00716 -0.29808
v -0.02658 -0.12370 -0.29996
v -0.02570 -0.12380 -0.30878
v -0.01850 -0.12380 -0.30361
v -0.02360 -0.27530 -0.28912
v -0.02229 -0.27580 -0.29562
v -0.01730 -0.27537 -0.29124
v 0.01877 0.00977 -0.00317
v 0.03235 -0.00041 -0.01754
v 0.04082 0.01169 -0.00090
v 0.02124 -0.08674 0.06584
v 0.03337 -0.09516 0.05233
v 0.04109 -0.08568 0.06818
v 0.01809 -0.16630 0.10299
v 0.02857 -0.17140 0.08954
v 0.03569 -0.16741 0.10536
v 0.01814 -0.23253 0.11307
v 0.00934 -0.22793 0.10107
v 0.02442 -0.23113 0.09889
v 0.00875 -0.27754 0.07567
v -0.00255 -0.27973 0.08243
v -0.00186 -0.26972 0.07363
v -0.01406 -0.30527 0.01644
v -0.02400 -0.30826 0.02044
v -0.02226 -0.29778 0.01715
v -0.04254 -0.31604 -0.07469
v -0.05074 -0.31859 -0.07233
v -0.04882 -0.30994 -0.07308
v -0.07671 -0.30980 -0.19789
v -0.08291 -0.31172 -0.19632
v -0.08135 -0.30523 -0.19643
v 0.13000 -0.02247 0.06480
v 0.11837 -0.03019 0.08080
v 0.11380 -0.01116 0.07257
v 0.06225 -0.06989 -0.00539
v 0.05031 -0.07631 0.00808
v 0.04737 -0.05921 0.00007
v 0.01486 -0.10991 -0.07404
v 0.00150 -0.11460 -0.06466
v 0.00159 -0.09944 -0.07233
v -0.01304 -0.14205 -0.14218
v -0.02676 -0.14535 -0.13752
v -0.02394 -0.13204 -0.14350
v -0.02146 -0.16624 -0.21031
v -0.03397 -0.16862 -0.21013
v -0.02974 -0.15704 -0.21332
v -0.01008 -0.18248 -0.27875
v -0.02010 -0.18434 -0.28173
v -0.01616 -0.17449 -0.28222
v 0.02145 -0.19089 -0.34747
v 0.01431 -0.19238 -0.35183
v 0.01702 -0.18441 -0.35071
v 0.07344 -0.19158 -0.41643
v 0.06848 -0.19271 -0.42026
v 0.07023 -0.18672 -0.41900
v 0.02906 0.01533 0.17680
v 0.02445 0.01139 0.15935
v 0.02191 0.02846 0.16594
v 0.11565 0.03906 0.14725
v 0.11051 0.03622 0.13170
v 0.10715 0.05075 0.13904
v 0.16710 0.07476 0.11561
v 0.15742 0.07456 0.10445
v 0.15525 0.08358 0.11594
v 0.17786 0.12417 0.08147
v 0.16503 0.12307 0.08258
v 0.17189 0.12859 0.09205
v 0.14944 0.18503 0.05397
v 0.14074 0.18149 0.05985
v 0.14817 0.18828 0.06449
v 0.08541 0.25701 0.02925
v 0.07971 0.25300 0.03531
v 0.08535 0.25978 0.03806
v -0.01510 0.34074 0.00560
v -0.01891 0.33711 0.01079
v -0.01483 0.34299 0.01263
v -0.15240 0.43635 -0.01723
v -0.15506 0.43353 -0.01327
v -0.15214 0.43804 -0.01196
v -0.07269 0.05785 -0.00383
v -0.07511 0.05280 -0.02319
v -0.06185 0.06709 -0.01809
v 0.03510 -0.04686 0.00886
v 0.03313 -0.05124 -0.00863
v 0.04562 -0.03905 -0.00368
v 0.10899 -0.14023 0.02275
v 0.10806 -0.14368 0.00702
v 0.12023 -0.13470 0.01260
v 0.14893 -0.22217 0.03749
v 0.15044 -0.22479 0.02371
v 0.16128 -0.21968 0.03115
v 0.15486 -0.29225 0.05103
v 0.16238 -0.29577 0.04223
v 0.16671 -0.29323 0.05323
v 0.13152 -0.35217 0.06477
v 0.13967 -0.35792 0.06625
v 0.13601 -0.35232 0.07379
v 0.07486 -0.40200 0.08510
v 0.07916 -0.40739 0.08928
v 0.07636 -0.40076 0.09292
v -0.01666 -0.44051 0.10817
v -0.01409 -0.44465 0.11175
v -0.01575 -0.43930 0.11403
v 0.13087 -0.01452 0.04375
v 0.13228 -0.02029 0.02866
v 0.13299 -0.00431 0.03133
v 0.17977 -0.01743 0.04858
v 0.17925 -0.02227 0.03481
v 0.18422 -0.00884 0.03765
v 0.19338 -0.03868 0.04767
v 0.19281 -0.03791 0.03473
v 0.20432 -0.03858 0.04069
v 0.17823 -0.07809 0.03036
v 0.18446 -0.08337 0.03825
v 0.17520 -0.07755 0.04129
v 0.12824 -0.13885 0.02167
v 0.13210 -0.14386 0.02907
v 0.12506 -0.13735 0.03075
v 0.04431 -0.21851 0.00803
v 0.04708 -0.22286 0.01429
v 0.04166 -0.21696 0.01553
v -0.07304 -0.31721 -0.01069
v -0.07101 -0.32076 -0.00565
v -0.07513 -0.31584 -0.00470
v -0.22372 -0.43496 -0.03448
v -0.22225 -0.43764 -0.03069
v -0.22528 -0.43390 -0.02999
v -0.05239 -0.10317 0.09305
v -0.05027 -0.11083 0.07085
v -0.03612 -0.09374 0.07882
v -0.01076 -0.14668 0.11027
v -0.00582 -0.15499 0.09138
v 0.00536 -0.13866 0.09903
v 0.00684 -0.16446 0.12947
v 0.01913 -0.17668 0.12202
v 0.02432 -0.15881 0.12515
v 0.00744 -0.15897 0.15245
v 0.01518 -0.17078 0.16100
v 0.02312 -0.15684 0.15714
v -0.01267 -0.13082 0.18779
v -0.01083 -0.13985 0.19853
v -0.00137 -0.12958 0.19621
v -0.05646 -0.07833 0.23153
v -0.05680 -0.08535 0.24100
v -0.04829 -0.07725 0.23996
v -0.12306 -0.00139 0.28183
v -0.12411 -0.00679 0.28950
v -0.11713 -0.00044 0.28911
v -0.21213 0.09997 0.33835
v -0.21311 0.09598 0.34411
v -0.20785 0.10071 0.34393
v 0.06484 -0.02499 -0.00212
v 0.07038 -0.03315 0.00301
v 0.07529 -0.02334 0.00128
v 0.03474 0.00457 0.07846
v 0.03908 -0.00272 0.08376
v 0.04381 0.00599 0.08243
v -0.00432 0.03489 0.13849
v -0.00205 0.02861 0.14436
v 0.00262 0.03616 0.14391
v -0.05272 0.06592 0.17880
v -0.05251 0.06074 0.18460
v -0.04839 0.06732 0.18511
v -0.11086 0.09774 0.19954
v -0.11213 0.09363 0.20463
v -0.10900 0.09941 0.20572
v -0.17900 0.13047 0.20052
v -0.18098 0.12730 0.20463
v -0.17886 0.13231 0.20575
v -0.25713 0.16415 0.18147
v -0.25922 0.16179 0.18460
v -0.25784 0.16592 0.18548
v -0.34518 0.19882 0.14220
v -0.34690 0.19710 0.14449
v -0.34595 0.20024 0.14512
v 0.09943 0.03393 0.16071
v 0.08427 0.03434 0.15685
v 0.08899 0.03997 0.17066
v 0.11201 0.12975 0.11639
v 0.09804 0.12968 0.11466
v 0.10364 0.13485 0.12649
v 0.10580 0.20985 0.07790
v 0.09353 0.20845 0.07990
v 0.10070 0.21393 0.08857
v 0.08114 0.27385 0.04661
v 0.07178 0.27082 0.05141
v 0.07874 0.27744 0.05667
v 0.03848 0.32161 0.02259
v 0.03266 0.31736 0.02860
v 0.03748 0.32495 0.03130
v -0.02194 0.35309 0.00559
v -0.02468 0.34860 0.01137
v -0.02249 0.35596 0.01284
v -0.10014 0.36836 -0.00467
v -0.10090 0.36439 0.00010
v -0.10048 0.37054 0.00118
v -0.19608 0.36745 -0.00836
v -0.19623 0.36440 -0.00479
v -0.19631 0.36901 -0.00394
v -0.01274 -0.04619 0.05441
v -0.01651 -0.05041 0.03338
v -0.02237 -0.03123 0.04186
v 0.08212 -0.00608 0.02788
v 0.07693 -0.00966 0.00932
v 0.07275 0.00765 0.01750
v 0.15598 0.02283 -0.00942
v 0.14742 0.01994 -0.02432
v 0.14652 0.03555 -0.01664
v 0.20772 0.04081 -0.05717
v 0.19629 0.03826 -0.06692
v 0.19874 0.05231 -0.06156
v 0.23692 0.04790 -0.11499
v 0.22466 0.04542 -0.11875
v 0.22867 0.05777 -0.11733
v 0.24351 0.04402 -0.18226
v 0.23294 0.04156 -0.18138
v 0.23601 0.05187 -0.18302
v 0.22786 0.02897 -0.25864
v 0.22004 0.02665 -0.25557
v 0.22144 0.03484 -0.25818
v 0.19045 0.00257 -0.34399
v 0.18492 0.00071 -0.34106
v 0.18556 0.00683 -0.34325
v 0.03947 -0.07062 0.07771
v 0.02883 -0.07304 0.07672
v 0.03198 -0.06263 0.07805
v 0.04800 -0.05614 -0.05614
v 0.03846 -0.05826 -0.05745
v 0.04123 -0.04900 -0.05551
v 0.06122 -0.02766 -0.15759
v 0.05290 -0.02925 -0.15983
v 0.05508 -0.02156 -0.15623
v 0.07913 0.01481 -0.22664
v 0.07224 0.01417 -0.22996
v 0.07342 0.01948 -0.22455
v 0.10168 0.07128 -0.26317
v 0.09662 0.07197 -0.26731
v 0.09615 0.07418 -0.26113
v 0.12749 0.14185 -0.26569
v 0.12760 0.14263 -0.27111
v 0.12312 0.14395 -0.26824
v 0.15631 0.22772 -0.23978
v 0.16017 0.22582 -0.23892
v 0.15955 0.22790 -0.24273
v 0.19418 0.32596 -0.17991
v 0.19693 0.32439 -0.17904
v 0.19685 0.32612 -0.18182
v 0.22120 0.07974 0.00638
v 0.21049 0.06975 0.02048
v 0.22110 0.08630 0.02562
v 0.13091 0.14412 -0.01501
v 0.12163 0.13508 -0.00210
v 0.13178 0.14961 0.00241
v 0.05864 0.20133 -0.02198
v 0.05143 0.19316 -0.00991
v 0.06182 0.20519 -0.00651
v 0.00451 0.25126 -0.01420
v 0.00023 0.24384 -0.00285
v 0.01078 0.25330 -0.00159
v -0.03162 0.29382 0.00906
v -0.03120 0.28677 0.01901
v -0.02199 0.29437 0.01652
v -0.04816 0.32841 0.04836
v -0.04287 0.32172 0.05389
v -0.03805 0.32924 0.04904
v -0.04360 0.35512 0.10101
v -0.03766 0.34964 0.10190
v -0.03605 0.35686 0.09854
v -0.01980 0.37472 0.16594
v -0.01526 0.37066 0.16561
v -0.01443 0.37634 0.16355
v -0.04732 0.09247 0.21254
v -0.03670 0.08419 0.20922
v -0.03743 0.09698 0.20392
v -0.02890 0.10103 0.23733
v -0.02374 0.09524 0.22755
v -0.02417 0.10771 0.22791
v -0.00882 0.08957 0.22635
v -0.01913 0.08878 0.22234
v -0.01241 0.09686 0.21879
v 0.00083 0.06057 0.18529
v -0.00881 0.05976 0.18445
v -0.00414 0.06699 0.17996
v 0.00697 0.01187 0.11452
v -0.00131 0.01108 0.11455
v 0.00225 0.01738 0.11044
v 0.01025 -0.05655 0.01324
v 0.00336 -0.05726 0.01357
v 0.00614 -0.05197 0.01005
v 0.01076 -0.14469 -0.11873
v 0.00525 -0.14528 -0.11833
v 0.00738 -0.14102 -0.12117
v 0.00850 -0.25254 -0.28143
v 0.00438 -0.25299 -0.28109
v 0.00595 -0.24979 -0.28324
v -0.10964 -0.18434 0.08023
v -0.12144 -0.19052 0.08797
v -0.11655 -0.17633 0.09143
v -0.15543 -0.15719 0.03368
v -0.16762 -0.16158 0.03861
v -0.16157 -0.15037 0.04407
v -0.17085 -0.11037 -0.00149
v -0.18313 -0.11104 -0.00237
v -0.17794 -0.10547 0.00732
v -0.15732 -0.04341 -0.02545
v -0.16583 -0.04210 -0.03195
v -0.16636 -0.03892 -0.02165
v -0.11546 0.04429 -0.04030
v -0.11862 0.04510 -0.04895
v -0.12334 0.04884 -0.04194
v -0.04337 0.15239 -0.04715
v -0.04350 0.15234 -0.05485
v -0.04876 0.15638 -0.05094
v 0.05946 0.28048 -0.04477
v 0.06042 0.28001 -0.05084
v 0.05598 0.28371 -0.04870
v 0.19282 0.42851 -0.03255
v 0.19378 0.42804 -0.03705
v 0.19045 0.43093 -0.03569
v 0.00700 -0.04529 0.05885
v 0.00605 -0.05067 0.06904
v 0.01608 -0.04581 0.06598
v -0.01787 0.02883 0.09661
v -0.01814 0.02442 0.10603
v -0.00910 0.02771 0.10208
v -0.01551 0.08263 0.12747
v -0.00687 0.07946 0.12659
v -0.01101 0.08364 0.11946
v 0.02180 0.11650 0.13795
v 0.02316 0.11461 0.13020
v 0.01929 0.12146 0.13207
v 0.08331 0.13284 0.13211
v 0.08241 0.13095 0.12549
v 0.08211 0.13765 0.12726
v 0.17314 0.12995 0.11229
v 0.17161 0.12843 0.10693
v 0.17260 0.13398 0.10819
v 0.29154 0.10777 0.07848
v 0.28999 0.10661 0.07428
v 0.29130 0.11096 0.07514
v 0.43854 0.06627 0.03065
v 0.43730 0.06543 0.02752
v 0.43841 0.06866 0.02813
v -0.15350 0.07497 0.05723
v -0.16385 0.07290 0.05136
v -0.15948 0.08413 0.05212
v -0.08052 0.05501 -0.06543
v -0.09008 0.05314 -0.07023
v -0.08618 0.06326 -0.06967
v -0.03492 0.04185 -0.16916
v -0.04396 0.04009 -0.17208
v -0.04061 0.04915 -0.17191
v -0.01702 0.03555 -0.25389
v -0.02525 0.03371 -0.25430
v -0.02270 0.04177 -0.25451
v -0.02732 0.03629 -0.31966
v -0.03367 0.03393 -0.31709
v -0.03224 0.04103 -0.31725
v -0.06612 0.04390 -0.36524
v -0.06947 0.04094 -0.36119
v -0.06865 0.04689 -0.36065
v -0.13207 0.05785 -0.38999
v -0.13340 0.05497 -0.38635
v -0.13255 0.05966 -0.38554
v -0.22465 0.07818 -0.39487
v -0.22532 0.07592 -0.39212
v -0.22459 0.07940 -0.39146
v 0.08358 -0.11320 -0.14404
v 0.06053 -0.10681 -0.14736
v 0.06872 -0.11134 -0.12510
v 0.09531 -0.00435 -0.13969
v 0.08869 -0.00779 -0.11928
v 0.10963 -0.01035 -0.12449
v 0.09593 0.07550 -0.10489
v 0.10025 0.06617 -0.08854
v 0.11435 0.07364 -0.09941
v 0.08061 0.13065 -0.05388
v 0.08653 0.11931 -0.04283
v 0.09636 0.13209 -0.04792
v 0.04447 0.16208 0.01577
v 0.05113 0.15119 0.02262
v 0.05694 0.16447 0.02276
v -0.01284 0.16982 0.10444
v -0.00632 0.16060 0.10872
v -0.00318 0.17195 0.11136
v -0.09140 0.15388 0.21223
v -0.08568 0.14659 0.21495
v -0.08405 0.15550 0.21829
v -0.19122 0.11425 0.33916
v -0.18680 0.10882 0.34101
v -0.18582 0.11542 0.34384
v -0.09603 -0.18161 -0.00604
v -0.10724 -0.18178 -0.01519
v -0.10758 -0.17329 -0.00349
v -0.05246 -0.10267 -0.06220
v -0.06267 -0.10282 -0.07026
v -0.06284 -0.09524 -0.05969
v -0.03102 -0.05926 -0.09350
v -0.04080 -0.05936 -0.09967
v -0.04009 -0.05295 -0.09007
v -0.04177 -0.04776 -0.10286
v -0.03438 -0.05439 -0.10087
v -0.03650 -0.04704 -0.09424
v -0.06435 -0.07619 -0.08079
v -0.05746 -0.08146 -0.08111
v -0.05841 -0.07596 -0.07447
v -0.10849 -0.14021 -0.03432
v -0.10273 -0.14455 -0.03486
v -0.10337 -0.14006 -0.02923
v -0.17485 -0.23983 0.03746
v -0.17023 -0.24328 0.03695
v -0.17069 -0.23971 0.04148
v -0.26346 -0.37504 0.13465
v -0.25999 -0.37762 0.13425
v -0.26033 -0.37495 0.13765
v 0.08312 0.07075 0.20114
v 0.06623 0.06701 0.20896
v 0.07983 0.07534 0.21926
v 0.05445 0.14534 0.17779
v 0.04007 0.14104 0.18595
v 0.05230 0.14969 0.19417
v 0.02701 0.17834 0.16637
v 0.02065 0.17003 0.17737
v 0.02650 0.18367 0.18058
v -0.00215 0.16961 0.17205
v 0.00924 0.16281 0.17287
v 0.00415 0.16860 0.18370
v -0.02026 0.11600 0.19134
v -0.01211 0.11228 0.18431
v -0.00961 0.11472 0.19515
v -0.03350 0.02044 0.21890
v -0.02788 0.01778 0.21173
v -0.02412 0.01977 0.22022
v -0.04363 -0.11723 0.25816
v -0.03959 -0.11923 0.25205
v -0.03606 -0.11757 0.25857
v -0.05066 -0.29712 0.30970
v -0.04773 -0.29859 0.30504
v -0.04497 -0.29732 0.30986
v -0.00686 0.01201 0.04784
v -0.01485 0.00663 0.05651
v -0.00602 0.01530 0.06034
v -0.07630 0.08995 0.03292
v -0.08450 0.08560 0.03998
v -0.07670 0.09323 0.04410
v -0.11812 0.15077 0.00562
v -0.12742 0.14804 0.00929
v -0.12157 0.15482 0.01451
v -0.13393 0.19494 -0.03391
v -0.14283 0.19331 -0.03456
v -0.13984 0.20027 -0.02956
v -0.12453 0.22303 -0.08737
v -0.13155 0.22170 -0.09044
v -0.12984 0.22871 -0.08755
v -0.08875 0.23486 -0.15562
v -0.09404 0.23371 -0.15918
v -0.09233 0.23980 -0.15778
v -0.02600 0.23011 -0.23796
v -0.02992 0.22919 -0.24122
v -0.02824 0.23404 -0.24049
v 0.06377 0.20870 -0.33401
v 0.06091 0.20801 -0.33655
v 0.06227 0.21163 -0.33609
v -0.02086 0.03477 0.01643
v -0.01074 0.02467 0.01567
v -0.00811 0.03694 0.02258
v -0.05222 -0.00385 0.09650
v -0.04341 -0.01324 0.09720
v -0.04112 -0.00183 0.10274
v -0.08781 -0.02037 0.15602
v -0.08154 -0.02910 0.15999
v -0.07900 -0.01837 0.16306
v -0.12755 -0.01503 0.19606
v -0.12556 -0.02222 0.20276
v -0.12141 -0.01315 0.20377
v -0.17205 0.01220 0.21749
v -0.17432 0.00733 0.22420
v -0.16888 0.01389 0.22529
v -0.22241 0.06166 0.22013
v -0.22658 0.05862 0.22509
v -0.22156 0.06333 0.22704
v -0.27859 0.13351 0.20322
v -0.28287 0.13156 0.20649
v -0.27894 0.13509 0.20871
v -0.34029 0.22772 0.16639
v -0.34370 0.22638 0.16862
v -0.34083 0.22899 0.17045
v 0.04293 -0.03064 0.08594
v 0.04342 -0.03532 0.07359
v 0.04824 -0.02332 0.07631
v 0.11883 -0.06446 0.10101
v 0.11715 -0.06791 0.08976
v 0.12258 -0.05758 0.09206
v 0.16082 -0.09092 0.08416
v 0.15161 -0.09199 0.07909
v 0.15787 -0.08375 0.07697
v 0.16163 -0.10771 0.03469
v 0.15334 -0.11023 0.03792
v 0.15486 -0.10145 0.03541
v 0.12289 -0.11672 -0.04032
v 0.11674 -0.11962 -0.03624
v 0.11751 -0.11179 -0.03722
v 0.04706 -0.11806 -0.14408
v 0.04228 -0.12071 -0.14036
v 0.04292 -0.11414 -0.14073
v -0.06602 -0.11152 -0.27741
v -0.06969 -0.11373 -0.27432
v -0.06915 -0.10847 -0.27443
v -0.21639 -0.09704 -0.44046
v -0.21911 -0.09872 -0.43812
v -0.21869 -0.09478 -0.43816
v 0.10104 -0.00031 -0.06491
v 0.08641 -0.00354 -0.07661
v 0.08991 0.01409 -0.07040
v 0.13283 0.00878 -0.10872
v 0.11996 0.00604 -0.11966
v 0.12224 0.02157 -0.11285
v 0.16093 0.02586 -0.14500
v 0.15005 0.02402 -0.15547
v 0.15035 0.03662 -0.14695
v 0.18526 0.05095 -0.17365
v 0.17610 0.05032 -0.18328
v 0.17493 0.05934 -0.17356
v 0.20583 0.08406 -0.19473
v 0.19783 0.08470 -0.20285
v 0.19624 0.08994 -0.19284
v 0.22257 0.12524 -0.20844
v 0.21504 0.12680 -0.21404
v 0.21453 0.12873 -0.20474
v 0.23505 0.17470 -0.21509
v 0.22775 0.17630 -0.21648
v 0.23024 0.17584 -0.20931
v 0.24333 0.23199 -0.21263
v 0.23780 0.23289 -0.21154
v 0.24145 0.23202 -0.20725
v -0.04068 -0.02469 0.02337
v -0.05247 -0.02700 0.02160
v -0.04905 -0.01672 0.02710
v -0.03741 0.01781 -0.05829
v -0.04806 0.01599 -0.05995
v -0.04485 0.02451 -0.05389
v -0.03748 0.06670 -0.10783
v -0.04714 0.06605 -0.10864
v -0.04321 0.07079 -0.10112
v -0.04271 0.12264 -0.12583
v -0.04981 0.12209 -0.12118
v -0.04223 0.12254 -0.11734
v -0.05284 0.18455 -0.10724
v -0.05202 0.18123 -0.10081
v -0.04619 0.18376 -0.10437
v -0.06176 0.25129 -0.05560
v -0.05925 0.24767 -0.05142
v -0.05575 0.25135 -0.05475
v -0.07305 0.32414 0.02815
v -0.07059 0.32097 0.03090
v -0.06822 0.32449 0.02853
v -0.08730 0.40317 0.14450
v -0.08536 0.40074 0.14641
v -0.08368 0.40350 0.14474
v 0.20479 -0.07759 -0.02727
v 0.22115 -0.08787 -0.03803
v 0.22518 -0.07789 -0.01871
v 0.18929 -0.14371 0.00940
v 0.20439 -0.15367 0.00108
v 0.20720 -0.14372 0.01809
v 0.16955 -0.20037 0.04838
v 0.18325 -0.21046 0.04352
v 0.18466 -0.19979 0.05757
v 0.14548 -0.24772 0.09060
v 0.15728 -0.25754 0.08859
v 0.15808 -0.24660 0.09952
v 0.11700 -0.28574 0.13600
v 0.12663 -0.29487 0.13618
v 0.12741 -0.28426 0.14411
v 0.08406 -0.31439 0.18455
v 0.09146 -0.32244 0.18617
v 0.09253 -0.31280 0.19148
v 0.04661 -0.33365 0.23617
v 0.05194 -0.34030 0.23852
v 0.05331 -0.33219 0.24176
v 0.00456 -0.34350 0.29090
v 0.00833 -0.34854 0.29302
v 0.00958 -0.34236 0.29509
v -0.04529 0.02045 -0.04049
v -0.06256 0.01730 -0.04520
v -0.05569 0.03408 -0.04656
v -0.02575 0.00751 -0.10648
v -0.04158 0.00434 -0.10913
v -0.03609 0.01974 -0.10984
v -0.02553 0.00937 -0.15730
v -0.03933 0.00534 -0.15506
v -0.03538 0.01920 -0.15305
v -0.04704 0.02618 -0.19001
v -0.05633 0.02098 -0.18303
v -0.05062 0.03165 -0.17909
v -0.08720 0.05634 -0.20135
v -0.09198 0.05073 -0.19330
v -0.08549 0.05919 -0.19096
v -0.14444 0.09989 -0.19373
v -0.14676 0.09470 -0.18664
v -0.14108 0.10170 -0.18548
v -0.21972 0.15732 -0.16827
v -0.22083 0.15295 -0.16257
v -0.21628 0.15859 -0.16200
v -0.31348 0.22881 -0.12516
v -0.31411 0.22547 -0.12088
v -0.31071 0.22973 -0.12055
v 0.01307 -0.11728 0.10425
v -0.00121 -0.12288 0.11024
v 0.00447 -0.10815 0.11491
v -0.05089 -0.06147 0.00616
v -0.06356 -0.06667 0.01182
v -0.05900 -0.05298 0.01520
v -0.09962 -0.03669 -0.06988
v -0.11035 -0.04152 -0.06396
v -0.10791 -0.02858 -0.06363
v -0.13307 -0.04299 -0.12366
v -0.14181 -0.04638 -0.11695
v -0.14205 -0.03598 -0.12192
v -0.15201 -0.08084 -0.15174
v -0.16173 -0.07924 -0.15102
v -0.15690 -0.07671 -0.15926
v -0.16194 -0.14718 -0.16114
v -0.16212 -0.14716 -0.16938
v -0.15491 -0.14676 -0.16542
v -0.14972 -0.24596 -0.15182
v -0.14860 -0.24697 -0.15823
v -0.14362 -0.24536 -0.15423
v -0.12173 -0.37598 -0.12020
v -0.12070 -0.37694 -0.12494
v -0.11712 -0.37543 -0.12189
v 0.05636 0.12304 0.00884
v 0.06293 0.11299 0.01995
v 0.05464 0.12623 0.02480
v -0.03105 0.06724 0.01131
v -0.02576 0.05797 0.02145
v -0.03238 0.07043 0.02562
v -0.09002 0.04284 0.01465
v -0.08778 0.03402 0.02406
v -0.08988 0.04656 0.02720
v -0.12030 0.04978 0.01890
v -0.12522 0.04462 0.02786
v -0.11599 0.05122 0.02941
v -0.11932 0.08687 0.02601
v -0.12879 0.08862 0.02788
v -0.12261 0.08672 0.03526
v -0.09552 0.15619 0.03834
v -0.09714 0.15745 0.03042
v -0.10262 0.15958 0.03610
v -0.04339 0.25841 0.04429
v -0.04346 0.25882 0.03776
v -0.04834 0.26142 0.04125
v 0.03766 0.39199 0.05061
v 0.03777 0.39218 0.04571
v 0.03409 0.39430 0.04816
v 0.14192 0.08770 -0.04753
v 0.13340 0.08295 -0.04007
v 0.13351 0.09501 -0.04238
v 0.06595 0.07003 -0.14480
v 0.05865 0.06545 -0.13788
v 0.05890 0.07642 -0.13917
v 0.00731 0.07410 -0.19715
v 0.00189 0.06921 -0.19057
v 0.00386 0.07874 -0.18921
v -0.03529 0.09997 -0.20306
v -0.03690 0.09531 -0.19602
v -0.03031 0.10083 -0.19611
v -0.05791 0.14614 -0.16082
v -0.05468 0.14154 -0.15606
v -0.05062 0.14643 -0.15978
v -0.05966 0.21311 -0.07435
v -0.05576 0.20915 -0.07175
v -0.05361 0.21374 -0.07521
v -0.04270 0.30144 0.05687
v -0.03927 0.29825 0.05836
v -0.03800 0.30214 0.05563
v -0.00738 0.41113 0.23330
v -0.00476 0.40874 0.23427
v -0.00390 0.41170 0.23226
v 0.00437 0.11893 -0.16052
v -0.01395 0.11365 -0.14714
v 0.00549 0.12207 -0.13747
v -0.02324 0.17918 -0.16719
v -0.03312 0.17197 -0.15017
v -0.01355 0.17933 -0.14860
v -0.04337 0.20293 -0.13388
v -0.03120 0.18916 -0.13084
v -0.02518 0.20671 -0.13247
v -0.04009 0.18879 -0.07753
v -0.02926 0.17825 -0.08364
v -0.02424 0.19257 -0.07768
v -0.02457 0.13933 0.00570
v -0.01593 0.13118 -0.00165
v -0.01096 0.14241 0.00502
v 0.00282 0.05420 0.11810
v 0.00969 0.04780 0.11122
v 0.01416 0.05669 0.11726
v 0.04213 -0.06668 0.26011
v 0.04745 -0.07162 0.25427
v 0.05120 -0.06473 0.25929
v 0.09337 -0.22335 0.43182
v 0.09731 -0.22701 0.42735
v 0.10017 -0.22190 0.43116
v 0.20659 0.09268 -0.00268
v 0.20932 0.08260 0.00783
v 0.20724 0.09679 0.01154
v 0.05084 0.06598 0.01313
v 0.05397 0.05677 0.02226
v 0.05215 0.06946 0.02593
v -0.06934 0.04117 0.04162
v -0.06499 0.03271 0.04869
v -0.06626 0.04377 0.05277
v -0.15353 0.01810 0.08305
v -0.14794 0.01046 0.08727
v -0.14804 0.01985 0.09167
v -0.20115 -0.00349 0.13770
v -0.19515 -0.01001 0.13837
v -0.19349 -0.00206 0.14198
v -0.21122 -0.02366 0.20447
v -0.20616 -0.02873 0.20259
v -0.20405 -0.02182 0.20419
v -0.18442 -0.04197 0.28220
v -0.18068 -0.04567 0.27947
v -0.17934 -0.03992 0.27993
v -0.12166 -0.05822 0.37119
v -0.11898 -0.06088 0.36885
v -0.11815 -0.05652 0.36906
v 0.04089 0.04134 0.00323
v 0.04496 0.03152 0.01434
v 0.05487 0.04226 0.00955
v 0.00647 0.10243 0.07165
v 0.01185 0.09333 0.08058
v 0.01977 0.10341 0.07535
v 0.00062 0.13233 0.12760
v 0.00954 0.12393 0.12870
v 0.01211 0.13507 0.12416
v 0.02751 0.13060 0.16700
v 0.03150 0.12539 0.15847
v 0.03428 0.13562 0.16031
v 0.08241 0.09937 0.18630
v 0.08196 0.09653 0.17753
v 0.08677 0.10411 0.17969
v 0.16488 0.03809 0.18892
v 0.16310 0.03628 0.18167
v 0.16784 0.04216 0.18311
v 0.27575 -0.05363 0.17559
v 0.27377 -0.05487 0.16990
v 0.27781 -0.05032 0.17083
v 0.41528 -0.17589 0.14639
v 0.41365 -0.17677 0.14217
v 0.41674 -0.17340 0.14280
v 0.00788 -0.01682 -0.03810
v 0.02221 -0.03102 -0.04388
v 0.02830 -0.01208 -0.03720
v 0.01265 -0.04925 0.04897
v 0.02569 -0.06264 0.04625
v 0.03098 -0.04509 0.05080
v 0.00463 -0.05322 0.10498
v 0.01385 -0.06583 0.11114
v 0.02033 -0.05037 0.11020
v -0.01293 -0.03024 0.13258
v -0.01579 -0.03813 0.14464
v -0.00441 -0.02884 0.14447
v -0.04631 0.02048 0.13726
v -0.05486 0.01603 0.14537
v -0.04532 0.02312 0.14953
v -0.09708 0.10037 0.11419
v -0.10562 0.09724 0.11942
v -0.09861 0.10350 0.12409
v -0.16273 0.20889 0.06240
v -0.16998 0.20655 0.06593
v -0.16484 0.21180 0.06999
v -0.24264 0.34581 -0.01802
v -0.24816 0.34410 -0.01553
v -0.24442 0.34810 -0.01243
v -0.02090 -0.18028 0.07252
v -0.02657 -0.18240 0.06404
v -0.02440 -0.17252 0.06652
v 0.05645 -0.18447 0.02118
v 0.05195 -0.18640 0.01319
v 0.05304 -0.17750 0.01592
v 0.13153 -0.17158 -0.01675
v 0.12881 -0.17324 -0.02445
v 0.12795 -0.16558 -0.02129
v 0.20443 -0.14165 -0.04137
v 0.20337 -0.14291 -0.04847
v 0.20086 -0.13677 -0.04544
v 0.27515 -0.09466 -0.05268
v 0.27547 -0.09554 -0.05886
v 0.27197 -0.09091 -0.05653
v 0.34368 -0.03060 -0.05071
v 0.34506 -0.03127 -0.05569
v 0.34130 -0.02788 -0.05446
v 0.41007 0.05052 -0.03552
v 0.41216 0.04987 -0.03907
v 0.40880 0.05234 -0.03905
v 0.47472 0.14857 -0.00708
v 0.47667 0.14798 -0.00945
v 0.47416 0.14978 -0.00991
v 0.07194 0.02013 -0.11655
v 0.08189 0.00861 -0.11460
v 0.08598 0.02296 -0.11105
v 0.03532 0.00497 -0.01312
v 0.04378 -0.00551 -0.01009
v 0.04748 0.00745 -0.00707
v -0.00683 0.00302 0.05287
v -0.00156 -0.00628 0.05888
v 0.00198 0.00525 0.06111
v -0.05402 0.01380 0.08313
v -0.05447 0.00664 0.09112
v -0.05068 0.01652 0.09296
v -0.10853 0.03763 0.07936
v -0.11334 0.03296 0.08566
v -0.10983 0.04121 0.08774
v -0.17181 0.07533 0.03979
v -0.17749 0.07217 0.04386
v -0.17469 0.07902 0.04587
v -0.24267 0.12669 -0.03646
v -0.24776 0.12447 -0.03387
v -0.24561 0.12996 -0.03219
v -0.32052 0.19156 -0.14939
v -0.32446 0.18996 -0.14762
v -0.32288 0.19409 -0.14634
v -0.00832 0.02763 0.15938
v 0.00563 0.01493 0.15561
v 0.00818 0.03354 0.15145
v 0.00710 0.03223 0.19314
v 0.02115 0.02270 0.18970
v 0.01824 0.03733 0.18091
v 0.03836 0.05116 0.19728
v 0.02906 0.05300 0.18516
v 0.02481 0.05825 0.19899
v 0.05497 0.09322 0.17359
v 0.04307 0.09313 0.16729
v 0.04463 0.10022 0.17863
v 0.07234 0.15302 0.12588
v 0.06162 0.15229 0.12166
v 0.06390 0.15942 0.13044
v 0.09125 0.23075 0.05201
v 0.08217 0.22988 0.04898
v 0.08436 0.23626 0.05584
v 0.11173 0.32646 -0.04826
v 0.10441 0.32564 -0.05046
v 0.10628 0.33094 -0.04521
v 0.13379 0.44015 -0.17500
v 0.12828 0.43950 -0.17658
v 0.12971 0.44354 -0.17271
v 0.00583 -0.01445 -0.01286
v 0.02237 -0.03024 -0.01422
v 0.02545 -0.01152 -0.00138
v -0.02558 -0.05462 0.05359
v -0.01019 -0.06801 0.05059
v -0.00798 -0.05263 0.06415
v -0.04055 -0.09284 0.08718
v -0.02750 -0.09911 0.07593
v -0.02332 -0.09460 0.09320
v -0.02365 -0.13310 0.08475
v -0.03858 -0.13274 0.07890
v -0.02698 -0.12423 0.07181
v -0.00610 -0.16464 0.03925
v -0.01897 -0.16640 0.03475
v -0.01218 -0.15481 0.03180
v 0.02694 -0.19353 -0.04123
v 0.01638 -0.19536 -0.04527
v 0.02114 -0.18498 -0.04619
v 0.07642 -0.21983 -0.15772
v 0.06805 -0.22139 -0.16110
v 0.07151 -0.21291 -0.16119
v 0.14243 -0.24355 -0.31036
v 0.13617 -0.24474 -0.31294
v 0.13868 -0.23835 -0.31284
v -0.04322 0.09795 0.02332
v -0.06191 0.09589 0.02409
v -0.05295 0.10553 0.03753
v -0.05190 0.15534 -0.01196
v -0.06879 0.15412 -0.01175
v -0.06067 0.16159 0.00110
v -0.05379 0.20986 -0.03479
v -0.06882 0.21026 -0.03557
v -0.06184 0.21414 -0.02281
v -0.04887 0.26147 -0.04500
v -0.06172 0.26359 -0.04697
v -0.05679 0.26393 -0.03476
v -0.03842 0.30954 -0.03749
v -0.04263 0.31249 -0.04754
v -0.04906 0.31321 -0.03829
v -0.02834 0.35821 -0.02413
v -0.01982 0.35483 -0.02625
v -0.02452 0.35999 -0.03255
v -0.00187 0.40133 0.00064
v 0.00464 0.39783 -0.00075
v 0.00216 0.40317 -0.00544
v 0.03157 0.44149 0.03810
v 0.03634 0.43867 0.03700
v 0.03481 0.44300 0.03373
v -0.10173 -0.00240 0.02004
v -0.09235 -0.01146 0.00939
v -0.08558 0.00164 0.01753
v -0.07076 -0.07109 0.10417
v -0.06166 -0.07957 0.09551
v -0.05598 -0.06786 0.10328
v -0.06582 -0.11981 0.16814
v -0.05634 -0.12831 0.16374
v -0.05291 -0.11780 0.17143
v -0.08520 -0.14915 0.21245
v -0.07752 -0.15775 0.21490
v -0.07690 -0.14747 0.22065
v -0.12915 -0.15970 0.24036
v -0.12690 -0.16696 0.24701
v -0.12602 -0.15724 0.24964
v -0.20070 -0.15058 0.25202
v -0.20179 -0.15599 0.25837
v -0.19993 -0.14794 0.25997
v -0.29948 -0.12153 0.24557
v -0.30161 -0.12548 0.25060
v -0.29960 -0.11918 0.25188
v -0.42489 -0.07264 0.22055
v -0.42678 -0.07550 0.22426
v -0.42516 -0.07082 0.22526
v 0.01249 -0.00661 -0.07288
v -0.00129 -0.00863 -0.07492
v 0.00470 0.00349 -0.07885
v 0.02695 -0.03799 -0.14620
v 0.01492 -0.03976 -0.14978
v 0.02076 -0.02881 -0.15236
v 0.04355 -0.04928 -0.17177
v 0.04076 -0.05227 -0.18226
v 0.04243 -0.04142 -0.17975
v 0.06476 -0.03957 -0.15779
v 0.07214 -0.04531 -0.16091
v 0.07132 -0.03608 -0.16427
v 0.09783 -0.01244 -0.09719
v 0.10430 -0.01786 -0.09759
v 0.10496 -0.01023 -0.10115
v 0.13725 0.03376 0.00992
v 0.14254 0.02912 0.01022
v 0.14354 0.03541 0.00721
v 0.18255 0.09934 0.16277
v 0.18672 0.09559 0.16326
v 0.18769 0.10059 0.16085
v 0.23366 0.18436 0.36120
v 0.23677 0.18154 0.36163
v 0.23755 0.18528 0.35983
v -0.07415 -0.03054 0.03501
v -0.08578 -0.03461 0.01502
v -0.07136 -0.01614 0.01667
v 0.02063 -0.10042 -0.00713
v 0.00876 -0.10359 -0.02433
v 0.02240 -0.08746 -0.02373
v 0.08109 -0.15685 -0.05119
v 0.06673 -0.15841 -0.06321
v 0.07987 -0.14526 -0.06593
v 0.10700 -0.19932 -0.09932
v 0.09063 -0.20029 -0.10042
v 0.09878 -0.18883 -0.10894
v 0.09286 -0.22632 -0.15090
v 0.08307 -0.23090 -0.14186
v 0.08199 -0.21803 -0.14751
v 0.04125 -0.24034 -0.19729
v 0.03599 -0.24614 -0.18854
v 0.03502 -0.23446 -0.18927
v -0.04461 -0.24152 -0.24264
v -0.04809 -0.24667 -0.23559
v -0.04790 -0.23730 -0.23492
v -0.16538 -0.22934 -0.28858
v -0.16785 -0.23329 -0.28329
v -0.16743 -0.22630 -0.28257
v 0.14581 -0.00298 -0.18415
v 0.14530 -0.01420 -0.16519
v 0.13413 0.00469 -0.16712
v 0.07646 -0.04376 -0.20979
v 0.08002 -0.05564 -0.19432
v 0.07116 -0.03812 -0.19154
v 0.01494 -0.06003 -0.19777
v 0.02146 -0.07306 -0.18785
v 0.02268 -0.05635 -0.18237
v -0.03334 -0.05308 -0.14974
v -0.02679 -0.06459 -0.14185
v -0.02033 -0.05059 -0.14185
v -0.07007 -0.02208 -0.06723
v -0.06349 -0.03161 -0.06086
v -0.05741 -0.02028 -0.06391
v -0.09647 0.03324 0.05009
v -0.09037 0.02551 0.05502
v -0.08561 0.03467 0.05117
v -0.11296 0.11295 0.20258
v -0.10774 0.10688 0.20627
v -0.10422 0.11408 0.20261
v -0.11964 0.21706 0.39034
v -0.11563 0.21254 0.39302
v -0.11309 0.21791 0.39013
v -0.04399 -0.11724 -0.07943
v -0.03083 -0.12488 -0.09703
v -0.04405 -0.10594 -0.09977
v 0.04139 -0.05151 -0.04509
v 0.05405 -0.05938 -0.05979
v 0.04369 -0.04153 -0.06336
v 0.11378 -0.00741 -0.00389
v 0.12581 -0.01622 -0.01503
v 0.12033 0.00110 -0.01909
v 0.17449 0.01455 0.04475
v 0.18485 0.00547 0.03604
v 0.18415 0.02157 0.03367
v 0.22345 0.01434 0.10104
v 0.23187 0.00597 0.09370
v 0.23452 0.01966 0.09442
v 0.26047 -0.00800 0.16513
v 0.26734 -0.01493 0.15880
v 0.27116 -0.00448 0.16218
v 0.28539 -0.05243 0.23701
v 0.29104 -0.05775 0.23187
v 0.29445 -0.05037 0.23640
v 0.29812 -0.11894 0.31682
v 0.30246 -0.12284 0.31298
v 0.30498 -0.11765 0.31690
v 0.00963 -0.01421 0.01243
v 0.00147 -0.02453 0.02972
v 0.01873 -0.01154 0.03197
v -0.04349 0.05491 0.02953
v -0.05354 0.04727 0.04445
v -0.03690 0.05696 0.04782
v -0.05542 0.10380 0.03207
v -0.07273 0.10374 0.03359
v -0.06283 0.10793 0.04724
v -0.04045 0.13661 0.02068
v -0.04992 0.13493 0.00891
v -0.05097 0.14721 0.01781
v 0.00933 0.15388 -0.01924
v 0.00206 0.15139 -0.02977
v 0.00361 0.16367 -0.02568
v 0.09581 0.15340 -0.07939
v 0.08985 0.15119 -0.08819
v 0.09237 0.16147 -0.08579
v 0.21823 0.13518 -0.15869
v 0.21349 0.13339 -0.16575
v 0.21605 0.14155 -0.16419
v 0.37641 0.09923 -0.25699
v 0.37286 0.09789 -0.26229
v 0.37492 0.10398 -0.26120
v 0.06195 -0.15335 0.14899
v 0.07513 -0.16615 0.16078
v 0.08353 -0.15269 0.14579
v 0.06990 -0.09171 0.20965
v 0.08271 -0.10217 0.22025
v 0.08890 -0.09192 0.20468
v 0.09388 -0.03783 0.24990
v 0.10745 -0.04073 0.23931
v 0.09297 -0.03324 0.23308
v 0.13321 0.01361 0.24419
v 0.12546 0.01446 0.23105
v 0.12029 0.02174 0.24345
v 0.17146 0.06378 0.21126
v 0.16244 0.06284 0.20180
v 0.16160 0.07239 0.21072
v 0.21998 0.10982 0.14845
v 0.21155 0.10839 0.14167
v 0.21239 0.11760 0.14746
v 0.27905 0.15172 0.05535
v 0.27191 0.15036 0.05051
v 0.27326 0.15816 0.05419
v 0.34870 0.18948 -0.06811
v 0.34325 0.18841 -0.07157
v 0.34444 0.19435 -0.06908
v -0.04157 -0.01782 -0.00535
v -0.03508 -0.02201 -0.02413
v -0.04809 -0.00672 -0.02106
v 0.04083 0.04997 0.00696
v 0.04677 0.04608 -0.00989
v 0.03519 0.05998 -0.00726
v 0.11407 0.10766 0.01851
v 0.11954 0.10395 0.00367
v 0.10957 0.11661 0.00572
v 0.17827 0.15521 0.02932
v 0.18324 0.15167 0.01647
v 0.17490 0.16309 0.01798
v 0.23343 0.19262 0.03936
v 0.23785 0.18927 0.02851
v 0.23122 0.19944 0.02951
v 0.27955 0.21989 0.04863
v 0.28335 0.21673 0.03976
v 0.27853 0.22565 0.04033
v 0.31666 0.23702 0.05714
v 0.31969 0.23409 0.05020
v 0.31687 0.24170 0.05050
v 0.34497 0.24393 0.06493
v 0.34718 0.24155 0.05977
v 0.34570 0.24746 0.06001
v -0.08236 0.09579 0.16789
v -0.09274 0.09072 0.17466
v -0.09097 0.10398 0.17407
v -0.14739 0.10022 0.07276
v -0.15660 0.09571 0.07910
v -0.15544 0.10764 0.07781
v -0.20141 0.08827 -0.00799
v -0.20934 0.08453 -0.00184
v -0.20921 0.09485 -0.00473
v -0.24445 0.05994 -0.07439
v -0.25129 0.05730 -0.06855
v -0.25192 0.06546 -0.07312
v -0.27651 0.01520 -0.12621
v -0.28279 0.01408 -0.12133
v -0.28324 0.01946 -0.12728
v -0.29804 -0.04601 -0.16253
v -0.30456 -0.04516 -0.16126
v -0.30199 -0.04307 -0.16708
v -0.31124 -0.12270 -0.18503
v -0.31396 -0.12165 -0.18952
v -0.30861 -0.12190 -0.18963
v -0.31072 -0.21601 -0.19604
v -0.31168 -0.21560 -0.19992
v -0.30782 -0.21567 -0.19880
v 0.18879 0.04505 -0.04358
v 0.20784 0.03651 -0.04843
v 0.19820 0.04975 -0.06225
v 0.21492 0.09251 -0.02338
v 0.23091 0.08215 -0.02035
v 0.23037 0.09509 -0.03465
v 0.22584 0.12373 0.01559
v 0.23706 0.11180 0.02068
v 0.24267 0.12655 0.01397
v 0.21973 0.13890 0.07503
v 0.22904 0.12764 0.07846
v 0.23414 0.14175 0.07809
v 0.19614 0.13858 0.15287
v 0.20425 0.12886 0.15515
v 0.20786 0.14095 0.15761
v 0.15511 0.12285 0.24861
v 0.16202 0.11482 0.25021
v 0.16443 0.12470 0.25357
v 0.09668 0.09173 0.36209
v 0.10231 0.08537 0.36324
v 0.10387 0.09313 0.36655
v 0.02086 0.04524 0.49326
v 0.02512 0.04049 0.49409
v 0.02617 0.04625 0.49674
v 0.01273 0.05968 -0.05646
v 0.02809 0.04736 -0.06460
v 0.03277 0.06162 -0.04948
v -0.00298 -0.00599 0.01124
v 0.01021 -0.01690 0.00259
v 0.01560 -0.00372 0.01544
v 0.00373 -0.04505 0.05876
v 0.01288 -0.05429 0.04774
v 0.01963 -0.04034 0.05484
v 0.03574 -0.05783 0.08349
v 0.03992 -0.06372 0.07043
v 0.03817 -0.04896 0.07174
v 0.08773 -0.04179 0.08070
v 0.08625 -0.04405 0.06820
v 0.08163 -0.03329 0.07335
v 0.15736 0.00284 0.05501
v 0.15377 0.00173 0.04504
v 0.15043 0.00989 0.05103
v 0.24717 0.07511 0.00735
v 0.24339 0.07445 -0.00025
v 0.24114 0.08069 0.00510
v 0.35790 0.17485 -0.06246
v 0.35484 0.17440 -0.06806
v 0.35328 0.17902 -0.06392
v 0.07383 -0.04902 -0.13202
v 0.08020 -0.05417 -0.14342
v 0.07451 -0.04134 -0.14376
v 0.13430 -0.02215 -0.11157
v 0.13980 -0.02607 -0.12225
v 0.13319 -0.01530 -0.12213
v 0.17069 0.00447 -0.10977
v 0.16632 0.00578 -0.12003
v 0.16085 0.00973 -0.11106
v 0.17095 0.03484 -0.12844
v 0.16190 0.03252 -0.12539
v 0.16745 0.03865 -0.12008
v 0.14119 0.06471 -0.15553
v 0.13505 0.06121 -0.15095
v 0.13832 0.06863 -0.14865
v 0.08255 0.09517 -0.19815
v 0.07811 0.09190 -0.19381
v 0.08002 0.09853 -0.19253
v -0.00534 0.12639 -0.25671
v -0.00860 0.12366 -0.25304
v -0.00743 0.12910 -0.25226
v -0.12254 0.15842 -0.33126
v -0.12491 0.15635 -0.32847
v -0.12413 0.16045 -0.32793
v 0.03571 -0.02930 -0.04882
v 0.02979 -0.02648 -0.06990
v 0.05116 -0.02763 -0.06450
v 0.03362 -0.10389 -0.05984
v 0.02969 -0.10290 -0.07929
v 0.04845 -0.10166 -0.07286
v 0.04731 -0.16636 -0.06122
v 0.04569 -0.16849 -0.07867
v 0.06071 -0.16214 -0.07191
v 0.07709 -0.21684 -0.05279
v 0.07760 -0.22125 -0.06760
v 0.08780 -0.21095 -0.06225
v 0.12268 -0.25522 -0.03465
v 0.12494 -0.26045 -0.04660
v 0.13049 -0.24889 -0.04327
v 0.18398 -0.28147 -0.00680
v 0.18714 -0.28639 -0.01616
v 0.18946 -0.27573 -0.01447
v 0.26094 -0.29556 0.03072
v 0.26421 -0.29966 0.02362
v 0.26472 -0.29087 0.02427
v 0.35356 -0.29751 0.07793
v 0.35623 -0.30061 0.07272
v 0.35623 -0.29399 0.07299
v 0.03102 -0.03074 -0.05549
v 0.01829 -0.03475 -0.04962
v 0.02700 -0.02548 -0.04250
v -0.01101 0.03970 -0.09631
v -0.02185 0.03558 -0.09018
v -0.01399 0.04435 -0.08442
v -0.05948 0.09583 -0.12656
v -0.06754 0.09108 -0.11961
v -0.06095 0.09988 -0.11573
v -0.11393 0.13742 -0.14578
v -0.11893 0.13217 -0.13860
v -0.11424 0.14090 -0.13620
v -0.17420 0.16441 -0.15393
v -0.17625 0.15906 -0.14733
v -0.17375 0.16727 -0.14569
v -0.24013 0.17678 -0.15109
v -0.23992 0.17184 -0.14574
v -0.23923 0.17893 -0.14419
v -0.31166 0.17452 -0.13739
v -0.31019 0.17040 -0.13354
v -0.31049 0.17598 -0.13187
v -0.38864 0.15764 -0.11302
v -0.38714 0.15453 -0.11034
v -0.38759 0.15863 -0.10889
v -0.03562 -0.07172 0.01028
v -0.02153 -0.08795 0.02034
v -0.01208 -0.06875 0.01010
v -0.03947 -0.02954 0.08749
v -0.02578 -0.04435 0.09451
v -0.01843 -0.02623 0.08593
v -0.03359 -0.00638 0.15563
v -0.02009 -0.01968 0.15671
v -0.01556 -0.00195 0.15166
v -0.01735 -0.00211 0.21317
v -0.00605 -0.01309 0.20790
v -0.00252 0.00314 0.20786
v 0.00908 -0.01656 0.25939
v 0.01615 -0.02428 0.24974
v 0.02103 -0.01146 0.25357
v 0.04506 -0.04946 0.29397
v 0.04797 -0.05412 0.28345
v 0.05430 -0.04513 0.28791
v 0.09012 -0.10073 0.31723
v 0.09037 -0.10335 0.30811
v 0.09678 -0.09720 0.31145
v 0.14394 -0.17035 0.32955
v 0.14350 -0.17201 0.32264
v 0.14865 -0.16766 0.32493
v -0.06225 0.19086 0.14837
v -0.05924 0.18676 0.13877
v -0.06119 0.19740 0.13975
v -0.00953 0.19907 0.16051
v -0.00939 0.19572 0.15133
v -0.00804 0.20525 0.15308
v 0.03488 0.17578 0.15391
v 0.03070 0.17453 0.14640
v 0.03693 0.18056 0.14695
v 0.07008 0.12127 0.12855
v 0.06451 0.12137 0.12338
v 0.07110 0.12488 0.12194
v 0.09609 0.03549 0.08463
v 0.09051 0.03603 0.08131
v 0.09603 0.03847 0.07883
v 0.11300 -0.08160 0.02225
v 0.10799 -0.08100 0.02024
v 0.11227 -0.07912 0.01748
v 0.12094 -0.23005 -0.05857
v 0.11678 -0.22953 -0.05969
v 0.11993 -0.22805 -0.06229
v 0.11993 -0.40987 -0.15778
v 0.11677 -0.40948 -0.15847
v 0.11904 -0.40836 -0.16052
v -0.13937 0.10061 -0.04563
v -0.13161 0.08520 -0.03406
v -0.12278 0.10399 -0.03359
v -0.18570 0.12093 0.01432
v -0.17808 0.10683 0.02395
v -0.17164 0.12423 0.02620
v -0.22911 0.12039 0.05841
v -0.22045 0.10793 0.06518
v -0.21911 0.12330 0.07136
v -0.26963 0.09897 0.08668
v -0.25979 0.08938 0.09144
v -0.26407 0.10030 0.10004
v -0.30709 0.05664 0.09903
v -0.29752 0.05017 0.10372
v -0.30524 0.05629 0.11135
v -0.34060 -0.00681 0.09529
v -0.33404 -0.01100 0.10216
v -0.34317 -0.00720 0.10534
v -0.36809 -0.09284 0.07960
v -0.37340 -0.09291 0.08599
v -0.37582 -0.08995 0.07861
v -0.39937 -0.19740 0.04635
v -0.40498 -0.19665 0.04896
v -0.40404 -0.19493 0.04305
v -0.10848 -0.13002 0.06329
v -0.12303 -0.13728 0.07331
v -0.12099 -0.11835 0.07178
v -0.14729 -0.13095 0.00922
v -0.16216 -0.13637 0.01591
v -0.15948 -0.11958 0.01339
v -0.15370 -0.14019 -0.03259
v -0.16842 -0.14275 -0.03575
v -0.16242 -0.12888 -0.03802
v -0.12924 -0.15587 -0.06918
v -0.13803 -0.15822 -0.07897
v -0.13203 -0.14630 -0.07809
v -0.06953 -0.17924 -0.10084
v -0.07403 -0.18190 -0.11103
v -0.06969 -0.17145 -0.10925
v 0.02506 -0.21071 -0.12499
v 0.02272 -0.21330 -0.13387
v 0.02584 -0.20444 -0.13215
v 0.15383 -0.25020 -0.14098
v 0.15262 -0.25245 -0.14817
v 0.15487 -0.24530 -0.14674
v 0.31656 -0.29766 -0.14868
v 0.31583 -0.29941 -0.15409
v 0.31745 -0.29402 -0.15301
v 0.13739 0.09149 0.04018
v 0.13020 0.08383 0.05656
v 0.12293 0.10049 0.04960
v 0.05194 0.02770 -0.02661
v 0.04775 0.01995 -0.01148
v 0.04016 0.03509 -0.01595
v -0.03072 -0.01843 -0.06208
v -0.02952 -0.02725 -0.04930
v -0.03668 -0.01344 -0.04859
v -0.10843 -0.04790 -0.06452
v -0.10414 -0.05723 -0.05557
v -0.10723 -0.04465 -0.05135
v -0.17983 -0.06094 -0.03479
v -0.17521 -0.06967 -0.02856
v -0.17374 -0.05861 -0.02510
v -0.24519 -0.05726 0.02608
v -0.24097 -0.06463 0.03084
v -0.23771 -0.05555 0.03206
v -0.30520 -0.03663 0.11795
v -0.30153 -0.04246 0.12158
v -0.29832 -0.03537 0.12136
v -0.36019 0.00105 0.24081
v -0.35733 -0.00329 0.24347
v -0.35484 0.00196 0.24297
v -0.11184 0.00705 -0.05625
v -0.12636 0.00910 -0.06729
v -0.12718 0.01488 -0.04989
v -0.08699 0.07619 -0.07664
v -0.09884 0.07696 -0.08812
v -0.10077 0.08482 -0.07372
v -0.05570 0.12037 -0.10720
v -0.06547 0.11891 -0.11806
v -0.06622 0.13045 -0.10901
v -0.01727 0.13961 -0.14906
v -0.02645 0.13735 -0.15776
v -0.02404 0.14938 -0.15394
v 0.02827 0.13381 -0.20168
v 0.01979 0.13195 -0.20846
v 0.02425 0.14200 -0.20785
v 0.08082 0.10295 -0.26482
v 0.07348 0.10172 -0.27019
v 0.07849 0.10937 -0.27093
v 0.14034 0.04701 -0.33835
v 0.13437 0.04627 -0.34257
v 0.13901 0.05185 -0.34370
v 0.20680 -0.03399 -0.42224
v 0.20231 -0.03447 -0.42540
v 0.20595 -0.03046 -0.42638
v -0.14439 -0.04465 -0.13068
v -0.15058 -0.04531 -0.15390
v -0.16208 -0.03056 -0.13881
v -0.09251 0.01481 -0.14677
v -0.09596 0.01263 -0.16801
v -0.10593 0.02834 -0.15699
v -0.05652 0.03416 -0.15365
v -0.05840 0.02835 -0.17188
v -0.05672 0.04708 -0.16788
v -0.03348 0.01303 -0.15387
v -0.03446 0.01020 -0.17042
v -0.02086 0.01770 -0.16396
v -0.02107 -0.04953 -0.14615
v -0.01754 -0.05169 -0.15997
v -0.00725 -0.04900 -0.15023
v -0.02004 -0.15364 -0.12881
v -0.01474 -0.15590 -0.13936
v -0.00806 -0.15431 -0.12949
v -0.03152 -0.29896 -0.10177
v -0.02622 -0.30110 -0.10950
v -0.02199 -0.29989 -0.10095
v -0.05595 -0.48535 -0.06513
v -0.05171 -0.48706 -0.07071
v -0.04885 -0.48613 -0.06416
v 0.07282 -0.01477 0.02767
v 0.08291 -0.02519 0.01294
v 0.09194 -0.00910 0.02225
v 0.09718 -0.05228 0.06960
v 0.10472 -0.06031 0.05462
v 0.11433 -0.04757 0.06417
v 0.12166 -0.07822 0.07195
v 0.10515 -0.07834 0.07106
v 0.11390 -0.06846 0.06109
v 0.11485 -0.08310 0.03441
v 0.10149 -0.08730 0.03802
v 0.10476 -0.07321 0.03753
v 0.09236 -0.07346 -0.03380
v 0.08094 -0.07720 -0.03075
v 0.08411 -0.06529 -0.02946
v 0.05529 -0.04852 -0.13816
v 0.04578 -0.05166 -0.13563
v 0.04857 -0.04184 -0.13403
v 0.00357 -0.00821 -0.27900
v -0.00405 -0.01072 -0.27699
v -0.00173 -0.00293 -0.27549
v -0.06283 0.04750 -0.45639
v -0.06854 0.04562 -0.45488
v -0.06679 0.05145 -0.45371
v 0.11329 -0.04466 0.03562
v 0.08962 -0.04640 0.03486
v 0.10066 -0.02928 0.02266
v 0.11669 -0.09181 -0.02482
v 0.09582 -0.09330 -0.02917
v 0.10751 -0.07778 -0.03807
v 0.13241 -0.11927 -0.05812
v 0.11916 -0.12211 -0.07144
v 0.12960 -0.10624 -0.07166
v 0.16200 -0.12664 -0.06869
v 0.16268 -0.13212 -0.08437
v 0.16231 -0.11579 -0.08129
v 0.20916 -0.11506 -0.05632
v 0.21629 -0.12110 -0.06708
v 0.21206 -0.10753 -0.06806
v 0.27352 -0.08490 -0.01865
v 0.28146 -0.09050 -0.02547
v 0.27772 -0.07962 -0.02843
v 0.35377 -0.03585 0.04478
v 0.36078 -0.04059 0.04045
v 0.35803 -0.03211 0.03716
v 0.44943 0.03222 0.13397
v 0.45483 0.02860 0.13104
v 0.45287 0.03490 0.12834
v 0.04244 -0.12718 0.16808
v 0.03202 -0.12902 0.15876
v 0.03278 -0.11708 0.16622
v 0.12646 -0.06552 0.06095
v 0.11692 -0.06732 0.05277
v 0.11801 -0.05627 0.05891
v 0.18767 -0.03466 -0.02381
v 0.17870 -0.03657 -0.03039
v 0.18089 -0.02613 -0.02672
v 0.22605 -0.03459 -0.08619
v 0.21730 -0.03615 -0.09048
v 0.22149 -0.02723 -0.09092
v 0.24135 -0.06530 -0.12592
v 0.23330 -0.06461 -0.12845
v 0.23949 -0.06109 -0.13302
v 0.22828 -0.12486 -0.14468
v 0.23172 -0.12513 -0.15083
v 0.23516 -0.12642 -0.14481
v 0.19961 -0.21704 -0.14277
v 0.20454 -0.21914 -0.14453
v 0.20374 -0.21804 -0.13906
v 0.14856 -0.34068 -0.11582
v 0.15225 -0.34246 -0.11686
v 0.15153 -0.34128 -0.11286
v -0.00641 0.01252 -0.01832
v -0.02147 0.00930 -0.01782
v -0.01589 0.02132 -0.00995
v -0.02296 0.07401 -0.10004
v -0.03652 0.07111 -0.10019
v -0.03191 0.08241 -0.09358
v -0.02709 0.11096 -0.17063
v -0.03906 0.10838 -0.17208
v -0.03561 0.11943 -0.16784
v -0.01925 0.12361 -0.23059
v -0.02947 0.12152 -0.23334
v -0.02612 0.13173 -0.23236
v 0.00031 0.11213 -0.28046
v -0.00784 0.11090 -0.28467
v -0.00313 0.11876 -0.28591
v 0.03212 0.07654 -0.32111
v 0.02655 0.07589 -0.32641
v 0.03211 0.08115 -0.32728
v 0.07702 0.01656 -0.35244
v 0.07373 0.01603 -0.35763
v 0.07875 0.01961 -0.35751
v 0.13527 -0.06799 -0.37384
v 0.13318 -0.06844 -0.37794
v 0.13702 -0.06588 -0.37756
v 0.01267 0.03481 -0.02899
v 0.01591 0.02088 -0.01024
v 0.00553 0.04190 -0.00766
v -0.05702 0.00229 -0.03990
v -0.05141 -0.00951 -0.02318
v -0.06407 0.00731 -0.02052
v -0.10166 -0.03959 -0.03990
v -0.08414 -0.04654 -0.03907
v -0.09394 -0.04372 -0.02319
v -0.09989 -0.09794 -0.02557
v -0.10111 -0.09902 -0.04200
v -0.08662 -0.09529 -0.03503
v -0.06798 -0.16312 -0.02059
v -0.06953 -0.16590 -0.03438
v -0.05863 -0.15805 -0.02992
v -0.00370 -0.23883 -0.00986
v -0.00468 -0.24189 -0.02121
v 0.00309 -0.23363 -0.01798
v 0.09352 -0.32529 0.00686
v 0.09296 -0.32804 -0.00215
v 0.09845 -0.32074 0.00023
v 0.22377 -0.42254 0.02960
v 0.22342 -0.42466 0.02286
v 0.22733 -0.41903 0.02460
v -0.04207 -0.05634 0.05054
v -0.03801 -0.06505 0.03163
v -0.03169 -0.04522 0.03575
v 0.04568 -0.09124 0.08418
v 0.04761 -0.09845 0.06660
v 0.05290 -0.08045 0.07017
v 0.11578 -0.10986 0.08662
v 0.11166 -0.11445 0.07080
v 0.11504 -0.09819 0.07431
v 0.16555 -0.11081 0.05485
v 0.15444 -0.11335 0.04532
v 0.15709 -0.09955 0.05012
v 0.19032 -0.09346 -0.00721
v 0.17822 -0.09587 -0.01036
v 0.18147 -0.08443 -0.00580
v 0.19293 -0.05910 -0.09743
v 0.18260 -0.06150 -0.09775
v 0.18574 -0.05204 -0.09411
v 0.17486 -0.00787 -0.21721
v 0.16667 -0.01002 -0.21651
v 0.16933 -0.00245 -0.21371
v 0.13631 0.06026 -0.36713
v 0.13022 0.05859 -0.36637
v 0.13225 0.06426 -0.36431
v 0.12630 -0.07227 -0.13804
v 0.13640 -0.08172 -0.13551
v 0.13435 -0.07106 -0.12658
v 0.04700 -0.14091 -0.07416
v 0.05642 -0.14915 -0.07235
v 0.05419 -0.14010 -0.06379
v -0.00242 -0.19903 -0.03673
v 0.00695 -0.20524 -0.03685
v 0.00418 -0.19941 -0.02764
v -0.01923 -0.24872 -0.01928
v -0.01953 -0.24775 -0.02907
v -0.01091 -0.24908 -0.02452
v -0.00319 -0.28682 -0.03797
v -0.00998 -0.28754 -0.04291
v -0.00432 -0.28146 -0.04438
v 0.03757 -0.31282 -0.08322
v 0.03238 -0.31402 -0.08781
v 0.03525 -0.30762 -0.08735
v 0.10822 -0.32824 -0.15517
v 0.10429 -0.32927 -0.15905
v 0.10592 -0.32399 -0.15804
v 0.20897 -0.33311 -0.25395
v 0.20607 -0.33389 -0.25691
v 0.20715 -0.32991 -0.25600
v 0.00235 0.11294 -0.07452
v 0.01429 0.09959 -0.07132
v 0.01609 0.11562 -0.06290
v -0.06708 0.07196 0.01850
v -0.05652 0.05980 0.02143
v -0.05412 0.07453 0.02815
v -0.11355 0.05210 0.10084
v -0.10451 0.04108 0.10378
v -0.10070 0.05471 0.10716
v -0.13688 0.05335 0.17239
v -0.12902 0.04389 0.17568
v -0.12451 0.05571 0.17430
v -0.13693 0.07561 0.23338
v -0.12912 0.06854 0.23621
v -0.12661 0.07732 0.23024
v -0.11303 0.11867 0.28391
v -0.10510 0.11426 0.28324
v -0.10737 0.12051 0.27703
v -0.06479 0.18273 0.32225
v -0.05953 0.18069 0.31766
v -0.06462 0.18542 0.31550
v 0.00505 0.26882 0.34756
v 0.00809 0.26772 0.34317
v 0.00389 0.27118 0.34279
v -0.00833 -0.05193 -0.09244
v 0.01119 -0.06166 -0.08426
v 0.01075 -0.05275 -0.10578
v 0.03089 0.06234 -0.05114
v 0.04336 0.05315 -0.03700
v 0.05127 0.05967 -0.05530
v 0.04243 0.14996 -0.00998
v 0.04623 0.14094 0.00588
v 0.06008 0.14823 -0.00425
v 0.02291 0.21148 0.03342
v 0.02445 0.20145 0.04619
v 0.03594 0.21263 0.04317
v -0.02708 0.24724 0.07646
v -0.02464 0.23725 0.08593
v -0.01909 0.24997 0.08760
v -0.10707 0.25722 0.11851
v -0.10379 0.24872 0.12577
v -0.10272 0.25987 0.12898
v -0.21686 0.24140 0.15938
v -0.21359 0.23476 0.16504
v -0.21458 0.24348 0.16817
v -0.35638 0.19977 0.19902
v -0.35377 0.19486 0.20325
v -0.35499 0.20129 0.20570
v -0.09604 0.18438 -0.09609
v -0.11245 0.17812 -0.08444
v -0.09699 0.18942 -0.07566
v -0.11992 0.22362 -0.10608
v -0.13428 0.21872 -0.09471
v -0.11858 0.22642 -0.08737
v -0.13542 0.26310 -0.10407
v -0.14374 0.25907 -0.08998
v -0.12705 0.26140 -0.08954
v -0.14262 0.30164 -0.08405
v -0.13517 0.29478 -0.07332
v -0.12800 0.29994 -0.08514
v -0.13072 0.33743 -0.05327
v -0.12028 0.33065 -0.05109
v -0.12052 0.33903 -0.06055
v -0.10653 0.37305 -0.01436
v -0.09783 0.36716 -0.01514
v -0.09902 0.37564 -0.02128
v -0.07127 0.40827 0.03573
v -0.06457 0.40344 0.03403
v -0.06555 0.41083 0.03010
v -0.02490 0.44294 0.09760
v -0.01997 0.43930 0.09605
v -0.02066 0.44498 0.09338
v 0.07746 0.01950 0.10430
v 0.06544 0.01550 0.08404
v 0.08050 0.03399 0.08554
v 0.14064 -0.02893 0.07518
v 0.12702 -0.03123 0.05869
v 0.14254 -0.01635 0.05784
v 0.16583 -0.06913 0.04012
v 0.14672 -0.06859 0.04071
v 0.15617 -0.05862 0.02740
v 0.13815 -0.09675 -0.00036
v 0.13367 -0.10433 0.01388
v 0.12715 -0.08944 0.00991
v 0.06940 -0.11883 -0.02876
v 0.06733 -0.12710 -0.01722
v 0.06419 -0.11311 -0.01669
v -0.04037 -0.13306 -0.05672
v -0.04192 -0.14033 -0.04735
v -0.04313 -0.12852 -0.04601
v -0.19242 -0.13891 -0.08499
v -0.19365 -0.14484 -0.07759
v -0.19396 -0.13538 -0.07624
v -0.38701 -0.13627 -0.11366
v -0.38793 -0.14074 -0.10813
v -0.38799 -0.13366 -0.10706
v -0.05424 -0.07456 -0.01394
v -0.04674 -0.08082 -0.02473
v -0.05103 -0.06696 -0.02593
v 0.02808 -0.04609 0.02544
v 0.03344 -0.05151 0.01478
v 0.03046 -0.03875 0.01485
v 0.09718 -0.04089 0.04231
v 0.09789 -0.04498 0.03143
v 0.09879 -0.03354 0.03342
v 0.15230 -0.05860 0.03616
v 0.14786 -0.06064 0.02722
v 0.15349 -0.05223 0.02830
v 0.19291 -0.09908 0.00698
v 0.18594 -0.09947 0.00174
v 0.19250 -0.09401 -0.00011
v 0.21863 -0.16231 -0.04474
v 0.21168 -0.16222 -0.04691
v 0.21664 -0.15817 -0.05038
v 0.22963 -0.24842 -0.11863
v 0.22382 -0.24834 -0.11900
v 0.22702 -0.24509 -0.12263
v 0.22616 -0.35752 -0.21445
v 0.22179 -0.35750 -0.21435
v 0.22392 -0.35502 -0.21725
v -0.17537 0.14270 -0.00223
v -0.18107 0.13835 0.01499
v -0.19178 0.14899 0.00403
v -0.22567 0.05595 -0.04063
v -0.22724 0.05132 -0.02457
v -0.23940 0.06023 -0.03197
v -0.27343 -0.01952 -0.05800
v -0.26196 -0.02575 -0.05076
v -0.27389 -0.02100 -0.04316
v -0.30661 -0.08798 -0.05097
v -0.29516 -0.09319 -0.05448
v -0.29737 -0.09007 -0.04199
v -0.32682 -0.14728 -0.02794
v -0.31829 -0.15267 -0.03280
v -0.31678 -0.14748 -0.02300
v -0.33767 -0.19683 0.01358
v -0.33116 -0.20230 0.00975
v -0.32870 -0.19570 0.01586
v -0.33946 -0.23670 0.07443
v -0.33440 -0.24157 0.07191
v -0.33219 -0.23516 0.07501
v -0.33223 -0.26694 0.15478
v -0.32844 -0.27069 0.15310
v -0.32679 -0.26563 0.15485
v -0.06969 -0.14018 -0.11142
v -0.07088 -0.14320 -0.13247
v -0.05319 -0.13505 -0.12386
v -0.04336 -0.20818 -0.10525
v -0.04094 -0.21212 -0.12385
v -0.02653 -0.20462 -0.11369
v -0.03994 -0.23670 -0.09714
v -0.02787 -0.24799 -0.10126
v -0.02378 -0.23398 -0.09247
v -0.05036 -0.23043 -0.07709
v -0.04738 -0.24044 -0.06646
v -0.03831 -0.22878 -0.06848
v -0.08411 -0.18718 -0.04194
v -0.08492 -0.19442 -0.03145
v -0.07517 -0.18628 -0.03285
v -0.14035 -0.10615 0.00314
v -0.14216 -0.11171 0.01204
v -0.13354 -0.10551 0.01130
v -0.21827 0.01255 0.05742
v -0.22020 0.00832 0.06455
v -0.21313 0.01304 0.06419
v -0.31769 0.16890 0.12076
v -0.31926 0.16577 0.12610
v -0.31391 0.16926 0.12590
v -0.06827 -0.06075 -0.01791
v -0.06076 -0.06243 -0.02717
v -0.07108 -0.05645 -0.02880
v -0.01913 0.02107 0.00176
v -0.01926 0.02238 -0.00899
v -0.02777 0.02551 -0.00305
v 0.00460 0.08594 -0.00881
v -0.00464 0.08680 -0.01138
v -0.00191 0.08904 -0.00242
v 0.00180 0.13207 -0.03908
v -0.00635 0.13020 -0.03809
v -0.00292 0.13654 -0.03371
v -0.02403 0.15938 -0.09379
v -0.03024 0.15687 -0.09107
v -0.02846 0.16382 -0.09021
v -0.07302 0.16802 -0.17360
v -0.07771 0.16578 -0.17055
v -0.07701 0.17174 -0.17105
v -0.14522 0.15803 -0.27863
v -0.14872 0.15623 -0.27586
v -0.14855 0.16096 -0.27676
v -0.24063 0.12943 -0.40892
v -0.24319 0.12808 -0.40676
v -0.24317 0.13160 -0.40755
v 0.01065 -0.02328 0.02361
v 0.00591 -0.02651 0.01158
v 0.00876 -0.01380 0.01442
v 0.10238 -0.03634 -0.00975
v 0.09848 -0.03936 -0.02069
v 0.10204 -0.02812 -0.01848
v 0.15221 -0.05984 -0.01885
v 0.15087 -0.06256 -0.02908
v 0.15770 -0.05480 -0.02648
v 0.16117 -0.09318 -0.00824
v 0.16771 -0.09768 -0.01315
v 0.17008 -0.09288 -0.00550
v 0.13525 -0.13959 0.02927
v 0.14128 -0.14484 0.02947
v 0.14089 -0.13900 0.03493
v 0.06918 -0.19746 0.09356
v 0.07376 -0.20211 0.09492
v 0.07325 -0.19671 0.09879
v -0.03706 -0.26640 0.18269
v -0.03364 -0.27020 0.18419
v -0.03403 -0.26570 0.18701
v -0.18337 -0.34638 0.29635
v -0.18086 -0.34925 0.29757
v -0.18114 -0.34583 0.29962
v 0.01619 0.01149 0.00683
v 0.01935 0.00223 0.01649
v 0.02767 0.01295 0.01427
v -0.03902 0.06959 0.08177
v -0.03526 0.06083 0.08965
v -0.02868 0.07123 0.08837
v -0.08428 0.09158 0.14654
v -0.07872 0.08319 0.15097
v -0.07530 0.09351 0.15259
v -0.11918 0.07735 0.20100
v -0.11220 0.07073 0.20091
v -0.11143 0.07846 0.20659
v -0.14340 0.02683 0.24509
v -0.13716 0.02300 0.24130
v -0.13594 0.02661 0.24862
v -0.15665 -0.05994 0.27820
v -0.15290 -0.06166 0.27270
v -0.14981 -0.06041 0.27872
v -0.15938 -0.18271 0.29967
v -0.15795 -0.18329 0.29439
v -0.15407 -0.18283 0.29827
v -0.15234 -0.34127 0.30959
v -0.15177 -0.34151 0.30551
v -0.14852 -0.34122 0.30804
v 0.00601 -0.07083 0.16990
v -0.01604 -0.07727 0.17594
v -0.01095 -0.05436 0.17226
v -0.02491 -0.08365 0.04841
v -0.04510 -0.08935 0.05249
v -0.03997 -0.06867 0.05078
v -0.03983 -0.07827 -0.05391
v -0.05825 -0.08290 -0.05351
v -0.05295 -0.06482 -0.05106
v -0.03885 -0.05457 -0.13742
v -0.05481 -0.05767 -0.14094
v -0.05048 -0.04317 -0.13405
v -0.02206 -0.01255 -0.20210
v -0.03449 -0.01375 -0.20895
v -0.03276 -0.00365 -0.19904
v 0.01046 0.04785 -0.24803
v 0.00233 0.04809 -0.25669
v 0.00067 0.05448 -0.24682
v 0.05861 0.12671 -0.27551
v 0.05491 0.12727 -0.28424
v 0.05065 0.13168 -0.27698
v 0.12333 0.22394 -0.28549
v 0.12183 0.22427 -0.29245
v 0.11765 0.22760 -0.28774
v 0.02119 0.00044 -0.00751
v 0.02880 -0.00725 -0.00454
v 0.03209 0.00235 -0.00933
v 0.02931 0.04151 0.08003
v 0.03595 0.03431 0.08248
v 0.03922 0.04337 0.07946
v 0.02175 0.05228 0.14673
v 0.02757 0.04554 0.14787
v 0.03019 0.05402 0.14926
v -0.00143 0.03269 0.19286
v 0.00445 0.02749 0.19308
v 0.00416 0.03331 0.19834
v -0.04013 -0.01732 0.21852
v -0.03467 -0.02100 0.21991
v -0.03772 -0.01754 0.22480
v -0.09439 -0.09781 0.22405
v -0.09051 -0.10054 0.22703
v -0.09469 -0.09787 0.22965
v -0.16469 -0.20868 0.20971
v -0.16276 -0.21060 0.21328
v -0.16657 -0.20829 0.21376
v -0.25164 -0.34969 0.17520
v -0.25067 -0.35103 0.17813
v -0.25351 -0.34922 0.17797
v -0.01502 0.02631 -0.04510
v -0.03287 0.02180 -0.03447
v -0.03176 0.03935 -0.04642
v -0.05498 -0.03292 -0.13435
v -0.07214 -0.03675 -0.12677
v -0.06946 -0.02064 -0.13676
v -0.06985 -0.06850 -0.20800
v -0.08651 -0.07167 -0.20669
v -0.08114 -0.05641 -0.21196
v -0.06006 -0.08000 -0.26748
v -0.07343 -0.08269 -0.27345
v -0.06891 -0.06867 -0.27135
v -0.02537 -0.06735 -0.31350
v -0.03276 -0.06922 -0.32373
v -0.03315 -0.05807 -0.31753
v 0.03490 -0.03070 -0.34634
v 0.03227 -0.03210 -0.35654
v 0.02867 -0.02361 -0.35125
v 0.12114 0.02976 -0.36563
v 0.12107 0.02851 -0.37404
v 0.11678 0.03504 -0.37068
v 0.23355 0.11390 -0.37101
v 0.23407 0.11289 -0.37729
v 0.23055 0.11775 -0.37512
v 0.03456 -0.02001 -0.01702
v 0.02355 -0.02366 -0.00805
v 0.03598 -0.01817 -0.00254
v -0.00515 0.07782 -0.02476
v -0.01540 0.07523 -0.01686
v -0.00382 0.07888 -0.01167
v -0.01103 0.13987 -0.02253
v -0.02200 0.14158 -0.01874
v -0.01345 0.13914 -0.01108
v 0.00752 0.16744 -0.00262
v 0.01142 0.16339 -0.01122
v 0.00881 0.17331 -0.01094
v 0.06448 0.16039 0.01459
v 0.06577 0.15693 0.00660
v 0.06810 0.16526 0.00821
v 0.15369 0.11826 0.04072
v 0.15423 0.11562 0.03390
v 0.15736 0.12203 0.03560
v 0.27505 0.04109 0.07573
v 0.27529 0.03910 0.07022
v 0.27822 0.04396 0.07171
v 0.42854 -0.07113 0.11962
v 0.42868 -0.07259 0.11547
v 0.43097 -0.06901 0.11662
v -0.12089 0.05757 -0.06390
v -0.13489 0.05318 -0.08121
v -0.12906 0.07460 -0.07648
v -0.02056 0.04801 -0.14413
v -0.03269 0.04403 -0.16007
v -0.02833 0.06336 -0.15514
v 0.06202 0.05224 -0.20464
v 0.05248 0.04875 -0.21968
v 0.05404 0.06581 -0.21368
v 0.12686 0.07026 -0.24543
v 0.12042 0.06767 -0.25972
v 0.11825 0.08162 -0.25244
v 0.17387 0.10207 -0.26645
v 0.17109 0.10132 -0.27976
v 0.16444 0.11024 -0.27191
v 0.20118 0.14810 -0.26694
v 0.20465 0.14862 -0.27773
v 0.19431 0.15236 -0.27490
v 0.20911 0.21037 -0.25750
v 0.21093 0.20670 -0.24940
v 0.21771 0.20881 -0.25506
v 0.20493 0.28264 -0.21784
v 0.20603 0.27953 -0.21189
v 0.21129 0.28186 -0.21554
v 0.06886 0.18816 0.05667
v 0.05878 0.18761 0.05101
v 0.06684 0.19525 0.04775
v 0.11681 0.10367 -0.02198
v 0.10796 0.10329 -0.02746
v 0.11555 0.10984 -0.03027
v 0.15995 0.02205 -0.08171
v 0.15272 0.02189 -0.08749
v 0.16016 0.02703 -0.08951
v 0.19850 -0.05670 -0.12283
v 0.19321 -0.05676 -0.12896
v 0.20033 -0.05299 -0.12979
v 0.23250 -0.13257 -0.14550
v 0.22954 -0.13280 -0.15178
v 0.23590 -0.13012 -0.15103
v 0.26226 -0.20562 -0.14987
v 0.26166 -0.20632 -0.15559
v 0.26659 -0.20419 -0.15343
v 0.28819 -0.27600 -0.13575
v 0.28919 -0.27720 -0.14011
v 0.29240 -0.27515 -0.13748
v 0.31042 -0.34388 -0.10256
v 0.31160 -0.34503 -0.10562
v 0.31371 -0.34328 -0.10349
v -0.20876 -0.07415 0.05571
v -0.21991 -0.08112 0.06611
v -0.21005 -0.06869 0.07151
v -0.25472 -0.02965 0.03750
v -0.26607 -0.03444 0.04620
v -0.25505 -0.02602 0.05214
v -0.26345 0.00351 0.05122
v -0.25606 0.00189 0.04016
v -0.26759 0.00870 0.03957
v -0.22661 0.02902 0.06586
v -0.22116 0.02422 0.05665
v -0.22472 0.03539 0.05619
v -0.14620 0.04409 0.09838
v -0.14235 0.03971 0.09018
v -0.14347 0.04970 0.09050
v -0.02375 0.04924 0.14847
v -0.02084 0.04556 0.14152
v -0.02107 0.05392 0.14205
v 0.14068 0.04450 0.21611
v 0.14287 0.04155 0.21050
v 0.14300 0.04823 0.21104
v 0.34708 0.02987 0.30129
v 0.34869 0.02766 0.29707
v 0.34886 0.03266 0.29751
v 0.13312 0.12649 0.06942
v 0.13957 0.11924 0.07816
v 0.13091 0.12815 0.08218
v 0.04097 0.03930 0.06584
v 0.04719 0.03246 0.07310
v 0.04010 0.04075 0.07747
v -0.02617 -0.01173 0.07690
v -0.02026 -0.01868 0.08197
v -0.02388 -0.01026 0.08698
v -0.06767 -0.02679 0.10261
v -0.06358 -0.03374 0.10693
v -0.06088 -0.02515 0.10851
v -0.08306 -0.00600 0.14286
v -0.07888 -0.01092 0.14729
v -0.07524 -0.00557 0.14287
v -0.07211 0.05070 0.19699
v -0.06720 0.04719 0.19949
v -0.06617 0.05100 0.19429
v -0.03515 0.14349 0.26461
v -0.03066 0.14096 0.26544
v -0.03120 0.14400 0.26123
v 0.02735 0.27250 0.34570
v 0.03082 0.27069 0.34596
v 0.03004 0.27299 0.34289
v 0.03712 0.09306 -0.05062
v 0.04429 0.08570 -0.05784
v 0.04727 0.09780 -0.05629
v 0.10676 0.06321 0.04787
v 0.11280 0.05681 0.04078
v 0.11574 0.06758 0.04258
v 0.16744 0.02963 0.11546
v 0.17152 0.02463 0.10776
v 0.17498 0.03373 0.11024
v 0.21928 -0.00766 0.15185
v 0.22032 -0.01078 0.14370
v 0.22499 -0.00383 0.14637
v 0.26262 -0.04864 0.15645
v 0.25944 -0.04966 0.14970
v 0.26521 -0.04488 0.15045
v 0.29615 -0.09276 0.12851
v 0.29072 -0.09307 0.12537
v 0.29510 -0.08892 0.12366
v 0.31866 -0.13996 0.06948
v 0.31374 -0.14042 0.06860
v 0.31629 -0.13657 0.06663
v 0.33107 -0.19066 -0.01994
v 0.32734 -0.19110 -0.02023
v 0.32901 -0.18806 -0.02172
v 0.10030 -0.08314 -0.06795
v 0.10347 -0.08880 -0.05301
v 0.08966 -0.08064 -0.05587
v 0.05281 -0.15991 -0.08719
v 0.06322 -0.16656 -0.07928
v 0.05164 -0.16054 -0.07258
v 0.01949 -0.20756 -0.07306
v 0.02978 -0.21554 -0.07360
v 0.02857 -0.20714 -0.06371
v 0.00187 -0.22533 -0.03152
v 0.00932 -0.23386 -0.03023
v 0.01277 -0.22305 -0.02906
v -0.00334 -0.21263 0.03931
v 0.00311 -0.21960 0.04162
v 0.00625 -0.21081 0.03871
v 0.00352 -0.16949 0.14009
v 0.00909 -0.17501 0.14231
v 0.01142 -0.16815 0.13859
v 0.02239 -0.09591 0.27100
v 0.02695 -0.10018 0.27286
v 0.02863 -0.09493 0.26938
v 0.05325 0.00809 0.43210
v 0.05671 0.00493 0.43350
v 0.05790 0.00880 0.43077
v 0.07855 -0.02642 0.04194
v 0.05584 -0.03237 0.04343
v 0.06232 -0.00994 0.04622
v 0.06583 -0.00937 -0.06492
v 0.04579 -0.01526 -0.06150
v 0.05145 0.00498 -0.05896
v 0.03421 0.00921 -0.13952
v 0.01891 0.00215 -0.13116
v 0.02356 0.02020 -0.12858
v -0.01741 0.02905 -0.17886
v -0.02458 0.02009 -0.16705
v -0.02047 0.03577 -0.16415
v -0.08587 0.04869 -0.18044
v -0.08623 0.03921 -0.17000
v -0.08226 0.05248 -0.16734
v -0.16909 0.06799 -0.14669
v -0.16672 0.05948 -0.13893
v -0.16320 0.07050 -0.13682
v -0.26841 0.08763 -0.07890
v -0.26544 0.08063 -0.07335
v -0.26256 0.08944 -0.07176
v -0.38456 0.10784 0.02280
v -0.38208 0.10255 0.02677
v -0.37991 0.10916 0.02794
v -0.13611 0.05820 -0.03271
v -0.15078 0.05833 -0.03869
v -0.13945 0.06719 -0.04532
v -0.11195 -0.02182 -0.09683
v -0.12467 -0.02137 -0.10325
v -0.11362 -0.01427 -0.10880
v -0.10404 -0.06949 -0.11915
v -0.10785 -0.06942 -0.13123
v -0.09583 -0.06662 -0.12836
v -0.10572 -0.08495 -0.10905
v -0.09816 -0.09307 -0.10912
v -0.09494 -0.08250 -0.10811
v -0.11280 -0.07234 -0.05202
v -0.10724 -0.07923 -0.04857
v -0.10348 -0.07083 -0.05093
v -0.13128 -0.02887 0.04692
v -0.12704 -0.03447 0.05059
v -0.12351 -0.02785 0.04804
v -0.16106 0.04560 0.18691
v -0.15783 0.04120 0.19012
v -0.15485 0.04633 0.18790
v -0.20210 0.15110 0.36779
v -0.19972 0.14782 0.37027
v -0.19744 0.15162 0.36856
v -0.01382 0.00235 0.08496
v -0.01908 -0.00255 0.06606
v -0.00786 0.01392 0.06948
v 0.07586 -0.05646 0.07420
v 0.07113 -0.06096 0.05721
v 0.08076 -0.04582 0.06027
v 0.12419 -0.08137 0.06667
v 0.12024 -0.08577 0.05161
v 0.12524 -0.07067 0.05458
v 0.13048 -0.06907 0.04686
v 0.12150 -0.07404 0.05661
v 0.13303 -0.06686 0.06061
v 0.09216 -0.02548 0.04824
v 0.08651 -0.03123 0.05731
v 0.09511 -0.02303 0.05976
v 0.01259 0.05192 0.05313
v 0.00826 0.04689 0.06075
v 0.01512 0.05406 0.06268
v -0.10904 0.16342 0.06136
v -0.11237 0.15931 0.06748
v -0.10700 0.16516 0.06899
v -0.27281 0.30903 0.07293
v -0.27528 0.30593 0.07753
v -0.27128 0.31035 0.07865
v 0.00468 -0.02461 -0.03189
v -0.00669 -0.02529 -0.02232
v -0.00821 -0.01791 -0.03515
v -0.01588 -0.07621 -0.05788
v -0.02706 -0.07575 -0.05051
v -0.02693 -0.07048 -0.06282
v -0.03268 -0.09463 -0.05734
v -0.02691 -0.10067 -0.06582
v -0.02177 -0.09124 -0.06068
v -0.02017 -0.08567 -0.03973
v -0.01161 -0.09150 -0.04085
v -0.01290 -0.08297 -0.04669
v 0.00881 -0.04679 0.00167
v 0.01637 -0.05153 0.00133
v 0.01500 -0.04488 -0.00447
v 0.05389 0.02221 0.06626
v 0.06025 0.01834 0.06617
v 0.05907 0.02367 0.06112
v 0.11505 0.12137 0.15396
v 0.12016 0.11831 0.15398
v 0.11920 0.12248 0.14984
v 0.19228 0.25070 0.26476
v 0.19611 0.24841 0.26479
v 0.19539 0.25152 0.26167
v -0.01517 0.05474 -0.05916
v 0.00095 0.03848 -0.06363
v 0.00748 0.05979 -0.05672
v -0.01779 0.02230 0.04334
v -0.00330 0.00743 0.04023
v 0.00260 0.02699 0.04506
v -0.01814 0.00931 0.12828
v -0.00533 -0.00425 0.12784
v 0.00002 0.01362 0.12857
v -0.01621 0.01575 0.19570
v -0.00517 0.00407 0.19862
v -0.00027 0.01904 0.19433
v -0.01188 0.04165 0.24537
v -0.00309 0.03297 0.25195
v 0.00191 0.04267 0.24319
v -0.00427 0.08693 0.27625
v -0.00054 0.08209 0.28619
v 0.00711 0.08493 0.27785
v 0.01077 0.14977 0.29128
v 0.00280 0.15021 0.29612
v 0.01089 0.14886 0.30057
v 0.02085 0.23359 0.29191
v 0.01401 0.23440 0.29316
v 0.01852 0.23398 0.29850
v 0.00655 0.04001 -0.04688
v 0.01960 0.02960 -0.04358
v 0.01421 0.04051 -0.03170
v -0.07559 -0.04959 -0.00127
v -0.06396 -0.05927 0.00106
v -0.06752 -0.04888 0.01172
v -0.13626 -0.10942 0.05277
v -0.12647 -0.11879 0.05402
v -0.12668 -0.10802 0.06234
v -0.17500 -0.13952 0.11475
v -0.16719 -0.14840 0.11612
v -0.16444 -0.13743 0.11985
v -0.19179 -0.13987 0.18454
v -0.18519 -0.14736 0.18668
v -0.18179 -0.13789 0.18503
v -0.18664 -0.11046 0.26203
v -0.18057 -0.11607 0.26401
v -0.17859 -0.10901 0.25971
v -0.15965 -0.05123 0.34714
v -0.15427 -0.05523 0.34828
v -0.15382 -0.05013 0.34380
v -0.11095 0.03791 0.43965
v -0.10677 0.03505 0.44025
v -0.10685 0.03874 0.43673
vn -0.4792 -0.0317 0.8772
vn 0.1431 -0.8407 -0.5222
vn 0.3361 0.8724 -0.3549
vn -0.5593 0.0020 0.8289
vn 0.1134 -0.8438 -0.5246
vn 0.4459 0.8418 -0.3044
vn -0.7893 0.1162 0.6029
vn 0.0645 -0.8050 -0.5898
vn 0.7248 0.6888 -0.0131
vn -0.9586 0.2844 0.0158
vn 0.2968 -0.7233 -0.6235
vn 0.6618 0.4389 0.6078
vn -0.7484 0.3386 -0.5703
vn 0.5408 -0.7860 -0.2996
vn 0.2076 0.4474 0.8699
vn -0.5094 0.3131 -0.8015
vn 0.5338 -0.8444 -0.0453
vn -0.0243 0.5313 0.8468
vn -0.3659 0.2868 -0.8854
vn 0.4817 -0.8724 0.0830
vn -0.1159 0.5855 0.8023
vn -0.3175 0.2766 -0.9070
vn 0.4578 -0.8806 0.1225
vn -0.1403 0.6040 0.7846
vn 0.6431 -0.3310 0.6905
vn -0.5816 -0.6473 -0.4927
vn -0.0615 0.9783 -0.1978
vn 0.6722 -0.3338 0.6608
vn -0.6271 -0.6410 -0.4426
vn -0.0452 0.9749 -0.2182
vn 0.7371 -0.3381 0.5851
vn -0.7170 -0.6235 -0.3117
vn -0.0201 0.9617 -0.2734
vn 0.8090 -0.3388 0.4804
vn -0.7893 -0.5992 -0.1341
vn -0.0197 0.9379 -0.3462
vn 0.8814 -0.3317 0.3363
vn -0.8154 -0.5725 0.0856
vn -0.0660 0.9042 -0.4219
vn 0.9390 -0.3110 0.1467
vn -0.7667 -0.5559 0.3210
vn -0.1723 0.8669 -0.4677
vn 0.9590 -0.2717 -0.0802
vn -0.6365 -0.5623 0.5279
vn -0.3226 0.8340 -0.4477
vn 0.9490 -0.2449 -0.1987
vn -0.5481 -0.5750 0.6074
vn -0.4008 0.8200 -0.4086
vn 0.4734 -0.3071 0.8255
vn -0.4899 -0.6595 -0.5701
vn 0.0164 0.9667 -0.2554
vn 0.3924 -0.2921 0.8722
vn -0.4870 -0.6578 -0.5746
vn 0.0946 0.9500 -0.2976
vn 0.1426 -0.2351 0.9615
vn -0.4723 -0.6397 -0.6064
vn 0.3297 0.8748 -0.3551
vn -0.2469 -0.1183 0.9618
vn -0.3889 -0.6057 -0.6942
vn 0.6358 0.7240 -0.2676
vn -0.6380 0.0376 0.7691
vn -0.1781 -0.6155 -0.7677
vn 0.8161 0.5779 -0.0014
vn -0.8517 0.1554 0.5005
vn 0.0315 -0.6772 -0.7351
vn 0.8202 0.5218 0.2347
vn -0.9307 0.2209 0.2917
vn 0.1563 -0.7374 -0.6571
vn 0.7744 0.5166 0.3654
vn -0.9465 0.2411 0.2144
vn 0.1942 -0.7611 -0.6189
vn 0.7523 0.5200 0.4045
vn 0.9385 -0.2300 -0.2575
vn -0.6901 -0.7203 0.0702
vn -0.2484 0.9504 0.1873
vn 0.9464 -0.2408 -0.2154
vn -0.6935 -0.7165 0.0752
vn -0.2528 0.9573 0.1402
vn 0.9585 -0.2681 -0.0972
vn -0.7088 -0.7002 0.0860
vn -0.2497 0.9683 0.0112
vn 0.9480 -0.3036 0.0959
vn -0.7472 -0.6590 0.0863
vn -0.2008 0.9625 -0.1822
vn 0.8492 -0.3362 0.4073
vn -0.8223 -0.5688 0.0172
vn -0.0269 0.9050 -0.4245
vn 0.5410 -0.3180 0.7786
vn -0.8585 -0.4571 -0.2323
vn 0.3175 0.7751 -0.5462
vn 0.1109 -0.2268 0.9676
vn -0.7174 -0.4424 -0.5382
vn 0.6065 0.6692 -0.4294
vn -0.0637 -0.1773 0.9821
vn -0.6141 -0.4703 -0.6339
vn 0.6778 0.6475 -0.3482
vn 0.3871 -0.2911 0.8749
vn -0.7714 -0.4982 -0.3959
vn 0.3843 0.7893 -0.4789
vn 0.4199 -0.2975 0.8574
vn -0.7783 -0.5026 -0.3763
vn 0.3584 0.8001 -0.4811
vn 0.5007 -0.3117 0.8076
vn -0.7914 -0.5161 -0.3277
vn 0.2907 0.8278 -0.4799
vn 0.6071 -0.3270 0.7242
vn -0.7995 -0.5396 -0.2638
vn 0.1924 0.8666 -0.4604
vn 0.7415 -0.3383 0.5794
vn -0.7930 -0.5799 -0.1868
vn 0.0515 0.9182 -0.3927
vn 0.8823 -0.3315 0.3340
vn -0.7612 -0.6375 -0.1189
vn -0.1212 0.9690 -0.2151
vn 0.9586 -0.2845 -0.0155
vn -0.7254 -0.6813 -0.0980
vn -0.2332 0.9658 0.1135
vn 0.9488 -0.2447 -0.1998
vn -0.7237 -0.6831 -0.0977
vn -0.2251 0.9278 0.2975
vn 0.3397 0.0854 -0.9367
vn -0.1275 -0.9054 0.4050
vn -0.2122 0.8200 0.5316
vn 0.4160 0.0567 -0.9076
vn -0.0755 -0.8842 0.4610
vn -0.3405 0.8274 0.4466
vn 0.6428 -0.0399 -0.7650
vn -0.0582 -0.7624 0.6444
vn -0.5846 0.8023 0.1205
vn 0.9185 -0.2083 -0.3361
vn -0.3808 -0.5164 0.7671
vn -0.5377 0.7247 -0.4309
vn 0.8971 -0.3283 0.2957
vn -0.8247 -0.2971 0.4813
vn -0.0724 0.6254 -0.7770
vn 0.6917 -0.3354 0.6395
vn -0.9605 -0.2472 0.1275
vn 0.2688 0.5826 -0.7670
vn 0.5410 -0.3180 0.7786
vn -0.9596 -0.2682 -0.0849
vn 0.4186 0.5862 -0.6936
vn 0.4882 -0.3097 0.8159
vn -0.9463 -0.2840 -0.1544
vn 0.4581 0.5937 -0.6616
vn -0.2339 0.2577 -0.9375
vn -0.4206 -0.8059 0.4168
vn 0.6544 0.5482 0.5207
vn -0.1523 0.2376 -0.9594
vn -0.4945 -0.7665 0.4099
vn 0.6468 0.5289 0.5495
vn 0.3564 0.0793 -0.9310
vn -0.8189 -0.5459 0.1771
vn 0.4625 0.4666 0.7539
vn 0.9096 -0.3247 0.2593
vn -0.6185 -0.5989 -0.5087
vn -0.2911 0.9236 0.2494
vn 0.7093 -0.3367 0.6193
vn -0.6083 -0.6457 -0.4617
vn -0.1010 0.9823 -0.1577
vn 0.6270 -0.3293 0.7060
vn -0.6218 -0.6383 -0.4537
vn -0.0052 0.9676 -0.2523
vn 0.5861 -0.3243 0.7425
vn -0.6288 -0.6319 -0.4531
vn 0.0427 0.9562 -0.2894
vn 0.5727 -0.3225 0.7537
vn -0.6311 -0.6295 -0.4533
vn 0.0584 0.9520 -0.3004
vn -0.5071 0.3128 -0.8031
vn 0.0543 -0.9766 0.2079
vn 0.4528 0.6639 0.5952
vn -0.5543 0.3200 -0.7684
vn 0.0579 -0.9777 0.2018
vn 0.4963 0.6578 0.5666
vn -0.6655 0.3332 -0.6679
vn 0.0699 -0.9792 0.1905
vn 0.5956 0.6460 0.4774
vn -0.7940 0.3391 -0.5045
vn 0.0972 -0.9788 0.1802
vn 0.6968 0.6397 0.3244
vn -0.9106 0.3244 -0.2560
vn 0.1571 -0.9747 0.1592
vn 0.7535 0.6503 0.0968
vn -0.9593 0.2763 0.0576
vn 0.2494 -0.9637 0.0957
vn 0.7099 0.6874 -0.1533
vn -0.9126 0.2028 0.3549
vn 0.3299 -0.9438 -0.0211
vn 0.5827 0.7410 -0.3338
vn -0.8647 0.1645 0.4746
vn 0.3529 -0.9315 -0.0877
vn 0.5118 0.7670 -0.3869
vn 0.3521 0.0809 -0.9325
vn -0.0711 -0.8994 0.4314
vn -0.2811 0.8185 0.5011
vn 0.4156 0.0569 -0.9077
vn -0.0344 -0.8765 0.4802
vn -0.3813 0.8196 0.4276
vn 0.6637 -0.0499 -0.7463
vn -0.0475 -0.7346 0.6768
vn -0.6162 0.7845 0.0695
vn 0.9392 -0.3109 0.1455
vn -0.7342 -0.3326 0.5920
vn -0.2051 0.6435 -0.7375
vn 0.4761 -0.3076 0.8239
vn -0.9395 -0.2949 -0.1741
vn 0.4635 0.6025 -0.6497
vn 0.2506 -0.2616 0.9321
vn -0.7891 -0.4250 -0.4435
vn 0.5384 0.6866 -0.4885
vn 0.1521 -0.2375 0.9594
vn -0.6737 -0.5052 -0.5394
vn 0.5215 0.7427 -0.4200
vn 0.1220 -0.2297 0.9656
vn -0.6313 -0.5317 -0.5646
vn 0.5093 0.7614 -0.4010
vn -0.8738 0.3330 -0.3543
vn 0.1557 -0.9823 0.1040
vn 0.7181 0.6493 0.2503
vn -0.8383 0.3372 -0.4284
vn 0.1287 -0.9813 0.1430
vn 0.7097 0.6441 0.2854
vn -0.6588 0.3326 -0.6748
vn 0.0056 -0.9657 0.2595
vn 0.6532 0.6331 0.4153
vn -0.0417 0.2080 -0.9772
vn -0.3261 -0.8830 0.3377
vn 0.3678 0.6750 0.6396
vn 0.6457 -0.0412 -0.7624
vn -0.5955 -0.7797 0.1936
vn -0.0502 0.8209 0.5688
vn 0.8510 -0.1549 -0.5018
vn -0.6690 -0.7379 0.0898
vn -0.1820 0.8928 0.4120
vn 0.9100 -0.2004 -0.3630
vn -0.6929 -0.7201 0.0381
vn -0.2171 0.9205 0.3250
vn 0.9236 -0.2133 -0.3186
vn -0.6990 -0.7148 0.0216
vn -0.2245 0.9281 0.2970
vn 0.8785 -0.1746 -0.4446
vn -0.8523 -0.2362 -0.4667
vn -0.0263 0.4108 0.9113
vn 0.9015 -0.1930 -0.3873
vn -0.8255 -0.2469 -0.5075
vn -0.0760 0.4399 0.8948
vn 0.9438 -0.2371 -0.2302
vn -0.7480 -0.2887 -0.5976
vn -0.1958 0.5259 0.8277
vn 0.9576 -0.2880 0.0036
vn -0.6344 -0.3818 -0.6721
vn -0.3232 0.6698 0.6685
vn 0.8909 -0.3297 0.3123
vn -0.5361 -0.5438 -0.6457
vn -0.3548 0.8735 0.3334
vn 0.7101 -0.3367 0.6184
vn -0.5974 -0.6465 -0.4746
vn -0.1128 0.9832 -0.1438
vn 0.4746 -0.3073 0.8248
vn -0.7369 -0.5533 -0.3884
vn 0.2623 0.8607 -0.4364
vn 0.3643 -0.2865 0.8861
vn -0.7738 -0.4879 -0.4039
vn 0.4095 0.7745 -0.4822
vn 0.2961 -0.2720 0.9156
vn 0.5252 -0.2870 -0.8012
vn -0.8213 0.5589 -0.1144
vn 0.3339 -0.2802 0.9000
vn 0.4808 -0.2950 -0.8257
vn -0.8147 0.5751 -0.0743
vn 0.4077 -0.2951 0.8641
vn 0.3763 -0.3256 -0.8674
vn -0.7840 0.6207 0.0033
vn 0.4782 -0.3080 0.8225
vn 0.2389 -0.3856 -0.8912
vn -0.7171 0.6936 0.0687
vn 0.5438 -0.3184 0.7764
vn 0.0391 -0.4885 -0.8717
vn -0.5830 0.8069 0.0953
vn 0.6039 -0.3266 0.7271
vn -0.2700 -0.6159 -0.7401
vn -0.3339 0.9425 0.0130
vn 0.6578 -0.3325 0.6758
vn -0.6388 -0.6370 -0.4315
vn -0.0190 0.9695 -0.2444
vn 0.6824 -0.3347 0.6499
vn -0.7741 -0.5795 -0.2550
vn 0.0917 0.9141 -0.3949
vn 0.7745 -0.3391 0.5340
vn -0.0507 -0.1865 -0.9811
vn -0.7237 0.5257 0.4471
vn 0.8678 -0.3339 0.3680
vn -0.2347 -0.1678 -0.9575
vn -0.6331 0.5018 0.5895
vn 0.9444 -0.2379 -0.2270
vn -0.7529 -0.3638 -0.5484
vn -0.1915 0.6017 0.7754
vn 0.6485 -0.0425 -0.7600
vn -0.2318 -0.8304 0.5066
vn -0.4167 0.8730 0.2534
vn 0.3612 0.0775 -0.9293
vn 0.2784 -0.7636 0.5826
vn -0.6396 0.6861 0.3467
vn 0.1975 0.1349 -0.9710
vn 0.4604 -0.7284 0.5074
vn -0.6579 0.5935 0.4636
vn 0.1018 0.1656 -0.9809
vn 0.5445 -0.7102 0.4463
vn -0.6463 0.5445 0.5346
vn 0.0682 0.1759 -0.9820
vn 0.5708 -0.7040 0.4227
vn -0.6390 0.5280 0.5594
vn -0.8109 0.3387 -0.4772
vn 0.3813 -0.8941 -0.2348
vn 0.4296 0.5554 0.7120
vn -0.8662 0.3342 -0.3716
vn 0.4032 -0.8442 -0.3533
vn 0.4630 0.5100 0.7250
vn -0.9575 0.2885 -0.0064
vn 0.3247 -0.6702 -0.6674
vn 0.6327 0.3817 0.6738
vn -0.8303 0.1413 0.5391
vn -0.0505 -0.4667 -0.8830
vn 0.8808 0.3254 0.3439
vn -0.4841 -0.0297 0.8745
vn -0.4039 -0.4257 -0.8097
vn 0.8879 0.4554 -0.0648
vn -0.2200 -0.1274 0.9671
vn -0.5319 -0.4756 -0.7006
vn 0.7519 0.6030 -0.2665
vn -0.0638 -0.1773 0.9821
vn -0.5626 -0.5232 -0.6401
vn 0.6264 0.7005 -0.3420
vn -0.0107 -0.1930 0.9811
vn -0.5657 -0.5412 -0.6222
vn 0.5763 0.7342 -0.3589
vn 0.9198 -0.3210 0.2255
vn -0.3020 0.0228 -0.9530
vn -0.6178 0.2983 0.7275
vn 0.9547 -0.2946 0.0409
vn -0.4827 0.0111 -0.8757
vn -0.4720 0.2835 0.8348
vn 0.9444 -0.2379 -0.2269
vn -0.7202 -0.1033 -0.6860
vn -0.2242 0.3412 0.9129
vn 0.9017 -0.1932 -0.3868
vn -0.8245 -0.3017 -0.4788
vn -0.0773 0.4949 0.8655
vn 0.8598 -0.1610 -0.4846
vn -0.8180 -0.5197 -0.2468
vn -0.0418 0.6807 0.7314
vn 0.8249 -0.1378 -0.5483
vn -0.7302 -0.6830 -0.0150
vn -0.0946 0.8208 0.5633
vn 0.7967 -0.1206 -0.5922
vn -0.6143 -0.7695 0.1746
vn -0.1825 0.8901 0.4176
vn 0.7848 -0.1136 -0.6092
vn -0.5585 -0.7913 0.2488
vn -0.2263 0.9049 0.3605
vn 0.1588 0.1476 -0.9762
vn 0.1603 -0.9015 0.4019
vn -0.3190 0.7539 0.5743
vn 0.2482 0.1178 -0.9615
vn 0.1600 -0.8766 0.4539
vn -0.4083 0.7587 0.5076
vn 0.5536 0.0005 -0.8328
vn 0.0460 -0.7748 0.6306
vn -0.5996 0.7743 0.2022
vn 0.9369 -0.2281 -0.2650
vn -0.4826 -0.5664 0.6680
vn -0.4543 0.7945 -0.4030
vn 0.8551 -0.3356 0.3952
vn -0.8565 -0.4852 0.1762
vn 0.0014 0.8207 -0.5713
vn 0.6785 -0.3344 0.6541
vn -0.8214 -0.5386 -0.1877
vn 0.1428 0.8730 -0.4663
vn 0.5703 -0.3222 0.7556
vn -0.7245 -0.5851 -0.3644
vn 0.1543 0.9073 -0.3913
vn 0.5335 -0.3169 0.7842
vn -0.6819 -0.6012 -0.4166
vn 0.1484 0.9181 -0.3676
vn -0.8662 0.1655 0.4716
vn 0.3385 -0.9344 -0.1105
vn 0.5276 0.7689 -0.3611
vn -0.8561 0.1585 0.4919
vn 0.4017 -0.9155 -0.0224
vn 0.4544 0.7570 -0.4694
vn -0.7473 0.0926 0.6579
vn 0.7357 -0.6562 0.1681
vn 0.0117 0.5636 -0.8260
vn 0.9477 -0.2429 -0.2072
vn -0.7101 -0.1203 -0.6937
vn -0.2375 0.3632 0.9009
vn 0.9180 -0.2079 -0.3376
vn -0.7970 -0.4367 -0.4172
vn -0.1210 0.6446 0.7549
vn 0.9087 -0.1993 -0.3668
vn -0.7873 -0.5429 -0.2923
vn -0.1215 0.7422 0.6591
vn 0.9043 -0.1954 -0.3795
vn -0.7752 -0.5900 -0.2259
vn -0.1291 0.7854 0.6054
vn 0.9029 -0.1941 -0.3836
vn -0.7702 -0.6045 -0.2034
vn -0.1327 0.7986 0.5870
vn -0.3143 -0.0946 0.9446
vn -0.6466 -0.1074 -0.7553
vn 0.9609 0.2020 -0.1893
vn -0.4922 -0.0264 0.8701
vn -0.4900 -0.1613 -0.8567
vn 0.9821 0.1877 -0.0134
vn -0.8210 0.1354 0.5546
vn -0.0698 -0.4313 -0.8995
vn 0.8908 0.2959 0.3449
vn -0.9530 0.2524 0.1676
vn 0.2144 -0.8343 -0.5079
vn 0.7386 0.5819 0.3403
vn -0.9466 0.3049 -0.1046
vn 0.2099 -0.9772 0.0319
vn 0.7367 0.6723 0.0727
vn -0.9066 0.3257 -0.2685
vn 0.1159 -0.9339 0.3383
vn 0.7907 0.6082 -0.0698
vn -0.8671 0.3340 -0.3696
vn 0.0331 -0.8736 0.4856
vn 0.8339 0.5395 -0.1159
vn -0.8498 0.3361 -0.4060
vn -0.0002 -0.8482 0.5297
vn 0.8500 0.5120 -0.1237
vn 0.7510 -0.3387 0.5669
vn -0.0848 -0.3014 -0.9497
vn -0.6661 0.6401 0.3828
vn 0.7046 -0.3363 0.6248
vn -0.0646 -0.3703 -0.9267
vn -0.6400 0.7066 0.3018
vn 0.5812 -0.3237 0.7466
vn -0.1112 -0.5556 -0.8240
vn -0.4700 0.8793 0.0773
vn 0.4123 -0.2960 0.8616
vn -0.4327 -0.6698 -0.6034
vn 0.0204 0.9659 -0.2583
vn 0.2065 -0.2511 0.9457
vn -0.7764 -0.4193 -0.4705
vn 0.5699 0.6704 -0.4752
vn -0.0095 -0.1934 0.9811
vn -0.8161 -0.1726 -0.5515
vn 0.8256 0.3660 -0.4295
vn -0.2046 -0.1326 0.9698
vn -0.7332 -0.0551 -0.6778
vn 0.9378 0.1877 -0.2920
vn -0.2885 -0.1038 0.9518
vn -0.6788 -0.0254 -0.7338
vn 0.9674 0.1292 -0.2180
vn 0.5525 0.0010 -0.8335
vn -0.9903 -0.1268 -0.0567
vn 0.4378 0.1258 0.8902
vn 0.4080 0.0598 -0.9110
vn -0.9745 -0.2013 0.0992
vn 0.5665 0.1415 0.8118
vn 0.0375 0.1851 -0.9820
vn -0.7852 -0.4825 0.3882
vn 0.7476 0.2974 0.5938
vn -0.3147 0.2760 -0.9082
vn -0.2975 -0.8721 0.3886
vn 0.6122 0.5960 0.5196
vn -0.5479 0.3190 -0.7733
vn 0.2238 -0.9707 0.0876
vn 0.3241 0.6517 0.6858
vn -0.6823 0.3347 -0.6500
vn 0.4578 -0.8743 -0.1615
vn 0.2244 0.5396 0.8115
vn -0.7602 0.3389 -0.5542
vn 0.5372 -0.7830 -0.3136
vn 0.2230 0.4441 0.8678
vn -0.7868 0.3392 -0.5156
vn 0.5535 -0.7477 -0.3668
vn 0.2333 0.4085 0.8824
vn -0.2035 0.2504 -0.9465
vn -0.7411 -0.0792 0.6667
vn 0.9447 -0.1712 0.2799
vn -0.0808 0.2187 -0.9724
vn -0.8077 0.0329 0.5887
vn 0.8885 -0.2516 0.3838
vn 0.4717 -0.3068 0.8267
vn 0.4325 -0.1149 -0.8943
vn -0.9042 0.4218 0.0676
vn 0.3705 -0.2878 0.8831
vn 0.2630 -0.4845 -0.8343
vn -0.6335 0.7722 -0.0488
vn 0.3469 -0.2829 0.8942
vn -0.1883 -0.6857 -0.7031
vn -0.1587 0.9687 -0.1911
vn 0.3365 -0.2807 0.8989
vn -0.5103 -0.6465 -0.5671
vn 0.1738 0.9272 -0.3317
vn 0.3306 -0.2795 0.9014
vn -0.6641 -0.5673 -0.4870
vn 0.3335 0.8467 -0.4145
vn 0.3285 -0.2790 0.9023
vn -0.7087 -0.5339 -0.4612
vn 0.3802 0.8129 -0.4411
vn -0.9233 0.2131 0.3196
vn 0.1562 -0.2283 -0.9610
vn 0.7671 0.0152 0.6414
vn -0.9499 0.2466 0.1918
vn 0.2767 -0.2373 -0.9312
vn 0.6732 -0.0093 0.7394
vn -0.8477 0.3364 -0.4102
vn 0.7178 -0.3849 -0.5801
vn 0.1299 0.0485 0.9903
vn -0.0591 0.2128 -0.9753
vn 0.5949 -0.7394 0.3153
vn -0.5358 0.5266 0.6600
vn 0.3503 0.0815 -0.9331
vn -0.1901 -0.9029 0.3856
vn -0.1602 0.8213 0.5475
vn 0.4925 0.0262 -0.8699
vn -0.6322 -0.7500 0.1942
vn 0.1397 0.7238 0.6757
vn 0.5585 -0.0016 -0.8295
vn -0.7839 -0.6162 0.0762
vn 0.2254 0.6178 0.7533
vn 0.5794 -0.0108 -0.8150
vn -0.8203 -0.5707 0.0379
vn 0.2409 0.5815 0.7771
vn -0.9588 0.2698 0.0893
vn 0.2697 -0.9489 0.1636
vn 0.6891 0.6792 -0.2528
vn -0.9578 0.2875 -0.0009
vn 0.2367 -0.9501 0.2034
vn 0.7211 0.6626 -0.2025
vn -0.9095 0.3248 -0.2596
vn 0.1291 -0.9495 0.2861
vn 0.7804 0.6247 -0.0266
vn -0.7118 0.3368 -0.6164
vn -0.0270 -0.9450 0.3260
vn 0.7388 0.6082 0.2903
vn -0.3327 0.2799 -0.9005
vn -0.1284 -0.9421 0.3098
vn 0.4611 0.6622 0.5907
vn 0.0231 0.1894 -0.9816
vn -0.1624 -0.9314 0.3258
vn 0.1393 0.7420 0.6558
vn 0.2495 0.1174 -0.9612
vn -0.1938 -0.9133 0.3583
vn -0.0557 0.7959 0.6029
vn 0.3251 0.0907 -0.9413
vn -0.2098 -0.9044 0.3715
vn -0.1153 0.8137 0.5698
vn -0.9577 0.2647 0.1131
vn 0.3138 -0.3819 -0.8693
vn 0.6438 0.1172 0.7561
vn -0.9520 0.2503 0.1765
vn 0.2586 -0.3916 -0.8830
vn 0.6934 0.1413 0.7066
vn -0.8882 0.1821 0.4217
vn 0.0502 -0.5042 -0.8621
vn 0.8380 0.3220 0.4404
vn -0.3475 -0.0826 0.9340
vn 0.6000 -0.7069 -0.3746
vn -0.2524 0.7895 -0.5595
vn 0.5432 -0.3183 0.7769
vn 0.2834 -0.2225 -0.9328
vn -0.8265 0.5409 0.1559
vn 0.7703 -0.3391 0.5400
vn -0.0082 -0.1243 -0.9922
vn -0.7621 0.4634 0.4522
vn 0.8379 -0.3372 0.4291
vn -0.1309 -0.0979 -0.9866
vn -0.7071 0.4351 0.5574
vn 0.8552 -0.3356 0.3950
vn -0.1672 -0.0917 -0.9816
vn -0.6880 0.4273 0.5866
vn -0.7501 0.3386 -0.5680
vn 0.3398 -0.9322 -0.1243
vn 0.4103 0.5936 0.6923
vn -0.7827 0.3392 -0.5218
vn 0.3416 -0.9267 -0.1566
vn 0.4411 0.5875 0.6784
vn -0.8601 0.3350 -0.3846
vn 0.3350 -0.9106 -0.2422
vn 0.5252 0.5756 0.6268
vn -0.9390 0.3111 -0.1468
vn 0.2952 -0.8855 -0.3588
vn 0.6438 0.5745 0.5056
vn -0.9432 0.2363 0.2334
vn 0.1975 -0.8565 -0.4768
vn 0.7457 0.6202 0.2434
vn -0.7597 0.0994 0.6427
vn 0.0939 -0.8381 -0.5374
vn 0.6657 0.7387 -0.1053
vn -0.4803 -0.0312 0.8765
vn 0.0470 -0.8177 -0.5738
vn 0.4333 0.8489 -0.3028
vn -0.3589 -0.0784 0.9301
vn 0.0325 -0.8047 -0.5928
vn 0.3263 0.8830 -0.3373
vn -0.7163 0.0762 0.6936
vn -0.0484 -0.7206 -0.6917
vn 0.7647 0.6444 -0.0020
vn -0.6384 0.0378 0.7688
vn -0.1129 -0.6951 -0.7100
vn 0.7513 0.6573 -0.0588
vn -0.4042 -0.0613 0.9126
vn -0.2751 -0.6449 -0.7130
vn 0.6793 0.7062 -0.1996
vn -0.0751 -0.1739 0.9819
vn -0.4414 -0.6164 -0.6521
vn 0.5164 0.7903 -0.3298
vn 0.2520 -0.2619 0.9316
vn -0.5500 -0.6180 -0.5617
vn 0.2980 0.8800 -0.3699
vn 0.4889 -0.3098 0.8155
vn -0.6008 -0.6299 -0.4922
vn 0.1119 0.9397 -0.3233
vn 0.6360 -0.3303 0.6974
vn -0.6243 -0.6385 -0.4500
vn -0.0116 0.9688 -0.2475
vn 0.6861 -0.3350 0.6458
vn -0.6318 -0.6412 -0.4356
vn -0.0542 0.9761 -0.2103
vn -0.9344 0.3140 -0.1685
vn 0.2850 -0.9084 -0.3059
vn 0.6493 0.5944 0.4744
vn -0.9556 0.2929 -0.0313
vn 0.2624 -0.8905 -0.3717
vn 0.6932 0.5975 0.4030
vn -0.6390 0.0381 0.7683
vn 0.0132 -0.7997 -0.6002
vn 0.6258 0.7617 -0.1680
vn 0.3911 -0.2919 0.8728
vn -0.2797 -0.6821 -0.6756
vn -0.1114 0.9740 -0.1972
vn 0.6126 -0.3276 0.7192
vn -0.3841 -0.6442 -0.6614
vn -0.2285 0.9718 -0.0578
vn 0.6823 -0.3347 0.6500
vn -0.4252 -0.6317 -0.6482
vn -0.2571 0.9664 -0.0018
vn 0.7149 -0.3370 0.6126
vn -0.4463 -0.6259 -0.6396
vn -0.2686 0.9629 0.0270
vn 0.7255 -0.3376 0.5998
vn -0.4534 -0.6240 -0.6365
vn -0.2721 0.9616 0.0367
vn -0.3623 -0.0771 0.9289
vn 0.0436 -0.8075 -0.5883
vn 0.3187 0.8846 -0.3406
vn -0.2832 -0.1057 0.9532
vn -0.0684 -0.7731 -0.6306
vn 0.3516 0.8788 -0.3226
vn -0.0540 -0.1802 0.9821
vn -0.3885 -0.6528 -0.6502
vn 0.4425 0.8331 -0.3319
vn 0.2850 -0.2695 0.9199
vn -0.7496 -0.4828 -0.4528
vn 0.4646 0.7523 -0.4671
vn 0.6396 -0.3307 0.6939
vn -0.9160 -0.3959 -0.0648
vn 0.2764 0.7265 -0.6291
vn 0.8549 -0.3356 0.3957
vn -0.8692 -0.4235 0.2551
vn 0.0143 0.7591 -0.6508
vn 0.9371 -0.3123 0.1561
vn -0.7653 -0.4818 0.4268
vn -0.1718 0.7942 -0.5829
vn 0.9520 -0.2989 0.0666
vn -0.7181 -0.5084 0.4752
vn -0.2339 0.8073 -0.5418
vn 0.2362 0.1219 -0.9640
vn 0.0225 -0.9124 0.4088
vn -0.2588 0.7904 0.5552
vn 0.1363 0.1548 -0.9785
vn 0.1144 -0.9171 0.3818
vn -0.2507 0.7623 0.5967
vn -0.2952 0.2718 -0.9160
vn 0.3990 -0.9048 0.1488
vn -0.1038 0.6330 0.7671
vn -0.9219 0.3202 -0.2182
vn 0.3530 -0.8341 -0.4239
vn 0.5689 0.5139 0.6420
vn -0.9114 0.2016 0.3589
vn 0.1717 -0.8653 -0.4710
vn 0.7396 0.6636 0.1121
vn -0.8228 0.1365 0.5516
vn 0.1629 -0.8803 -0.4455
vn 0.6599 0.7438 -0.1062
vn -0.7669 0.1034 0.6334
vn 0.1721 -0.8829 -0.4369
vn 0.5948 0.7795 -0.1964
vn -0.7473 0.0926 0.6580
vn 0.1764 -0.8828 -0.4353
vn 0.5709 0.7902 -0.2227
vn -0.5476 -0.0031 0.8367
vn -0.3472 -0.4434 -0.8264
vn 0.8947 0.4465 -0.0104
vn -0.6906 0.0631 0.7205
vn -0.2151 -0.4637 -0.8595
vn 0.9056 0.4006 0.1390
vn -0.9592 0.2737 0.0704
vn 0.2716 -0.7071 -0.6528
vn 0.6877 0.4335 0.5825
vn -0.7010 0.3361 -0.6290
vn 0.1916 -0.9798 0.0578
vn 0.5094 0.6437 0.5711
vn -0.4497 0.3030 -0.8402
vn -0.1163 -0.9409 0.3180
vn 0.5660 0.6380 0.5222
vn -0.3191 0.2770 -0.9063
vn -0.2745 -0.8842 0.3781
vn 0.5935 0.6072 0.5283
vn -0.2449 0.2603 -0.9340
vn -0.3588 -0.8464 0.3936
vn 0.6037 0.5861 0.5404
vn -0.2191 0.2541 -0.9420
vn -0.3870 -0.8326 0.3962
vn 0.6061 0.5785 0.5459
vn -0.8989 0.1907 0.3945
vn 0.4593 -0.8660 0.1977
vn 0.4396 0.6753 -0.5923
vn -0.8470 0.1522 0.5094
vn 0.5034 -0.8568 0.1115
vn 0.3436 0.7046 -0.6209
vn -0.5812 0.0116 0.8137
vn 0.5298 -0.8179 -0.2244
vn 0.0515 0.8063 -0.5893
vn -0.0173 -0.1911 0.9814
vn 0.1524 -0.7432 -0.6515
vn -0.1351 0.9343 -0.3299
vn 0.4373 -0.3007 0.8476
vn -0.4110 -0.6718 -0.6162
vn -0.0263 0.9725 -0.2314
vn 0.6454 -0.3313 0.6883
vn -0.6658 -0.6273 -0.4041
vn 0.0204 0.9585 -0.2842
vn 0.7414 -0.3383 0.5796
vn -0.7544 -0.6063 -0.2516
vn 0.0130 0.9446 -0.3280
vn 0.7704 -0.3391 0.5399
vn -0.7749 -0.6005 -0.1976
vn 0.0045 0.9396 -0.3424
vn -0.7068 0.0713 0.7038
vn 0.0724 -0.8296 -0.5536
vn 0.6344 0.7583 -0.1502
vn -0.7490 0.0935 0.6559
vn -0.0707 -0.6587 -0.7491
vn 0.8197 0.5652 0.0932
vn -0.8965 0.1888 0.4009
vn 0.0799 -0.1915 -0.9782
vn 0.8165 0.0028 0.5773
vn -0.6930 0.3355 -0.6381
vn 0.8742 -0.3414 -0.3454
vn -0.1811 0.0059 0.9834
vn 0.0340 0.1862 -0.9819
vn 0.7369 -0.5158 0.4369
vn -0.7709 0.3296 0.5450
vn 0.2473 0.1181 -0.9617
vn 0.5714 -0.5622 0.5978
vn -0.8188 0.4441 0.3639
vn 0.3310 0.0886 -0.9395
vn 0.4840 -0.5889 0.6472
vn -0.8150 0.5003 0.2922
vn 0.3558 0.0795 -0.9312
vn 0.4545 -0.5987 0.6595
vn -0.8103 0.5192 0.2716
vn -0.1762 0.2436 -0.9537
vn -0.1009 -0.9484 0.3007
vn 0.2771 0.7048 0.6531
vn -0.1944 0.2481 -0.9490
vn -0.1163 -0.9457 0.3034
vn 0.3107 0.6976 0.6456
vn -0.3342 0.2802 -0.8999
vn -0.2204 -0.9087 0.3545
vn 0.5546 0.6285 0.5454
vn -0.0990 -0.1665 0.9811
vn 0.1987 -0.7602 -0.6186
vn -0.0996 0.9267 -0.3624
vn 0.0466 -0.2093 0.9767
vn -0.0402 -0.7421 -0.6690
vn -0.0064 0.9515 -0.3077
vn 0.0763 -0.2175 0.9731
vn -0.0934 -0.7356 -0.6709
vn 0.0171 0.9531 -0.3021
vn 0.0891 -0.2210 0.9712
vn -0.1166 -0.7324 -0.6708
vn 0.0275 0.9534 -0.3004
vn 0.0931 -0.2220 0.9706
vn -0.1238 -0.7314 -0.6706
vn 0.0308 0.9534 -0.3000
vn 0.6907 -0.3353 0.6407
vn -0.5784 -0.6477 -0.4958
vn -0.1123 0.9831 -0.1448
vn 0.6396 -0.3307 0.6939
vn -0.5277 -0.6518 -0.5448
vn -0.1120 0.9825 -0.1492
vn 0.4668 -0.3060 0.8297
vn -0.3509 -0.6714 -0.6528
vn -0.1159 0.9774 -0.1770
vn 0.1199 -0.2292 0.9660
vn -0.0210 -0.7261 -0.6873
vn -0.0989 0.9553 -0.2787
vn -0.3890 -0.0671 0.9188
vn 0.3172 -0.8237 -0.4700
vn 0.0718 0.8908 -0.4488
vn -0.7446 0.0911 0.6612
vn 0.3979 -0.8987 -0.1842
vn 0.3467 0.8076 -0.4770
vn -0.8851 0.1796 0.4294
vn 0.3599 -0.9324 -0.0325
vn 0.5251 0.7528 -0.3969
vn -0.9158 0.2057 0.3450
vn 0.3376 -0.9413 0.0081
vn 0.5782 0.7355 -0.3530
vn 0.2263 -0.2559 0.9399
vn -0.6992 -0.5089 -0.5022
vn 0.4729 0.7647 -0.4377
vn 0.2965 -0.2721 0.9155
vn -0.7580 -0.4788 -0.4430
vn 0.4614 0.7509 -0.4725
vn 0.4915 -0.3102 0.8138
vn -0.8754 -0.4169 -0.2447
vn 0.3839 0.7271 -0.5691
vn 0.7566 -0.3388 0.5592
vn -0.9120 -0.3983 0.0985
vn 0.1553 0.7371 -0.6577
vn 0.9479 -0.3036 0.0963
vn -0.7339 -0.4978 0.4622
vn -0.2141 0.8014 -0.5585
vn 0.9181 -0.2080 -0.3373
vn -0.4747 -0.6514 0.5919
vn -0.4434 0.8594 -0.2546
vn 0.8027 -0.1241 -0.5834
vn -0.3307 -0.7572 0.5632
vn -0.4720 0.8814 0.0201
vn 0.7486 -0.0933 -0.6564
vn -0.2965 -0.7905 0.5359
vn -0.4521 0.8838 0.1204
vn -0.3846 0.2906 -0.8761
vn -0.3965 -0.7785 0.4865
vn 0.7811 0.4879 0.3896
vn -0.6003 0.3261 -0.7303
vn -0.2428 -0.8203 0.5179
vn 0.8431 0.4941 0.2124
vn -0.9592 0.2800 0.0388
vn 0.2483 -0.9563 0.1543
vn 0.7109 0.6763 -0.1931
vn -0.7907 0.1170 0.6009
vn 0.1907 -0.8932 -0.4072
vn 0.6001 0.7762 -0.1937
vn -0.6317 0.0346 0.7744
vn 0.0302 -0.8107 -0.5847
vn 0.6015 0.7760 -0.1897
vn -0.5415 -0.0057 0.8407
vn -0.0647 -0.7643 -0.6416
vn 0.6062 0.7700 -0.1991
vn -0.4867 -0.0286 0.8731
vn -0.1218 -0.7371 -0.6647
vn 0.6086 0.7657 -0.2083
vn -0.4669 -0.0366 0.8835
vn -0.1423 -0.7274 -0.6713
vn 0.6092 0.7641 -0.2123
vn 0.6411 -0.3308 0.6925
vn -0.9833 -0.0145 0.1814
vn 0.3422 0.3453 -0.8739
vn 0.7705 -0.3391 0.5398
vn -0.9286 -0.0501 0.3677
vn 0.1581 0.3892 -0.9075
vn 0.9592 -0.2803 -0.0371
vn -0.5644 -0.2516 0.7862
vn -0.3948 0.5319 -0.7492
vn 0.7933 -0.1186 -0.5972
vn -0.0888 -0.5522 0.8289
vn -0.7045 0.6708 -0.2318
vn 0.5696 -0.0065 -0.8219
vn -0.0223 -0.8003 0.5992
vn -0.5473 0.8068 0.2227
vn 0.4276 0.0522 -0.9024
vn -0.2497 -0.8888 0.3843
vn -0.1780 0.8366 0.5181
vn 0.3398 0.0854 -0.9366
vn -0.4748 -0.8324 0.2857
vn 0.1350 0.7470 0.6509
vn 0.3081 0.0968 -0.9464
vn -0.5513 -0.7901 0.2680
vn 0.2431 0.6933 0.6784
vn -0.2446 -0.1191 0.9623
vn -0.2256 -0.7119 -0.6650
vn 0.4702 0.8310 -0.2972
vn -0.2820 -0.1061 0.9535
vn -0.0915 -0.7657 -0.6366
vn 0.3735 0.8718 -0.3169
vn -0.4675 -0.0364 0.8833
vn 0.4853 -0.8045 -0.3424
vn -0.0178 0.8409 -0.5409
vn -0.8392 0.3371 -0.4267
vn -0.0341 -0.4201 0.9068
vn 0.8733 0.0830 -0.4801
vn -0.1901 0.2471 -0.9502
vn -0.7320 -0.3579 0.5796
vn 0.9222 0.1109 0.3705
vn -0.0594 0.2129 -0.9753
vn -0.7729 -0.4309 0.4657
vn 0.8323 0.2181 0.5096
vn -0.0093 0.1988 -0.9800
vn -0.7727 -0.4749 0.4212
vn 0.7820 0.2762 0.5588
vn 0.0056 0.1945 -0.9809
vn -0.7702 -0.4901 0.4081
vn 0.7646 0.2956 0.5727
vn -0.9253 0.3187 -0.2056
vn 0.1841 -0.9792 0.0857
vn 0.7412 0.6605 0.1199
vn -0.9249 0.3189 -0.2070
vn 0.1827 -0.9789 0.0912
vn 0.7422 0.6601 0.1158
vn -0.9239 0.3193 -0.2107
vn 0.1790 -0.9782 0.1056
vn 0.7449 0.6588 0.1051
vn -0.9224 0.3200 -0.2164
vn 0.1733 -0.9766 0.1276
vn 0.7490 0.6566 0.0888
vn -0.9196 0.3211 -0.2264
vn 0.1633 -0.9726 0.1656
vn 0.7563 0.6514 0.0607
vn -0.9130 0.3236 -0.2484
vn 0.1408 -0.9590 0.2460
vn 0.7722 0.6354 0.0023
vn -0.8816 0.3316 -0.3358
vn 0.0505 -0.8608 0.5064
vn 0.8312 0.5292 -0.1706
vn -0.6352 0.3302 -0.6982
vn -0.3510 -0.4219 0.8360
vn 0.9862 0.0917 -0.1378
vn -0.9358 0.3131 -0.1619
vn 0.2493 -0.3943 0.8845
vn 0.6865 0.0812 -0.7226
vn -0.8637 0.3345 -0.3771
vn 0.0140 -0.4547 0.8905
vn 0.8497 0.1202 -0.5134
vn -0.7960 0.3391 -0.5014
vn -0.1137 -0.7026 0.7025
vn 0.9096 0.3635 -0.2010
vn -0.7676 0.3391 -0.5439
vn -0.0376 -0.9149 0.4020
vn 0.8052 0.5758 0.1419
vn -0.7523 0.3387 -0.5651
vn 0.1079 -0.9824 0.1523
vn 0.6444 0.6437 0.4128
vn -0.7427 0.3384 -0.5778
vn 0.2271 -0.9739 0.0030
vn 0.5156 0.6355 0.5748
vn -0.7362 0.3381 -0.5862
vn 0.3092 -0.9475 -0.0819
vn 0.4270 0.6094 0.6681
vn -0.7337 0.3380 -0.5895
vn 0.3399 -0.9340 -0.1103
vn 0.3938 0.5960 0.6998
vn -0.6486 0.0426 0.7599
vn 0.8449 -0.5268 0.0927
vn -0.1963 0.4842 -0.8526
vn -0.5484 -0.0027 0.8362
vn 0.8822 -0.4703 -0.0209
vn -0.3338 0.4731 -0.8153
vn 0.1921 -0.2476 0.9496
vn 0.6757 -0.1890 -0.7125
vn -0.8679 0.4365 -0.2371
vn 0.9420 -0.3089 0.1314
vn -0.3871 0.0463 -0.9209
vn -0.5549 0.2626 0.7894
vn 0.9513 -0.2491 -0.1814
vn -0.7073 -0.2003 -0.6779
vn -0.2440 0.4494 0.8594
vn 0.9312 -0.2214 -0.2897
vn -0.7760 -0.4972 -0.3882
vn -0.1552 0.7186 0.6779
vn 0.9166 -0.2065 -0.3423
vn -0.7352 -0.6699 -0.1038
vn -0.1814 0.8764 0.4462
vn 0.9111 -0.2014 -0.3595
vn -0.7027 -0.7114 0.0085
vn -0.2084 0.9129 0.3510
vn -0.8179 0.1334 0.5597
vn -0.0819 -0.3734 -0.9241
vn 0.8998 0.2399 0.3644
vn -0.7594 0.0992 0.6430
vn -0.1623 -0.3799 -0.9107
vn 0.9217 0.2807 0.2677
vn -0.6024 0.0211 0.7979
vn -0.3089 -0.4297 -0.8485
vn 0.9113 0.4086 0.0506
vn -0.4069 -0.0602 0.9115
vn -0.3813 -0.5348 -0.7541
vn 0.7882 0.5950 -0.1574
vn -0.2060 -0.1321 0.9696
vn -0.3358 -0.6555 -0.6764
vn 0.5419 0.7876 -0.2932
vn -0.0286 -0.1878 0.9818
vn -0.2166 -0.7247 -0.6542
vn 0.2453 0.9124 -0.3276
vn 0.1145 -0.2277 0.9670
vn -0.1062 -0.7290 -0.6762
vn -0.0083 0.9568 -0.2908
vn 0.1736 -0.2430 0.9544
vn -0.0664 -0.7167 -0.6943
vn -0.1072 0.9596 -0.2601
vn 0.5770 -0.3231 0.7501
vn -0.8053 -0.5259 -0.2736
vn 0.2284 0.8490 -0.4765
vn 0.5604 -0.3208 0.7636
vn -0.7867 -0.5376 -0.3033
vn 0.2263 0.8585 -0.4602
vn 0.4861 -0.3093 0.8173
vn -0.6852 -0.5898 -0.4274
vn 0.1990 0.8991 -0.3899
vn -0.0569 -0.1793 0.9821
vn 0.3232 -0.7143 -0.6208
vn -0.2663 0.8936 -0.3614
vn -0.8533 0.3358 -0.3989
vn -0.0216 -0.7198 0.6939
vn 0.8749 0.3840 -0.2950
vn -0.7505 0.3387 -0.5675
vn -0.1550 -0.7577 0.6340
vn 0.9055 0.4190 -0.0665
vn -0.7158 0.3371 -0.6116
vn -0.1838 -0.7738 0.6062
vn 0.8996 0.4367 0.0054
vn -0.7060 0.3364 -0.6232
vn -0.1906 -0.7786 0.5979
vn 0.8966 0.4421 0.0253
vn -0.5991 0.3260 -0.7313
vn 0.0163 -0.9713 0.2374
vn 0.5828 0.6453 0.4939
vn -0.6686 0.3335 -0.6646
vn 0.0076 -0.9655 0.2601
vn 0.6610 0.6320 0.4045
vn -0.8720 0.3333 -0.3584
vn 0.0724 -0.9338 0.3505
vn 0.7996 0.6005 0.0079
vn -0.8967 0.1890 0.4003
vn 0.4512 -0.8751 0.1748
vn 0.4455 0.6862 -0.5750
vn -0.4790 -0.0317 0.8772
vn 0.4901 -0.8061 -0.3315
vn -0.0111 0.8379 -0.5457
vn -0.2176 -0.1282 0.9676
vn 0.3392 -0.7686 -0.5423
vn -0.1217 0.8969 -0.4252
vn -0.0873 -0.1701 0.9815
vn 0.2310 -0.7507 -0.6190
vn -0.1437 0.9208 -0.3626
vn -0.0458 -0.1827 0.9821
vn 0.1923 -0.7450 -0.6387
vn -0.1464 0.9277 -0.3434
vn 0.6673 -0.3334 0.6660
vn -0.9783 -0.1180 0.1703
vn 0.3110 0.4514 -0.8364
vn 0.7669 -0.3390 0.5449
vn -0.9392 -0.1868 0.2881
vn 0.1723 0.5258 -0.8330
vn 0.9340 -0.3142 0.1699
vn -0.7690 -0.4479 0.4562
vn -0.1651 0.7621 -0.6261
vn 0.9350 -0.2258 -0.2734
vn -0.6924 -0.7194 0.0550
vn -0.2426 0.9452 0.2184
vn 0.8050 -0.1255 -0.5798
vn -0.8727 -0.4134 -0.2598
vn 0.0677 0.5389 0.8396
vn 0.6690 -0.0524 -0.7415
vn -0.9552 -0.2422 -0.1703
vn 0.2862 0.2946 0.9118
vn 0.5646 -0.0043 -0.8254
vn -0.9811 -0.1825 -0.0644
vn 0.4165 0.1868 0.8897
vn 0.5235 0.0133 -0.8519
vn -0.9855 -0.1684 -0.0214
vn 0.4619 0.1551 0.8733
vn 0.3940 -0.2925 0.8713
vn 0.1546 -0.5424 -0.8258
vn -0.5486 0.8348 -0.0455
vn 0.4124 -0.2960 0.8615
vn 0.1331 -0.5415 -0.8301
vn -0.5455 0.8375 -0.0314
vn 0.4571 -0.3043 0.8358
vn 0.0785 -0.5402 -0.8379
vn -0.5356 0.8445 0.0021
vn 0.5158 -0.3141 0.7970
vn 0.0009 -0.5409 -0.8411
vn -0.5167 0.8550 0.0441
vn 0.5947 -0.3254 0.7351
vn -0.1147 -0.5467 -0.8295
vn -0.4801 0.8721 0.0944
vn 0.7010 -0.3361 0.6290
vn -0.2936 -0.5661 -0.7702
vn -0.4074 0.9022 0.1413
vn 0.8337 -0.3375 0.4371
vn -0.5540 -0.6144 -0.5618
vn -0.2797 0.9520 0.1247
vn 0.8989 -0.3278 0.2907
vn -0.6823 -0.6472 -0.3400
vn -0.2166 0.9750 0.0493
vn 0.1532 -0.2378 0.9592
vn -0.4050 -0.6696 -0.6226
vn 0.2518 0.9074 -0.3366
vn 0.2218 -0.2548 0.9412
vn -0.3601 -0.6861 -0.6321
vn 0.1382 0.9409 -0.3091
vn 0.4216 -0.2978 0.8565
vn -0.2363 -0.6726 -0.7013
vn -0.1853 0.9704 -0.1552
vn 0.7190 -0.3372 0.6078
vn -0.2157 -0.4945 -0.8420
vn -0.5033 0.8318 0.2342
vn 0.9474 -0.3041 0.0996
vn -0.5244 -0.2555 -0.8123
vn -0.4230 0.5596 0.7126
vn 0.9095 -0.2000 -0.3644
vn -0.8126 -0.1946 -0.5494
vn -0.0969 0.3945 0.9138
vn 0.7877 -0.1153 -0.6051
vn -0.9173 -0.2316 -0.3238
vn 0.1296 0.3469 0.9289
vn 0.7344 -0.0857 -0.6733
vn -0.9351 -0.2562 -0.2448
vn 0.2007 0.3419 0.9181
vn -0.4865 0.3094 -0.8171
vn 0.5153 -0.8568 -0.0193
vn -0.0287 0.5474 0.8363
vn -0.5078 0.3129 -0.8027
vn 0.4180 -0.9084 0.0044
vn 0.0897 0.5956 0.7983
vn -0.5635 0.3213 -0.7611
vn 0.0607 -0.9781 0.1992
vn 0.5029 0.6568 0.5619
vn -0.6469 0.3314 -0.6868
vn -0.2691 -0.7286 0.6299
vn 0.9160 0.3971 0.0569
vn -0.7748 0.3391 -0.5335
vn -0.1580 -0.4643 0.8715
vn 0.9328 0.1252 -0.3379
vn -0.9327 0.3150 -0.1759
vn 0.2305 -0.4128 0.8812
vn 0.7021 0.0978 -0.7053
vn -0.8752 0.1721 0.4521
vn 0.7457 -0.4361 0.5037
vn 0.1294 0.2640 -0.9558
vn -0.7087 0.0723 0.7018
vn 0.8811 -0.4183 0.2205
vn -0.1724 0.3460 -0.9223
vn 0.8964 -0.1887 -0.4010
vn -0.7400 -0.6660 -0.0940
vn -0.1564 0.8547 0.4950
vn 0.9025 -0.1938 -0.3846
vn -0.7184 -0.6947 -0.0357
vn -0.1841 0.8885 0.4203
vn 0.9193 -0.2091 -0.3335
vn -0.6539 -0.7394 0.1604
vn -0.2654 0.9485 0.1730
vn 0.9450 -0.2389 -0.2233
vn -0.5776 -0.6516 0.4916
vn -0.3674 0.8905 -0.2684
vn 0.9418 -0.3090 0.1321
vn -0.7087 -0.2618 0.6552
vn -0.2332 0.5708 -0.7873
vn 0.0143 -0.2002 0.9796
vn -0.8704 0.1646 -0.4640
vn 0.8561 0.0357 -0.5156
vn -0.5836 0.0127 0.8120
vn -0.4115 -0.0065 -0.9114
vn 0.9950 -0.0062 0.0994
vn -0.6615 0.0488 0.7484
vn -0.3186 -0.0808 -0.9444
vn 0.9801 0.0320 0.1961
vn -0.9247 0.2145 0.3145
vn 0.1328 -0.5783 -0.8050
vn 0.7919 0.3638 0.4905
vn -0.9226 0.2124 0.3221
vn 0.1275 -0.5165 -0.8467
vn 0.7951 0.3041 0.5247
vn -0.9112 0.2015 0.3594
vn 0.1091 -0.2949 -0.9493
vn 0.8020 0.0934 0.5899
vn 0.0935 -0.2221 0.9705
vn -0.8854 0.2894 -0.3637
vn 0.7920 -0.0672 -0.6069
vn 0.9481 -0.2436 -0.2042
vn -0.5182 -0.5282 0.6727
vn -0.4299 0.7718 -0.4685
vn 0.9412 -0.2335 -0.2443
vn -0.6065 -0.6992 0.3785
vn -0.3347 0.9327 -0.1342
vn 0.9385 -0.2301 -0.2575
vn -0.6559 -0.7275 0.2012
vn -0.2826 0.9576 0.0563
vn 0.9377 -0.2291 -0.2613
vn -0.6708 -0.7275 0.1440
vn -0.2669 0.9566 0.1172
vn 0.7568 -0.0978 -0.6463
vn -0.1922 -0.7275 0.6586
vn -0.5646 0.8253 -0.0124
vn 0.8102 -0.1287 -0.5718
vn -0.2721 -0.7106 0.6489
vn -0.5382 0.8393 -0.0771
vn 0.9053 -0.1962 -0.3768
vn -0.4575 -0.6747 0.5792
vn -0.4478 0.8709 -0.2025
vn 0.9566 -0.2610 -0.1297
vn -0.6428 -0.6451 0.4131
vn -0.3138 0.9062 -0.2835
vn 0.9425 -0.3085 0.1287
vn -0.7587 -0.6334 0.1525
vn -0.1838 0.9419 -0.2813
vn 0.8754 -0.3328 0.3507
vn -0.7590 -0.6369 -0.1356
vn -0.1164 0.9696 -0.2151
vn 0.7863 -0.3392 0.5165
vn -0.6689 -0.6434 -0.3724
vn -0.1174 0.9826 -0.1441
vn 0.7412 -0.3383 0.5798
vn -0.6086 -0.6457 -0.4611
vn -0.1326 0.9840 -0.1187
vn 0.3673 -0.2871 0.8847
vn -0.0647 -0.6566 -0.7515
vn -0.3027 0.9437 -0.1332
vn 0.4740 -0.3072 0.8252
vn -0.0615 -0.6032 -0.7952
vn -0.4125 0.9105 -0.0300
vn 0.8412 -0.3369 0.4230
vn -0.2936 -0.3605 -0.8853
vn -0.5475 0.6974 0.4624
vn 0.8401 -0.1476 -0.5220
vn -0.8792 -0.2960 -0.3733
vn 0.0391 0.4437 0.8953
vn 0.5190 0.0152 -0.8546
vn -0.8402 -0.5383 0.0652
vn 0.3212 0.5231 0.7894
vn 0.3596 0.0781 -0.9298
vn -0.7087 -0.6745 0.2070
vn 0.3490 0.5964 0.7228
vn 0.2769 0.1079 -0.9548
vn -0.6164 -0.7430 0.2610
vn 0.3395 0.6351 0.6939
vn 0.2494 0.1174 -0.9613
vn -0.5824 -0.7647 0.2756
vn 0.3331 0.6473 0.6856
vn -0.2411 -0.1203 0.9630
vn -0.4492 -0.5541 -0.7009
vn 0.6902 0.6744 -0.2622
vn -0.2723 -0.1095 0.9560
vn -0.4603 -0.5269 -0.7145
vn 0.7326 0.6364 -0.2415
vn -0.3695 -0.0744 0.9263
vn -0.4691 -0.4452 -0.7627
vn 0.8386 0.5197 -0.1636
vn -0.5673 0.0055 0.8235
vn -0.3820 -0.3166 -0.8682
vn 0.9493 0.3111 0.0448
vn -0.9246 0.2144 0.3150
vn 0.1517 -0.2891 -0.9452
vn 0.7728 0.0747 0.6302
vn -0.7243 0.3375 -0.6013
vn 0.6765 -0.6492 -0.3477
vn 0.0478 0.3117 0.9490
vn -0.4160 0.2967 -0.8596
vn 0.5080 -0.8605 0.0388
vn -0.0920 0.5637 0.8208
vn -0.3323 0.2798 -0.9007
vn 0.4041 -0.9062 0.1245
vn -0.0718 0.6264 0.7762
vn -0.1252 -0.1583 0.9794
vn 0.0248 -0.7742 -0.6325
vn 0.1004 0.9325 -0.3469
vn -0.1554 -0.1487 0.9766
vn -0.2172 -0.7223 -0.6565
vn 0.3726 0.8710 -0.3201
vn -0.4616 -0.0388 0.8862
vn -0.5370 0.0643 -0.8411
vn 0.9987 -0.0255 -0.0451
vn -0.1632 0.2403 -0.9569
vn 0.7882 -0.5639 0.2464
vn -0.6250 0.3235 0.7104
vn -0.0413 0.2079 -0.9773
vn 0.6470 -0.6829 0.3390
vn -0.6057 0.4751 0.6383
vn -0.0093 0.1988 -0.9800
vn 0.5836 -0.7295 0.3567
vn -0.5743 0.5307 0.6233
vn 0.0054 0.1945 -0.9809
vn 0.5475 -0.7539 0.3632
vn -0.5529 0.5593 0.6176
vn 0.0101 0.1932 -0.9811
vn 0.5347 -0.7621 0.3651
vn -0.5448 0.5689 0.6160
vn -0.4502 -0.0433 0.8919
vn -0.2945 -0.6062 -0.7387
vn 0.7447 0.6496 -0.1532
vn -0.5726 0.0078 0.8198
vn -0.1700 -0.6704 -0.7223
vn 0.7426 0.6626 -0.0975
vn -0.9109 0.2012 0.3602
vn 0.2175 -0.9209 -0.3236
vn 0.6934 0.7196 -0.0366
vn -0.8193 0.3384 -0.4629
vn -0.0069 -0.9010 0.4338
vn 0.8262 0.5626 0.0292
vn -0.5365 0.3173 -0.7820
vn -0.3106 -0.7870 0.5331
vn 0.8470 0.4697 0.2489
vn -0.3830 0.2903 -0.8769
vn -0.4331 -0.7403 0.5143
vn 0.8161 0.4500 0.3627
vn -0.2983 0.2724 -0.9148
vn -0.4910 -0.7184 0.4928
vn 0.7893 0.4460 0.4220
vn -0.2694 0.2659 -0.9256
vn -0.5093 -0.7116 0.4840
vn 0.7787 0.4456 0.4416
vn -0.8307 0.3377 -0.4426
vn 0.0324 -0.9338 0.3564
vn 0.7983 0.5961 0.0862
vn -0.7737 0.3391 -0.5351
vn -0.0231 -0.9237 0.3824
vn 0.7968 0.5846 0.1527
vn -0.5974 0.3258 -0.7328
vn -0.1565 -0.8983 0.4105
vn 0.7539 0.5725 0.3223
vn -0.3376 0.2810 -0.8984
vn -0.2895 -0.8731 0.3923
vn 0.6271 0.5921 0.5061
vn -0.0509 0.2105 -0.9763
vn -0.3802 -0.8573 0.3471
vn 0.4311 0.6468 0.6291
vn 0.1907 0.1372 -0.9720
vn -0.4271 -0.8491 0.3108
vn 0.2365 0.7119 0.6613
vn 0.3644 0.0763 -0.9281
vn -0.4526 -0.8427 0.2918
vn 0.0881 0.7664 0.6363
vn 0.4295 0.0515 -0.9016
vn -0.4619 -0.8394 0.2866
vn 0.0324 0.7879 0.6150
vn 0.9447 -0.2384 -0.2253
vn -0.7334 -0.1927 -0.6520
vn -0.2113 0.4311 0.8772
vn 0.9163 -0.2062 -0.3433
vn -0.8025 -0.2150 -0.5565
vn -0.1138 0.4212 0.8998
vn 0.8017 -0.1236 -0.5848
vn -0.8969 -0.3178 -0.3075
vn 0.0952 0.4413 0.8923
vn 0.6203 -0.0293 -0.7838
vn -0.8607 -0.5086 -0.0242
vn 0.2404 0.5379 0.8080
vn 0.4195 0.0554 -0.9061
vn -0.6547 -0.7278 0.2042
vn 0.2352 0.6724 0.7018
vn 0.2423 0.1199 -0.9628
vn -0.3641 -0.8751 0.3187
vn 0.1218 0.7553 0.6440
vn 0.1023 0.1655 -0.9809
vn -0.1085 -0.9338 0.3409
vn 0.0062 0.7683 0.6400
vn 0.0453 0.1828 -0.9821
vn -0.0079 -0.9428 0.3332
vn -0.0374 0.7600 0.6489
vn 0.3557 -0.2847 0.8902
vn 0.0553 -0.6205 -0.7823
vn -0.4110 0.9052 -0.1079
vn 0.4289 -0.2992 0.8524
vn -0.0297 -0.6154 -0.7876
vn -0.3992 0.9146 -0.0647
vn 0.5973 -0.3258 0.7328
vn -0.2540 -0.6133 -0.7479
vn -0.3433 0.9391 0.0150
vn 0.7732 -0.3391 0.5359
vn -0.5258 -0.6291 -0.5725
vn -0.2474 0.9682 0.0366
vn 0.9061 -0.3258 0.2699
vn -0.7192 -0.6558 -0.2296
vn -0.1869 0.9816 -0.0403
vn 0.9582 -0.2862 -0.0064
vn -0.7233 -0.6775 0.1334
vn -0.2348 0.9637 -0.1270
vn 0.9431 -0.2361 -0.2343
vn -0.6110 -0.6964 0.3763
vn -0.3320 0.9325 -0.1421
vn 0.9220 -0.2118 -0.3241
vn -0.5453 -0.7056 0.4525
vn -0.3767 0.9174 -0.1284
vn 0.9554 -0.2934 0.0339
vn -0.7267 -0.6761 -0.1218
vn -0.2287 0.9695 0.0879
vn 0.9548 -0.2944 0.0399
vn -0.7211 -0.6661 -0.1909
vn -0.2338 0.9605 0.1510
vn 0.9530 -0.2974 0.0576
vn -0.6921 -0.6111 -0.3841
vn -0.2609 0.9085 0.3264
vn 0.9486 -0.3029 0.0918
vn -0.6068 -0.4484 -0.6563
vn -0.3418 0.7513 0.5645
vn 0.9308 -0.3160 0.1836
vn -0.4035 -0.1323 -0.9054
vn -0.5274 0.4483 0.7217
vn 0.4486 -0.3028 0.8409
vn 0.4838 -0.0572 -0.8733
vn -0.9324 0.3600 0.0324
vn -0.9349 0.2257 0.2740
vn 0.5893 -0.5226 0.6161
vn 0.3456 0.2970 -0.8902
vn -0.9511 0.2487 0.1830
vn 0.4971 -0.5824 0.6432
vn 0.4540 0.3337 -0.8262
vn 0.3068 0.0973 -0.9468
vn -0.6057 -0.7540 0.2543
vn 0.2989 0.6567 0.6925
vn 0.2656 0.1118 -0.9576
vn -0.6132 -0.7441 0.2652
vn 0.3476 0.6323 0.6924
vn 0.1428 0.1527 -0.9779
vn -0.6249 -0.7174 0.3080
vn 0.4821 0.5646 0.6699
vn -0.0801 0.2185 -0.9725
vn -0.6022 -0.6851 0.4098
vn 0.6823 0.4666 0.5628
vn -0.4765 0.3077 -0.8236
vn -0.4157 -0.6933 0.5886
vn 0.8922 0.3857 0.2350
vn -0.8746 0.3329 -0.3525
vn 0.0267 -0.8071 0.5899
vn 0.8478 0.4742 -0.2373
vn -0.9577 0.2649 0.1121
vn 0.3079 -0.9021 0.3022
vn 0.6498 0.6372 -0.4143
vn -0.9385 0.2301 0.2573
vn 0.3514 -0.9219 0.1630
vn 0.5871 0.6918 -0.4204
vn -0.8535 0.1567 0.4969
vn 0.4726 -0.8774 0.0823
vn 0.3809 0.7207 -0.5792
vn -0.4572 -0.0405 0.8884
vn 0.2579 -0.8449 -0.4686
vn 0.1993 0.8855 -0.4198
vn 0.7235 -0.3375 0.6022
vn -0.8865 -0.4620 -0.0241
vn 0.1631 0.7995 -0.5781
vn 0.8683 -0.3339 0.3669
vn -0.8513 -0.4778 0.2169
vn -0.0170 0.8117 -0.5838
vn 0.9023 -0.3269 0.2812
vn -0.8219 -0.4917 0.2875
vn -0.0803 0.8187 -0.5686
vn 0.9161 -0.3225 0.2382
vn -0.8049 -0.4999 0.3198
vn -0.1113 0.8224 -0.5580
vn 0.9235 -0.3195 0.2125
vn -0.7940 -0.5051 0.3382
vn -0.1294 0.8246 -0.5507
vn 0.9259 -0.3184 0.2032
vn -0.7900 -0.5070 0.3447
vn -0.1359 0.8255 -0.5479
vn 0.7012 -0.0684 -0.7097
vn -0.6252 -0.7638 0.1604
vn -0.0760 0.8322 0.5492
vn 0.7634 -0.1014 -0.6380
vn -0.7599 -0.6497 -0.0222
vn -0.0035 0.7511 0.6602
vn 0.9071 -0.1978 -0.3716
vn -0.8180 -0.2924 -0.4954
vn -0.0891 0.4902 0.8670
vn 0.9395 -0.3107 0.1443
vn -0.4272 -0.0998 -0.8986
vn -0.5123 0.4105 0.7544
vn 0.6888 -0.3352 0.6428
vn 0.0981 -0.1827 -0.9783
vn -0.7869 0.5179 0.3355
vn 0.4133 -0.2962 0.8611
vn 0.3845 -0.3066 -0.8707
vn -0.7978 0.6028 0.0096
vn 0.2370 -0.2584 0.9365
vn 0.5048 -0.3910 -0.7696
vn -0.7419 0.6494 -0.1669
vn 0.1765 -0.2437 0.9537
vn 0.5365 -0.4212 -0.7312
vn -0.7131 0.6649 -0.2224
vn -0.4065 0.2949 -0.8647
vn -0.5482 -0.5119 0.6614
vn 0.9548 0.2170 0.2033
vn -0.4721 0.3069 -0.8264
vn -0.5170 -0.4273 0.7417
vn 0.9891 0.1204 0.0846
vn -0.8205 0.1351 0.5554
vn 0.7982 -0.4587 0.3905
vn 0.0223 0.3236 -0.9459
vn 0.0821 -0.2191 0.9723
vn 0.3732 -0.6241 -0.6864
vn -0.4553 0.8432 -0.2858
vn 0.1747 -0.2432 0.9541
vn -0.0492 -0.7151 -0.6973
vn -0.1254 0.9583 -0.2568
vn 0.2069 -0.2512 0.9456
vn -0.2521 -0.7065 -0.6613
vn 0.0452 0.9577 -0.2843
vn 0.2232 -0.2551 0.9408
vn -0.3570 -0.6869 -0.6330
vn 0.1338 0.9420 -0.3078
vn 0.2286 -0.2564 0.9391
vn -0.3915 -0.6779 -0.6222
vn 0.1629 0.9344 -0.3169
vn 0.7804 -0.3392 0.5253
vn -0.7034 -0.6360 -0.3176
vn -0.0771 0.9751 -0.2077
vn 0.8093 -0.3388 0.4799
vn -0.7161 -0.6375 -0.2843
vn -0.0932 0.9762 -0.1956
vn 0.8803 -0.3319 0.3389
vn -0.7404 -0.6462 -0.1848
vn -0.1399 0.9781 -0.1541
vn 0.9515 -0.2995 0.0702
vn -0.7371 -0.6756 -0.0135
vn -0.2144 0.9751 -0.0567
vn 0.8977 -0.1898 -0.3975
vn -0.6198 -0.7539 0.2180
vn -0.2779 0.9437 0.1795
vn 0.5630 -0.0036 -0.8265
vn -0.4004 -0.8525 0.3359
vn -0.1626 0.8561 0.4905
vn 0.2159 0.1288 -0.9679
vn -0.2613 -0.9041 0.3380
vn 0.0454 0.7754 0.6299
vn 0.0957 0.1675 -0.9812
vn -0.2222 -0.9170 0.3313
vn 0.1264 0.7495 0.6499
vn 0.9064 -0.1972 -0.3737
vn -0.7470 0.2609 -0.6115
vn -0.1593 -0.0637 0.9852
vn -0.2045 0.2506 -0.9462
vn -0.7323 -0.0231 0.6806
vn 0.9368 -0.2275 0.2657
vn -0.6800 0.3345 -0.6524
vn -0.2925 -0.5022 0.8138
vn 0.9725 0.1677 -0.1613
vn -0.7402 0.3383 -0.5811
vn -0.1336 -0.8237 0.5510
vn 0.8738 0.4854 0.0301
vn -0.7623 0.3390 -0.5514
vn 0.0341 -0.9629 0.2677
vn 0.7282 0.6239 0.2836
vn -0.7737 0.3391 -0.5351
vn 0.1613 -0.9838 0.0776
vn 0.6124 0.6447 0.4576
vn -0.7807 0.3392 -0.5249
vn 0.2448 -0.9689 -0.0375
vn 0.5359 0.6297 0.5624
vn -0.7832 0.3392 -0.5211
vn 0.2749 -0.9583 -0.0775
vn 0.5083 0.6191 0.5986
vn 0.9084 -0.3251 0.2628
vn -0.4336 -0.3462 -0.8320
vn -0.4748 0.6713 0.5691
vn 0.9136 -0.3234 0.2464
vn -0.4456 -0.3428 -0.8270
vn -0.4681 0.6662 0.5806
vn 0.9409 -0.3097 0.1373
vn -0.5233 -0.3246 -0.7879
vn -0.4175 0.6343 0.6506
vn -0.7214 0.3374 -0.6047
vn 0.5424 -0.7973 -0.2650
vn 0.1791 0.4599 0.8697
vn -0.8531 0.3358 -0.3994
vn 0.5208 -0.7170 -0.4633
vn 0.3323 0.3812 0.8627
vn -0.8693 0.3337 -0.3646
vn 0.5110 -0.7048 -0.4920
vn 0.3583 0.3711 0.8567
vn -0.8755 0.3327 -0.3504
vn 0.5066 -0.6999 -0.5034
vn 0.3689 0.3672 0.8539
vn -0.8774 0.3324 -0.3460
vn 0.5052 -0.6985 -0.5069
vn 0.3722 0.3660 0.8529
vn 0.6136 -0.0262 -0.7892
vn -0.9273 -0.3666 -0.0753
vn 0.3137 0.3929 0.8644
vn 0.5586 -0.0017 -0.8295
vn -0.8992 -0.4376 -0.0018
vn 0.3406 0.4393 0.8313
vn 0.2613 0.1133 -0.9586
vn -0.4639 -0.8348 0.2964
vn 0.2026 0.7215 0.6621
vn -0.7688 0.3391 -0.5422
vn 0.7158 -0.5466 -0.4346
vn 0.0530 0.2076 0.9768
vn -0.9534 0.2533 0.1636
vn 0.2859 -0.3124 -0.9059
vn 0.6675 0.0591 0.7423
vn -0.9122 0.2024 0.3564
vn 0.1133 -0.2831 -0.9524
vn 0.7989 0.0807 0.5960
vn -0.8835 0.1784 0.4331
vn 0.0392 -0.2786 -0.9596
vn 0.8443 0.1002 0.5265
vn -0.8734 0.1708 0.4560
vn 0.0166 -0.2783 -0.9603
vn 0.8568 0.1075 0.5043
vn 0.3187 0.0931 -0.9433
vn -0.7496 -0.6259 0.2151
vn 0.4310 0.5329 0.7282
vn 0.4256 0.0530 -0.9034
vn -0.7917 -0.5933 0.1457
vn 0.3661 0.5403 0.7577
vn 0.7102 -0.0730 -0.7002
vn -0.8434 -0.5303 -0.0861
vn 0.1332 0.6034 0.7863
vn 0.9428 -0.2357 -0.2359
vn -0.7567 -0.5463 -0.3591
vn -0.1861 0.7820 0.5949
vn 0.9149 -0.3229 0.2423
vn -0.6479 -0.6196 -0.4430
vn -0.2670 0.9426 0.2008
vn 0.7904 -0.3391 0.5101
vn -0.6236 -0.6445 -0.4424
vn -0.1668 0.9837 -0.0677
vn 0.6871 -0.3351 0.6447
vn -0.6245 -0.6426 -0.4440
vn -0.0626 0.9777 -0.2007
vn 0.6472 -0.3315 0.6865
vn -0.6261 -0.6391 -0.4467
vn -0.0211 0.9706 -0.2398
vn -0.9221 0.3201 -0.2175
vn 0.3020 -0.9019 -0.3089
vn 0.6201 0.5818 0.5264
vn -0.8915 0.3296 -0.3108
vn 0.2921 -0.9315 -0.2169
vn 0.5995 0.6019 0.5276
vn -0.7596 0.3389 -0.5551
vn 0.1877 -0.9812 0.0449
vn 0.5719 0.6423 0.5102
vn -0.4677 0.3061 -0.8292
vn -0.1247 -0.9366 0.3276
vn 0.5924 0.6304 0.5016
vn -0.0609 0.2133 -0.9751
vn -0.5181 -0.7677 0.3772
vn 0.5790 0.5544 0.5979
vn 0.2681 0.1110 -0.9570
vn -0.7417 -0.6255 0.2422
vn 0.4736 0.5145 0.7148
vn 0.4673 0.0365 -0.8833
vn -0.8274 -0.5516 0.1055
vn 0.3601 0.5151 0.7778
vn 0.5328 0.0094 -0.8462
vn -0.8460 -0.5306 0.0523
vn 0.3133 0.5212 0.7939
vn -0.2536 -0.1160 0.9603
vn -0.1892 -0.7283 -0.6586
vn 0.4428 0.8443 -0.3017
vn -0.1005 -0.1660 0.9810
vn -0.3449 -0.6691 -0.6583
vn 0.4455 0.8351 -0.3227
vn 0.6641 -0.3331 0.6694
vn -0.8455 -0.5090 -0.1614
vn 0.1814 0.8421 -0.5080
vn 0.9406 -0.2328 -0.2471
vn -0.6120 -0.7052 0.3579
vn -0.3286 0.9379 -0.1109
vn 0.8398 -0.1475 -0.5225
vn -0.5036 -0.7816 0.3680
vn -0.3362 0.9291 0.1544
vn 0.7792 -0.1104 -0.6170
vn -0.4731 -0.8054 0.3570
vn -0.3061 0.9158 0.2600
vn 0.7437 -0.0906 -0.6623
vn -0.4607 -0.8159 0.3493
vn -0.2830 0.9066 0.3131
vn 0.7311 -0.0839 -0.6770
vn -0.4570 -0.8192 0.3465
vn -0.2741 0.9031 0.3305
vn 0.7824 -0.3392 0.5223
vn -0.5506 -0.6333 -0.5438
vn -0.2318 0.9725 0.0215
vn 0.7915 -0.3391 0.5085
vn -0.5111 -0.6165 -0.5989
vn -0.2803 0.9556 0.0904
vn 0.8142 -0.3386 0.4716
vn -0.4242 -0.5478 -0.7211
vn -0.3900 0.8864 0.2495
vn 0.8457 -0.3365 0.4142
vn -0.3465 -0.4184 -0.8396
vn -0.4992 0.7549 0.4254
vn 0.8899 -0.3300 0.3149
vn -0.3236 -0.2327 -0.9171
vn -0.5663 0.5626 0.6023
vn 0.9449 -0.3065 0.1153
vn -0.4260 -0.0222 -0.9044
vn -0.5188 0.3288 0.7891
vn 0.9195 -0.2093 -0.3327
vn -0.7433 0.1570 -0.6503
vn -0.1762 0.0524 0.9830
vn 0.7494 -0.0937 -0.6555
vn -0.9287 0.1794 -0.3246
vn 0.1793 -0.0857 0.9801
vn 0.9586 -0.2690 -0.0930
vn -0.7230 -0.5982 -0.3456
vn -0.2357 0.8673 0.4386
vn 0.9553 -0.2577 -0.1446
vn -0.7322 -0.5455 -0.4077
vn -0.2231 0.8032 0.5523
vn 0.9144 -0.2044 -0.3496
vn -0.8077 -0.3198 -0.4953
vn -0.1067 0.5242 0.8449
vn 0.4497 0.0435 -0.8921
vn -0.9962 -0.0677 0.0550
vn 0.5465 0.0242 0.8371
vn -0.5920 0.3251 -0.7374
vn -0.3969 -0.4628 0.7927
vn 0.9889 0.1377 -0.0552
vn -0.8099 0.3387 -0.4788
vn -0.0949 -0.6937 0.7140
vn 0.9048 0.3549 -0.2352
vn -0.8664 0.3341 -0.3711
vn 0.0105 -0.7935 0.6085
vn 0.8559 0.4593 -0.2374
vn -0.8802 0.3319 -0.3393
vn 0.0392 -0.8227 0.5671
vn 0.8410 0.4908 -0.2278
vn -0.9593 0.2763 0.0574
vn 0.3219 -0.5288 -0.7853
vn 0.6374 0.2525 0.7280
vn -0.9572 0.2893 -0.0108
vn 0.3562 -0.5773 -0.7347
vn 0.6010 0.2880 0.7456
vn -0.9402 0.3102 -0.1409
vn 0.4008 -0.6773 -0.6170
vn 0.5393 0.3670 0.7579
vn -0.9099 0.3246 -0.2582
vn 0.4101 -0.7743 -0.4821
vn 0.4999 0.4496 0.7403
vn -0.8713 0.3334 -0.3600
vn 0.3846 -0.8591 -0.3377
vn 0.4867 0.5257 0.6977
vn -0.8287 0.3379 -0.4462
vn 0.3308 -0.9237 -0.1932
vn 0.4980 0.5859 0.6394
vn -0.7853 0.3392 -0.5179
vn 0.2583 -0.9643 -0.0578
vn 0.5270 0.6252 0.5757
vn -0.7640 0.3390 -0.5490
vn 0.2184 -0.9758 0.0042
vn 0.5455 0.6368 0.5448
vn 0.8788 -0.3322 0.3426
vn -0.7667 -0.6331 -0.1067
vn -0.1121 0.9653 -0.2359
vn 0.9236 -0.3195 0.2118
vn -0.7523 -0.6553 -0.0684
vn -0.1713 0.9747 -0.1435
vn 0.9385 -0.2301 -0.2573
vn -0.7043 -0.7099 0.0092
vn -0.2343 0.9400 0.2481
vn 0.5834 -0.0126 -0.8121
vn -0.6803 -0.7198 0.1381
vn 0.0969 0.7324 0.6739
vn 0.1625 0.1464 -0.9758
vn -0.5963 -0.7440 0.3015
vn 0.4338 0.5976 0.6743
vn -0.0651 0.2144 -0.9746
vn -0.5084 -0.7744 0.3766
vn 0.5735 0.5599 0.5980
vn -0.1860 0.2461 -0.9512
vn -0.4488 -0.7952 0.4077
vn 0.6348 0.5492 0.5435
vn -0.2261 0.2558 -0.9399
vn -0.4270 -0.8028 0.4162
vn 0.6530 0.5470 0.5238
vn 0.8023 -0.1239 -0.5839
vn -0.6998 -0.7128 0.0460
vn -0.1025 0.8367 0.5379
vn 0.8098 -0.1284 -0.5725
vn -0.6715 -0.7357 0.0887
vn -0.1383 0.8641 0.4839
vn 0.8337 -0.1435 -0.5332
vn -0.5770 -0.7791 0.2452
vn -0.2568 0.9226 0.2880
vn 0.8876 -0.1816 -0.4233
vn -0.4256 -0.6904 0.5850
vn -0.4620 0.8720 -0.1617
vn 0.8541 -0.3357 0.3974
vn -0.8503 -0.0541 0.5235
vn -0.0038 0.3898 -0.9209
vn -0.4799 -0.0314 0.8768
vn -0.5182 -0.0258 -0.8549
vn 0.9981 0.0572 -0.0219
vn -0.6328 0.0351 0.7735
vn -0.3381 -0.2299 -0.9126
vn 0.9709 0.1948 0.1391
vn -0.6594 0.0478 0.7503
vn -0.2977 -0.2897 -0.9096
vn 0.9571 0.2419 0.1594
vn -0.1708 0.2423 -0.9551
vn 0.5246 -0.8221 0.2212
vn -0.3538 0.5798 0.7339
vn -0.1557 0.2384 -0.9586
vn 0.4676 -0.8525 0.2336
vn -0.3119 0.6141 0.7250
vn -0.1046 0.2251 -0.9687
vn 0.1911 -0.9418 0.2767
vn -0.0865 0.7167 0.6920
vn 0.0307 0.1872 -0.9818
vn -0.7136 -0.5924 0.3740
vn 0.6829 0.4052 0.6078
vn 0.7510 -0.0946 -0.6535
vn -0.9212 0.2147 -0.3246
vn 0.1702 -0.1201 0.9781
vn 0.6151 -0.3279 0.7171
vn 0.2735 -0.0612 -0.9599
vn -0.8886 0.3892 0.2429
vn 0.4431 -0.3018 0.8441
vn 0.4244 -0.1939 -0.8844
vn -0.8676 0.4957 0.0403
vn 0.4073 -0.2950 0.8643
vn 0.4457 -0.2269 -0.8659
vn -0.8530 0.5220 0.0016
vn 0.7964 -0.1204 -0.5926
vn -0.4058 -0.7904 0.4589
vn -0.3906 0.9108 0.1337
vn 0.7499 -0.0940 -0.6548
vn -0.3944 -0.8129 0.4286
vn -0.3555 0.9069 0.2263
vn 0.5213 0.0143 -0.8532
vn -0.4349 -0.8468 0.3061
vn -0.0864 0.8326 0.5471
vn -0.2267 0.2560 -0.9397
vn -0.5506 -0.6840 0.4786
vn 0.7773 0.4280 0.4611
vn -0.8244 0.3381 -0.4540
vn -0.0649 -0.7441 0.6649
vn 0.8892 0.4060 -0.2109
vn -0.9354 0.3134 -0.1639
vn 0.1650 -0.8047 0.5703
vn 0.7704 0.4913 -0.4063
vn -0.9557 0.2928 -0.0306
vn 0.2527 -0.8311 0.4954
vn 0.7030 0.5383 -0.4648
vn -0.9583 0.2854 0.0104
vn 0.2769 -0.8389 0.4685
vn 0.6814 0.5535 -0.4789
vn 0.4264 0.0527 -0.9030
vn -0.9361 -0.3395 0.0919
vn 0.5097 0.2868 0.8111
vn 0.0052 0.1946 -0.9809
vn -0.8109 -0.4013 0.4259
vn 0.8058 0.2067 0.5550
vn -0.9408 0.3098 -0.1378
vn 0.1906 -0.9710 0.1444
vn 0.7502 0.6612 -0.0066
vn -0.9453 0.2392 0.2218
vn 0.2059 -0.8804 -0.4273
vn 0.7394 0.6411 0.2055
vn -0.9196 0.2094 0.3323
vn 0.1519 -0.8007 -0.5795
vn 0.7677 0.5912 0.2472
vn -0.9029 0.1942 0.3834
vn 0.1185 -0.7585 -0.6408
vn 0.7844 0.5643 0.2574
vn -0.8919 0.1851 0.4126
vn 0.0972 -0.7333 -0.6729
vn 0.7948 0.5483 0.2603
vn -0.8877 0.1817 0.4229
vn 0.0892 -0.7243 -0.6837
vn 0.7985 0.5425 0.2608
vn -0.1320 0.2323 -0.9636
vn 0.1874 -0.9458 0.2652
vn -0.0554 0.7135 0.6985
vn -0.1921 0.2476 -0.9496
vn 0.2139 -0.9479 0.2361
vn -0.0218 0.7003 0.7135
vn -0.3615 0.2859 -0.8875
vn 0.2736 -0.9507 0.1456
vn 0.0878 0.6648 0.7418
vn -0.6174 0.3282 -0.7149
vn 0.3174 -0.9482 -0.0101
vn 0.3000 0.6200 0.7250
vn -0.8876 0.3305 -0.3209
vn 0.2824 -0.9401 -0.1910
vn 0.6052 0.6096 0.5119
vn -0.9529 0.2521 0.1687
vn 0.2293 -0.9347 -0.2717
vn 0.7236 0.6825 0.1030
vn -0.8591 0.1606 0.4859
vn 0.2339 -0.9212 -0.3110
vn 0.6252 0.7606 -0.1749
vn -0.8044 0.1252 0.5807
vn 0.2407 -0.9124 -0.3309
vn 0.5637 0.7873 -0.2498
vn -0.6783 0.3344 -0.6543
vn -0.2190 -0.7720 0.5967
vn 0.8973 0.4377 0.0576
vn -0.7796 0.3392 -0.5265
vn -0.1054 -0.8003 0.5902
vn 0.8850 0.4611 -0.0638
vn -0.9579 0.2654 0.1098
vn 0.2982 -0.9171 0.2646
vn 0.6597 0.6517 -0.3744
vn -0.5776 0.0100 0.8163
vn 0.0655 -0.8286 -0.5560
vn 0.5120 0.8186 -0.2603
vn -0.2439 -0.1193 0.9624
vn -0.3295 -0.6511 -0.6838
vn 0.5735 0.7704 -0.2787
vn -0.0888 -0.1697 0.9815
vn -0.4902 -0.5768 -0.6535
vn 0.5789 0.7465 -0.3280
vn -0.0064 -0.1943 0.9809
vn -0.5661 -0.5423 -0.6208
vn 0.5725 0.7366 -0.3601
vn 0.0213 -0.2022 0.9791
vn -0.5901 -0.5316 -0.6076
vn 0.5687 0.7338 -0.3715
vn -0.9562 0.2599 0.1346
vn 0.2268 -0.9115 -0.3430
vn 0.7294 0.6516 0.2084
vn -0.9590 0.2822 0.0272
vn 0.2367 -0.9459 -0.2221
vn 0.7223 0.6636 0.1948
vn -0.8570 0.3353 -0.3912
vn 0.0943 -0.9651 0.2443
vn 0.7628 0.6298 0.1469
vn -0.2224 0.2549 -0.9411
vn -0.5597 -0.6750 0.4807
vn 0.7821 0.4201 0.4603
vn 0.3463 0.0830 -0.9344
vn -0.8291 -0.5291 0.1808
vn 0.4828 0.4461 0.7536
vn 0.5545 0.0001 -0.8322
vn -0.8557 -0.5166 0.0306
vn 0.3012 0.5165 0.8016
vn 0.6433 -0.0401 -0.7646
vn -0.8524 -0.5216 -0.0359
vn 0.2092 0.5617 0.8005
vn 0.6699 -0.0528 -0.7406
vn -0.8495 -0.5247 -0.0558
vn 0.1796 0.5775 0.7964
vn 0.5079 -0.3129 0.8026
vn -0.4350 -0.6651 -0.6070
vn -0.0729 0.9780 -0.1956
vn 0.4878 -0.3096 0.8162
vn -0.3448 -0.6677 -0.6598
vn -0.1430 0.9773 -0.1565
vn 0.4371 -0.3007 0.8477
vn -0.1288 -0.6458 -0.7525
vn -0.3083 0.9465 -0.0951
vn 0.3667 -0.2870 0.8850
vn 0.1143 -0.5858 -0.8023
vn -0.4809 0.8728 -0.0827
vn 0.2647 -0.2649 0.9272
vn 0.3527 -0.5088 -0.7853
vn -0.6174 0.7737 -0.1420
vn 0.1124 -0.2272 0.9673
vn 0.5691 -0.4494 -0.6886
vn -0.6815 0.6766 -0.2788
vn -0.1136 -0.1620 0.9802
vn 0.7542 -0.4325 -0.4941
vn -0.6406 0.5945 -0.4861
vn -0.2568 -0.1149 0.9596
vn 0.8248 -0.4416 -0.3532
vn -0.5680 0.5564 -0.6064
vn -0.9024 0.3269 -0.2806
vn 0.2200 -0.9736 -0.0599
vn 0.6824 0.6468 0.3406
vn -0.8623 0.3347 -0.3799
vn 0.1992 -0.9800 0.0007
vn 0.6632 0.6453 0.3793
vn -0.6630 0.3330 -0.6705
vn 0.0819 -0.9807 0.1777
vn 0.5811 0.6477 0.4928
vn -0.1551 0.2383 -0.9587
vn -0.2279 -0.9158 0.3308
vn 0.3829 0.6775 0.6280
vn 0.3835 0.0691 -0.9209
vn -0.5214 -0.8111 0.2649
vn 0.1379 0.7420 0.6561
vn 0.6442 -0.0405 -0.7638
vn -0.6388 -0.7534 0.1558
vn -0.0054 0.7939 0.6080
vn 0.7569 -0.0979 -0.6461
vn -0.6816 -0.7267 0.0854
vn -0.0753 0.8245 0.5608
vn 0.7892 -0.1161 -0.6031
vn -0.6927 -0.7187 0.0611
vn -0.0965 0.8348 0.5420
vn -0.9138 0.2039 0.3512
vn 0.3420 -0.9396 0.0119
vn 0.5718 0.7357 -0.3631
vn -0.8397 0.1474 0.5227
vn 0.5651 -0.8055 0.1784
vn 0.2746 0.6581 -0.7011
vn 0.8572 -0.3353 0.3909
vn -0.1894 -0.1279 -0.9735
vn -0.6678 0.4632 0.5827
vn 0.9534 -0.2968 0.0540
vn -0.5773 -0.3074 -0.7565
vn -0.3761 0.6042 0.7025
vn 0.9586 -0.2841 -0.0172
vn -0.6497 -0.3929 -0.6507
vn -0.3089 0.6771 0.6680
vn 0.9593 -0.2783 -0.0474
vn -0.6768 -0.4352 -0.5937
vn -0.2825 0.7135 0.6412
vn 0.9593 -0.2750 -0.0641
vn -0.6903 -0.4598 -0.5586
vn -0.2690 0.7348 0.6227
vn 0.9592 -0.2738 -0.0699
vn -0.6947 -0.4685 -0.5457
vn -0.2645 0.7423 0.6156
vn -0.9110 0.3243 -0.2548
vn 0.3394 -0.8698 -0.3582
vn 0.5716 0.5455 0.6129
vn -0.9236 0.3195 -0.2119
vn 0.3691 -0.8055 -0.4636
vn 0.5545 0.4861 0.6755
vn -0.9534 0.2531 0.1644
vn 0.2794 -0.3398 -0.8981
vn 0.6740 0.0866 0.7336
vn 0.6572 -0.3324 0.6765
vn -0.9551 -0.2930 0.0447
vn 0.2979 0.6255 -0.7211
vn 0.7959 -0.3391 0.5015
vn -0.8258 -0.5602 -0.0651
vn 0.0299 0.8992 -0.4364
vn 0.8246 -0.3381 0.4536
vn -0.7723 -0.6155 -0.1571
vn -0.0523 0.9536 -0.2965
vn 0.8367 -0.3373 0.4315
vn -0.7459 -0.6330 -0.2072
vn -0.0907 0.9703 -0.2243
vn 0.8404 -0.3370 0.4244
vn -0.7373 -0.6373 -0.2241
vn -0.1031 0.9743 -0.2004
vn 0.8718 -0.1697 -0.4595
vn -0.8484 -0.3588 -0.3892
vn -0.0234 0.5284 0.8486
vn 0.8749 -0.1719 -0.4528
vn -0.8525 -0.2962 -0.4306
vn -0.0223 0.4681 0.8834
vn 0.8850 -0.1796 -0.4295
vn -0.8441 -0.1330 -0.5195
vn -0.0410 0.3126 0.9490
vn 0.9102 -0.2006 -0.3622
vn -0.7794 0.0784 -0.6216
vn -0.1309 0.1222 0.9838
vn 0.7600 -0.3389 0.5546
vn 0.1133 0.1144 -0.9869
vn -0.8733 0.2245 0.4324
vn -0.7571 0.0979 0.6460
vn 0.8120 -0.5240 0.2571
vn -0.0550 0.4260 -0.9030
vn -0.8094 0.1282 0.5731
vn 0.6899 -0.6781 0.2535
vn 0.1195 0.5499 -0.8266
vn -0.8186 0.1339 0.5585
vn 0.6434 -0.7322 0.2234
vn 0.1752 0.5983 -0.7819
vn -0.8757 0.1725 0.4511
vn 0.0896 -0.7597 -0.6441
vn 0.7861 0.5872 0.1930
vn -0.9098 0.2002 0.3637
vn 0.1302 -0.7690 -0.6258
vn 0.7796 0.5688 0.2622
vn -0.9593 0.2782 0.0478
vn 0.2590 -0.8149 -0.5186
vn 0.7003 0.5366 0.4707
vn -0.7826 0.3392 -0.5220
vn 0.3454 -0.9246 -0.1608
vn 0.4372 0.5854 0.6828
vn -0.3074 0.2745 -0.9111
vn 0.0780 -0.9700 0.2303
vn 0.2294 0.6955 0.6809
vn 0.0222 0.1897 -0.9816
vn -0.2026 -0.9233 0.3264
vn 0.1804 0.7336 0.6552
vn 0.1923 0.1367 -0.9718
vn -0.3545 -0.8783 0.3209
vn 0.1622 0.7416 0.6509
vn 0.2459 0.1186 -0.9620
vn -0.4016 -0.8614 0.3109
vn 0.1558 0.7428 0.6512
vn 0.8848 -0.3310 0.3281
vn -0.8108 -0.5802 0.0772
vn -0.0739 0.9112 -0.4053
vn 0.8300 -0.3378 0.4438
vn -0.8136 -0.5795 -0.0460
vn -0.0164 0.9173 -0.3978
vn 0.2007 -0.2497 0.9473
vn -0.2287 -0.7097 -0.6664
vn 0.0280 0.9593 -0.2809
vn -0.8164 0.1325 0.5620
vn 0.4797 -0.8773 0.0141
vn 0.3368 0.7448 -0.5761
vn -0.9292 0.2193 0.2975
vn 0.3967 -0.8921 0.2160
vn 0.5325 0.6729 -0.5135
vn -0.9491 0.2452 0.1977
vn 0.3521 -0.8955 0.2721
vn 0.5970 0.6503 -0.4698
vn -0.9551 0.2571 0.1473
vn 0.3278 -0.8970 0.2965
vn 0.6273 0.6399 -0.4438
vn -0.9565 0.2609 0.1305
vn 0.3195 -0.8975 0.3041
vn 0.6370 0.6366 -0.4346
vn 0.2174 -0.2537 0.9425
vn -0.6404 -0.5541 -0.5319
vn 0.4229 0.8078 -0.4106
vn 0.2759 -0.2674 0.9232
vn -0.6971 -0.5272 -0.4859
vn 0.4212 0.7946 -0.4373
vn 0.4783 -0.3080 0.8224
vn -0.8450 -0.4520 -0.2858
vn 0.3667 0.7600 -0.5366
vn 0.8638 -0.3345 0.3768
vn -0.8613 -0.4363 0.2603
vn -0.0025 0.7708 -0.6370
vn 0.8468 -0.1521 -0.5097
vn -0.3566 -0.7146 0.6018
vn -0.4902 0.8667 -0.0922
vn 0.5654 -0.0046 -0.8248
vn -0.2110 -0.8590 0.4664
vn -0.3543 0.8637 0.3585
vn 0.4165 0.0565 -0.9074
vn -0.2253 -0.8919 0.3921
vn -0.1912 0.8354 0.5153
vn 0.3708 0.0739 -0.9258
vn -0.2376 -0.8968 0.3733
vn -0.1332 0.8228 0.5524
vn 0.3193 0.0928 -0.9431
vn 0.2798 -0.7888 0.5472
vn -0.5991 0.6960 0.3959
vn 0.0506 0.1812 -0.9821
vn 0.3616 -0.8559 0.3698
vn -0.4122 0.6746 0.6123
vn -0.4673 0.3061 -0.8295
vn 0.1738 -0.9740 0.1455
vn 0.2935 0.6679 0.6839
vn -0.7325 0.3379 -0.5910
vn 0.0034 -0.9553 0.2956
vn 0.7291 0.6174 0.2953
vn -0.8410 0.3370 -0.4233
vn 0.0223 -0.9111 0.4116
vn 0.8187 0.5742 0.0118
vn -0.8896 0.3300 -0.3158
vn 0.0702 -0.8847 0.4608
vn 0.8193 0.5547 -0.1450
vn -0.9143 0.3231 -0.2442
vn 0.1110 -0.8692 0.4818
vn 0.8033 0.5461 -0.2375
vn -0.9222 0.3201 -0.2170
vn 0.1277 -0.8638 0.4873
vn 0.7945 0.5438 -0.2703
vn -0.3252 -0.0907 0.9413
vn 0.6547 -0.6600 -0.3686
vn -0.3295 0.7506 -0.5727
vn -0.4129 -0.0579 0.9089
vn 0.6348 -0.7091 -0.3069
vn -0.2219 0.7670 -0.6020
vn -0.5760 0.0093 0.8174
vn 0.5427 -0.8106 -0.2200
vn 0.0332 0.8013 -0.5974
vn -0.7092 0.0725 0.7013
vn 0.3917 -0.8922 -0.2246
vn 0.3174 0.8197 -0.4767
vn -0.8064 0.1264 0.5778
vn 0.2384 -0.9122 -0.3332
vn 0.5680 0.7859 -0.2445
vn -0.8713 0.1693 0.4606
vn 0.1515 -0.8631 -0.4818
vn 0.7198 0.6938 0.0212
vn -0.9120 0.2022 0.3569
vn 0.1388 -0.7878 -0.6000
vn 0.7733 0.5856 0.2432
vn -0.9258 0.2156 0.3106
vn 0.1496 -0.7525 -0.6414
vn 0.7761 0.5369 0.3308
vn -0.0251 0.2033 -0.9788
vn -0.6758 -0.6194 0.3995
vn 0.7009 0.4161 0.5793
vn 0.1020 0.1656 -0.9809
vn -0.7882 -0.5120 0.3413
vn 0.6862 0.3465 0.6396
vn 0.8211 -0.1355 -0.5544
vn -0.9043 -0.1413 -0.4029
vn 0.0831 0.2767 0.9573
vn 0.7589 -0.3389 0.5561
vn -0.3202 -0.5300 -0.7852
vn -0.4387 0.8689 0.2291
vn 0.5754 -0.3229 0.7515
vn -0.3905 -0.6544 -0.6475
vn -0.1848 0.9773 -0.1039
vn 0.4997 -0.3116 0.8082
vn -0.4514 -0.6644 -0.5957
vn -0.0483 0.9760 -0.2125
vn 0.4601 -0.3048 0.8339
vn -0.4856 -0.6602 -0.5730
vn 0.0256 0.9650 -0.2610
vn 0.4466 -0.3024 0.8421
vn -0.4973 -0.6574 -0.5661
vn 0.0506 0.9598 -0.2759
vn -0.9194 0.3212 -0.2271
vn 0.1262 -0.6945 0.7084
vn 0.7932 0.3732 -0.4812
vn -0.9350 0.3136 -0.1654
vn 0.1945 -0.6089 0.7690
vn 0.7406 0.2953 -0.6036
vn -0.4188 -0.0556 0.9064
vn 0.9279 -0.3439 -0.1440
vn -0.5091 0.3995 -0.7624
vn 0.7808 -0.3392 0.5247
vn -0.0973 -0.2429 -0.9652
vn -0.6835 0.5821 0.4405
vn 0.8318 -0.3377 0.4405
vn -0.3599 -0.4628 -0.8101
vn -0.4719 0.8004 0.3696
vn 0.8473 -0.3364 0.4111
vn -0.4909 -0.5628 -0.6650
vn -0.3563 0.8992 0.2539
vn 0.8546 -0.3356 0.3962
vn -0.5620 -0.6060 -0.5630
vn -0.2926 0.9416 0.1668
vn 0.8570 -0.3353 0.3912
vn -0.5857 -0.6178 -0.5246
vn -0.2713 0.9532 0.1334
vn 0.0009 -0.1964 0.9805
vn 0.5544 -0.5537 -0.6213
vn -0.5553 0.7501 -0.3592
vn -0.0097 -0.1933 0.9811
vn 0.5532 -0.5620 -0.6149
vn -0.5435 0.7553 -0.3662
vn -0.0343 -0.1861 0.9819
vn 0.5489 -0.5817 -0.6003
vn -0.5145 0.7678 -0.3817
vn -0.0653 -0.1768 0.9821
vn 0.5403 -0.6072 -0.5825
vn -0.4751 0.7840 -0.3995
vn -0.1051 -0.1646 0.9807
vn 0.5236 -0.6409 -0.5613
vn -0.4185 0.8055 -0.4195
vn -0.1579 -0.1479 0.9763
vn 0.4897 -0.6869 -0.5370
vn -0.3318 0.8348 -0.4394
vn -0.2305 -0.1239 0.9652
vn 0.4163 -0.7494 -0.5148
vn -0.1859 0.8733 -0.4503
vn -0.2774 -0.1077 0.9547
vn 0.3490 -0.7856 -0.5109
vn -0.0716 0.8933 -0.4437
vn 0.8190 -0.1341 -0.5579
vn -0.5240 -0.7905 0.3170
vn -0.2950 0.9246 0.2409
vn 0.8269 -0.1391 -0.5449
vn -0.4967 -0.7875 0.3648
vn -0.3301 0.9266 0.1801
vn 0.8482 -0.1531 -0.5070
vn -0.4352 -0.7574 0.4868
vn -0.4131 0.9105 0.0202
vn 0.8818 -0.1771 -0.4372
vn -0.3829 -0.6653 0.6409
vn -0.4988 0.8424 -0.2037
vn 0.9350 -0.2258 -0.2735
vn -0.4199 -0.4669 0.7783
vn -0.5151 0.6927 -0.5048
vn 0.9021 -0.3270 0.2817
vn -0.7840 -0.1066 0.6116
vn -0.1181 0.4336 -0.8933
vn 0.0099 -0.1990 0.9800
vn -0.8699 0.1393 -0.4732
vn 0.8600 0.0597 -0.5068
vn -0.2782 -0.1074 0.9545
vn -0.6927 0.0693 -0.7179
vn 0.9709 0.0382 -0.2366
vn -0.7666 0.1032 0.6337
vn 0.7729 -0.5867 0.2416
vn -0.0063 0.4835 -0.8753
vn -0.9407 0.2329 0.2466
vn 0.4949 -0.6971 0.5187
vn 0.4458 0.4643 -0.7653
vn -0.9446 0.3067 -0.1166
vn 0.1886 -0.8981 0.3973
vn 0.7560 0.5914 -0.2807
vn -0.9125 0.3237 -0.2499
vn 0.1615 -0.9759 0.1466
vn 0.7510 0.6522 0.1032
vn -0.8899 0.3300 -0.3149
vn 0.2017 -0.9794 -0.0084
vn 0.6882 0.6495 0.3233
vn -0.8744 0.3329 -0.3529
vn 0.2425 -0.9655 -0.0948
vn 0.6320 0.6326 0.4477
vn -0.8634 0.3346 -0.3777
vn 0.2745 -0.9505 -0.1457
vn 0.5888 0.6159 0.5234
vn -0.8590 0.3351 -0.3871
vn 0.2876 -0.9437 -0.1635
vn 0.5714 0.6086 0.5506
vn -0.9591 0.2814 0.0314
vn 0.2893 -0.7203 -0.6304
vn 0.6697 0.4389 0.5991
vn -0.9562 0.2601 0.1340
vn 0.2350 -0.7252 -0.6473
vn 0.7213 0.4651 0.5133
vn -0.8489 0.1535 0.5058
vn 0.0815 -0.7856 -0.6134
vn 0.7674 0.6321 0.1075
vn -0.2557 -0.1153 0.9599
vn 0.2291 -0.7991 -0.5558
vn 0.0266 0.9144 -0.4040
vn 0.3422 -0.2819 0.8963
vn 0.1417 -0.5875 -0.7967
vn -0.4839 0.8695 -0.0996
vn 0.5699 -0.3222 0.7559
vn -0.0135 -0.5016 -0.8650
vn -0.5564 0.8237 0.1091
vn 0.6652 -0.3332 0.6682
vn -0.1042 -0.4677 -0.8777
vn -0.5610 0.8009 0.2096
vn 0.6933 -0.3355 0.6378
vn -0.1347 -0.4581 -0.8786
vn -0.5586 0.7937 0.2409
vn -0.2898 -0.1033 0.9515
vn 0.4961 -0.7397 -0.4547
vn -0.2063 0.8430 -0.4968
vn -0.2005 -0.1340 0.9705
vn 0.5534 -0.6710 -0.4935
vn -0.3529 0.8049 -0.4770
vn 0.7305 -0.3378 0.5935
vn 0.0564 -0.1357 -0.9891
vn -0.7869 0.4736 0.3956
vn 0.7370 -0.0870 -0.6703
vn -0.8579 -0.4964 -0.1329
vn 0.1209 0.5834 0.8031
vn 0.6178 -0.0282 -0.7858
vn -0.6445 -0.7484 0.1564
vn 0.0267 0.7766 0.6294
vn 0.5733 -0.0081 -0.8193
vn -0.5226 -0.8143 0.2526
vn -0.0507 0.8224 0.5667
vn 0.5504 0.0019 -0.8349
vn -0.4554 -0.8394 0.2968
vn -0.0950 0.8375 0.5381
vn 0.5427 0.0052 -0.8399
vn -0.4324 -0.8465 0.3107
vn -0.1103 0.8413 0.5292
vn -0.2492 -0.1175 0.9613
vn -0.7139 0.1041 -0.6925
vn 0.9631 0.0134 -0.2688
vn -0.3171 -0.0936 0.9438
vn -0.6592 -0.0071 -0.7519
vn 0.9762 0.1007 -0.1918
vn -0.3851 -0.0685 0.9203
vn -0.5444 -0.2772 -0.7917
vn 0.9295 0.3457 -0.1286
vn -0.4188 -0.0556 0.9064
vn -0.3624 -0.5495 -0.7528
vn 0.7812 0.6051 -0.1535
vn -0.4389 -0.0478 0.8973
vn -0.1434 -0.7317 -0.6663
vn 0.5822 0.7795 -0.2309
vn -0.4521 -0.0426 0.8909
vn 0.0444 -0.8151 -0.5776
vn 0.4077 0.8577 -0.3133
vn -0.4615 -0.0388 0.8863
vn 0.1809 -0.8428 -0.5069
vn 0.2806 0.8816 -0.3794
vn -0.4653 -0.0373 0.8844
vn 0.2329 -0.8466 -0.4785
vn 0.2324 0.8839 -0.4058
vn 0.6630 -0.0495 -0.7469
vn -0.8492 -0.5257 -0.0496
vn 0.1862 0.5752 0.7965
vn 0.6087 -0.0240 -0.7931
vn -0.8234 -0.5672 0.0157
vn 0.2147 0.5912 0.7774
vn 0.4724 0.0344 -0.8807
vn -0.7258 -0.6709 0.1522
vn 0.2534 0.6365 0.7285
vn 0.3004 0.0996 -0.9486
vn -0.5484 -0.7913 0.2703
vn 0.2480 0.6917 0.6783
vn 0.1056 0.1645 -0.9807
vn -0.2998 -0.8961 0.3273
vn 0.1942 0.7316 0.6534
vn -0.0888 0.2209 -0.9713
vn -0.0378 -0.9527 0.3016
vn 0.1265 0.7318 0.6697
vn -0.2611 0.2640 -0.9285
vn 0.1756 -0.9605 0.2160
vn 0.0855 0.6964 0.7125
vn -0.3354 0.2805 -0.8994
vn 0.2564 -0.9527 0.1632
vn 0.0790 0.6722 0.7361
vn -0.9155 0.3227 -0.2404
vn 0.1125 -0.8622 0.4939
vn 0.8029 0.5395 -0.2535
vn -0.9389 0.3111 -0.1473
vn 0.1713 -0.8905 0.4216
vn 0.7676 0.5793 -0.2742
vn -0.9588 0.2702 0.0875
vn 0.2726 -0.9439 0.1866
vn 0.6863 0.6737 -0.2741
vn -0.9085 0.1991 0.3675
vn 0.2699 -0.9457 -0.1812
vn 0.6386 0.7466 -0.1862
vn -0.7718 0.1061 0.6270
vn 0.0893 -0.8326 -0.5466
vn 0.6825 0.7265 -0.0803
vn -0.5908 0.0159 0.8067
vn -0.1666 -0.6642 -0.7288
vn 0.7574 0.6483 -0.0779
vn -0.4198 -0.0552 0.9059
vn -0.3746 -0.5339 -0.7581
vn 0.7944 0.5891 -0.1479
vn -0.3463 -0.0830 0.9344
vn -0.4525 -0.4884 -0.7462
vn 0.7988 0.5714 -0.1883
vn -0.2157 -0.1289 0.9679
vn 0.2633 -0.7839 -0.5623
vn -0.0476 0.9128 -0.4056
vn -0.0960 -0.1674 0.9812
vn -0.0715 -0.7598 -0.6462
vn 0.1674 0.9272 -0.3350
vn 0.1417 -0.2348 0.9617
vn -0.6925 -0.4830 -0.5359
vn 0.5508 0.7179 -0.4258
vn 0.3455 -0.2826 0.8948
vn -0.9233 -0.2586 -0.2839
vn 0.5778 0.5412 -0.6109
vn 0.5000 -0.3116 0.8080
vn -0.9831 -0.1672 -0.0749
vn 0.4830 0.4788 -0.7331
vn 0.6101 -0.3273 0.7215
vn -0.9875 -0.1358 0.0805
vn 0.3773 0.4631 -0.8020
vn 0.6874 -0.3351 0.6443
vn -0.9724 -0.1282 0.1948
vn 0.2850 0.4633 -0.8391
vn 0.7171 -0.3371 0.6101
vn -0.9622 -0.1284 0.2403
vn 0.2451 0.4656 -0.8504
vn -0.6765 0.3342 -0.6562
vn -0.0300 -0.9507 0.3087
vn 0.7066 0.6165 0.3475
vn -0.6693 0.3336 -0.6639
vn 0.0363 -0.9731 0.2276
vn 0.6330 0.6395 0.4363
vn -0.6487 0.3316 -0.6850
vn 0.2546 -0.9668 0.0208
vn 0.3941 0.6352 0.6642
vn -0.6117 0.3275 -0.7201
vn 0.5608 -0.8138 -0.1523
vn 0.0509 0.4863 0.8723
vn -0.5285 0.3161 -0.7879
vn 0.8007 -0.5833 -0.1366
vn -0.2721 0.2672 0.9244
vn -0.2217 0.2548 -0.9412
vn 0.8717 -0.4448 0.2054
vn -0.6500 0.1901 0.7358
vn 0.9058 -0.1967 -0.3754
vn -0.2014 -0.2108 0.9566
vn -0.7044 0.4075 -0.5812
vn 0.9523 -0.2985 0.0640
vn -0.6065 -0.0906 0.7899
vn -0.3457 0.3890 -0.8539
vn 0.8179 -0.1335 -0.5596
vn -0.5013 -0.7915 0.3495
vn -0.3166 0.9250 0.2101
vn 0.9094 -0.1998 -0.3648
vn -0.5896 -0.7460 0.3094
vn -0.3197 0.9459 0.0554
vn 0.8861 -0.3308 0.3248
vn -0.7835 -0.6205 -0.0339
vn -0.1025 0.9512 -0.2910
vn 0.5006 -0.3117 0.8076
vn -0.6390 -0.6160 -0.4608
vn 0.1384 0.9277 -0.3469
vn 0.2349 -0.2579 0.9372
vn -0.4453 -0.6611 -0.6038
vn 0.2104 0.9190 -0.3334
vn 0.0941 -0.2223 0.9704
vn -0.3302 -0.6922 -0.6418
vn 0.2360 0.9145 -0.3286
vn 0.0126 -0.1997 0.9798
vn -0.2615 -0.7117 -0.6520
vn 0.2490 0.9114 -0.3277
vn -0.0161 -0.1914 0.9814
vn -0.2372 -0.7187 -0.6536
vn 0.2533 0.9102 -0.3278
vn 0.6424 -0.0396 -0.7654
vn 0.0021 -0.7215 0.6924
vn -0.6445 0.7611 0.0729
vn 0.5260 0.0123 -0.8504
vn 0.1123 -0.7546 0.6465
vn -0.6382 0.7423 0.2039
vn 0.1771 0.1417 -0.9739
vn 0.3099 -0.8387 0.4477
vn -0.4870 0.6971 0.5262
vn -0.2328 0.2574 -0.9378
vn 0.3129 -0.9284 0.2006
vn -0.0800 0.6709 0.7372
vn -0.5292 0.3162 -0.7874
vn 0.1556 -0.9782 0.1376
vn 0.3735 0.6620 0.6498
vn -0.6940 0.3356 -0.6370
vn 0.0562 -0.9762 0.2094
vn 0.6378 0.6406 0.4275
vn -0.7829 0.3392 -0.5216
vn 0.0340 -0.9581 0.2845
vn 0.7488 0.6189 0.2371
vn -0.8115 0.3387 -0.4761
vn 0.0366 -0.9492 0.3126
vn 0.7749 0.6105 0.1636
vn 0.9389 -0.3111 0.1473
vn -0.4310 -0.1172 -0.8947
vn -0.5079 0.4283 0.7474
vn 0.8958 -0.3286 0.2993
vn -0.3466 -0.2475 -0.9048
vn -0.5492 0.5761 0.6054
vn 0.7980 -0.3390 0.4983
vn -0.3550 -0.5112 -0.7827
vn -0.4430 0.8502 0.2844
vn 0.7165 -0.3371 0.6107
vn -0.5205 -0.6423 -0.5626
vn -0.1960 0.9794 -0.0481
vn 0.6551 -0.3322 0.6785
vn -0.6783 -0.6242 -0.3876
vn 0.0232 0.9565 -0.2910
vn 0.6089 -0.3272 0.7226
vn -0.7764 -0.5591 -0.2908
vn 0.1675 0.8863 -0.4318
vn 0.5735 -0.3226 0.7530
vn -0.8333 -0.4969 -0.2422
vn 0.2599 0.8195 -0.5108
vn 0.5588 -0.3206 0.7648
vn -0.8525 -0.4703 -0.2280
vn 0.2938 0.7909 -0.5368
vn 0.5737 -0.3227 0.7528
vn 0.1276 -0.3703 -0.9201
vn -0.7013 0.6930 0.1673
vn 0.4504 -0.3031 0.8398
vn 0.1740 -0.4778 -0.8611
vn -0.6244 0.7808 0.0213
vn 0.0627 -0.2138 0.9749
vn -0.1067 -0.7368 -0.6676
vn 0.0440 0.9506 -0.3073
vn -0.3996 -0.0630 0.9145
vn -0.5003 -0.3548 -0.7898
vn 0.8999 0.4179 -0.1247
vn -0.6949 0.0653 0.7161
vn -0.2705 -0.1939 -0.9430
vn 0.9654 0.1286 0.2269
vn -0.8302 0.1412 0.5394
vn -0.0662 -0.1855 -0.9804
vn 0.8964 0.0443 0.4411
vn -0.8910 0.1843 0.4150
vn 0.0643 -0.2016 -0.9774
vn 0.8267 0.0173 0.5624
vn -0.9082 0.1988 0.3682
vn 0.1107 -0.2104 -0.9713
vn 0.7976 0.0115 0.6031
vn -0.8160 0.1323 0.5627
vn 0.0297 -0.7404 -0.6715
vn 0.7863 0.6082 0.1088
vn -0.7667 0.1033 0.6337
vn -0.0640 -0.6451 -0.7614
vn 0.8307 0.5418 0.1278
vn 0.8475 -0.3364 0.4105
vn -0.8819 -0.3492 0.3167
vn 0.0344 0.6855 -0.7272
vn 0.9361 -0.2271 -0.2685
vn -0.6642 -0.7294 0.1634
vn -0.2719 0.9566 0.1051
vn 0.9161 -0.2061 -0.3438
vn -0.6791 -0.7294 0.0818
vn -0.2370 0.9355 0.2620
vn 0.9071 -0.1979 -0.3714
vn -0.6879 -0.7239 0.0517
vn -0.2192 0.9218 0.3198
vn 0.9021 -0.1935 -0.3857
vn -0.6931 -0.7199 0.0363
vn -0.2090 0.9134 0.3494
vn 0.9003 -0.1920 -0.3906
vn -0.6950 -0.7183 0.0312
vn -0.2053 0.9103 0.3594
vn 0.8825 -0.3315 0.3336
vn -0.8439 -0.4587 0.2781
vn -0.0386 0.7902 -0.6116
vn 0.8119 -0.3387 0.4755
vn -0.8796 -0.4596 0.1230
vn 0.0677 0.7983 -0.5985
vn 0.4883 -0.3097 0.8159
vn -0.7197 -0.5689 -0.3980
vn 0.2314 0.8785 -0.4179
vn -0.0345 -0.1860 0.9819
vn 0.0364 -0.7578 -0.6515
vn -0.0019 0.9438 -0.3305
vn -0.4059 -0.0606 0.9119
vn 0.4602 -0.7945 -0.3963
vn -0.0543 0.8551 -0.5156
vn -0.5906 0.0158 0.8068
vn 0.5684 -0.8010 -0.1879
vn 0.0221 0.7852 -0.6189
vn -0.6852 0.0604 0.7258
vn 0.5926 -0.8030 -0.0626
vn 0.0926 0.7426 -0.6633
vn -0.7156 0.0758 0.6944
vn 0.5950 -0.8035 -0.0191
vn 0.1206 0.7277 -0.6752
vn 0.8222 -0.3382 0.4578
vn -0.4576 -0.5642 -0.6872
vn -0.3646 0.9024 0.2294
vn 0.8183 -0.3384 0.4646
vn -0.4830 -0.5850 -0.6515
vn -0.3353 0.9234 0.1869
vn 0.8060 -0.3389 0.4854
vn -0.5705 -0.6323 -0.5242
vn -0.2354 0.9711 0.0388
vn 0.7788 -0.3392 0.5277
vn -0.7570 -0.6136 -0.2247
vn -0.0218 0.9527 -0.3030
vn 0.6756 -0.3341 0.6572
vn -0.9713 -0.1925 0.1398
vn 0.2957 0.5266 -0.7970
vn -0.8442 0.1503 0.5146
vn -0.0002 0.0839 -0.9965
vn 0.8443 -0.2342 0.4819
vn -0.9268 0.3180 -0.2000
vn 0.5867 -0.3281 -0.7404
vn 0.3401 0.0101 0.9403
vn -0.9090 0.3249 -0.2611
vn 0.6034 -0.4037 -0.6878
vn 0.3056 0.0788 0.9489
vn 0.9195 -0.2093 -0.3326
vn -0.7735 -0.5706 -0.2760
vn -0.1461 0.7799 0.6086
vn 0.9374 -0.2287 -0.2626
vn -0.7563 -0.5906 -0.2815
vn -0.1811 0.8193 0.5441
vn 0.9593 -0.2753 -0.0627
vn -0.7219 -0.6386 -0.2666
vn -0.2375 0.9139 0.3293
vn 0.9150 -0.3229 0.2419
vn -0.7258 -0.6582 -0.2000
vn -0.1892 0.9810 -0.0419
vn 0.7226 -0.3374 0.6033
vn -0.8023 -0.5674 -0.1852
vn 0.0797 0.9049 -0.4181
vn 0.4167 -0.2969 0.8592
vn -0.8330 -0.4433 -0.3311
vn 0.4163 0.7401 -0.5281
vn 0.1453 -0.2358 0.9609
vn -0.7775 -0.3850 -0.4972
vn 0.6322 0.6208 -0.4636
vn 0.0421 -0.2081 0.9772
vn -0.7390 -0.3751 -0.5597
vn 0.6969 0.5832 -0.4175
vn 0.0952 0.1677 -0.9812
vn 0.3335 -0.8557 0.3957
vn -0.4287 0.6880 0.5855
vn 0.0392 0.1847 -0.9820
vn 0.4971 -0.7789 0.3825
vn -0.5362 0.5942 0.5995
vn -0.7725 0.3391 -0.5369
vn 0.8358 -0.2992 -0.4603
vn -0.0633 -0.0399 0.9972
vn -0.4210 -0.0548 0.9054
vn -0.5499 -0.1683 -0.8181
vn 0.9709 0.2230 -0.0873
vn -0.3183 -0.0932 0.9434
vn -0.5078 -0.4340 -0.7442
vn 0.8260 0.5272 -0.1992
vn -0.2845 -0.1052 0.9529
vn -0.4280 -0.5544 -0.7137
vn 0.7125 0.6597 -0.2392
vn -0.2677 -0.1111 0.9571
vn -0.3695 -0.6144 -0.6971
vn 0.6372 0.7255 -0.2600
vn -0.2622 -0.1130 0.9584
vn -0.3472 -0.6336 -0.6914
vn 0.6093 0.7466 -0.2670
vn -0.3927 -0.0656 0.9173
vn -0.0614 -0.7767 -0.6269
vn 0.4541 0.8423 -0.2904
vn -0.2764 -0.1081 0.9550
vn -0.1015 -0.7623 -0.6392
vn 0.3779 0.8704 -0.3157
vn 0.1652 -0.2408 0.9564
vn -0.2552 -0.7091 -0.6573
vn 0.0900 0.9500 -0.2991
vn 0.7605 -0.3389 0.5539
vn -0.5351 -0.6353 -0.5568
vn -0.2254 0.9743 0.0029
vn 0.9504 -0.3009 0.0786
vn -0.6959 -0.6276 -0.3490
vn -0.2545 0.9285 0.2704
vn 0.9535 -0.2535 -0.1628
vn -0.7328 -0.6452 -0.2161
vn -0.2208 0.8988 0.3788
vn 0.9322 -0.2226 -0.2853
vn -0.7375 -0.6602 -0.1422
vn -0.1947 0.8828 0.4276
vn 0.9218 -0.2115 -0.3250
vn -0.7367 -0.6659 -0.1175
vn -0.1851 0.8775 0.4425
vn -0.7453 0.3385 -0.5744
vn 0.4987 -0.8258 -0.2633
vn 0.2466 0.4873 0.8377
vn -0.7587 0.3389 -0.5564
vn 0.5323 -0.7887 -0.3075
vn 0.2264 0.4498 0.8639
vn -0.8204 0.3383 -0.4609
vn 0.6234 -0.6183 -0.4786
vn 0.1970 0.2800 0.9396
vn -0.4705 -0.0352 0.8817
vn -0.5237 0.1346 -0.8412
vn 0.9942 -0.0995 -0.0405
vn 0.5428 -0.3183 0.7772
vn -0.8527 -0.4650 -0.2382
vn 0.3098 0.7833 -0.5390
vn 0.6165 -0.3281 0.7157
vn -0.6619 -0.6244 -0.4147
vn 0.0454 0.9525 -0.3010
vn 0.6411 -0.3308 0.6925
vn -0.5722 -0.6485 -0.5021
vn -0.0690 0.9793 -0.1904
vn 0.6481 -0.3316 0.6856
vn -0.5454 -0.6507 -0.5283
vn -0.1027 0.9822 -0.1572
vn -0.8149 0.3386 -0.4705
vn 0.3219 -0.9322 -0.1656
vn 0.4930 0.5936 0.6361
vn -0.8301 0.3378 -0.4436
vn 0.2880 -0.9482 -0.1339
vn 0.5421 0.6105 0.5775
vn -0.8681 0.3339 -0.3673
vn 0.2073 -0.9781 -0.0178
vn 0.6608 0.6442 0.3850
vn -0.9169 0.3222 -0.2357
vn 0.1516 -0.9655 0.2119
vn 0.7653 0.6433 0.0238
vn -0.9586 0.2843 0.0162
vn 0.2806 -0.8391 0.4661
vn 0.6780 0.5547 -0.4823
vn -0.8627 0.1630 0.4788
vn 0.6468 -0.6769 0.3515
vn 0.2159 0.5138 -0.8303
vn -0.4303 -0.0511 0.9012
vn 0.8205 -0.5379 -0.1936
vn -0.3901 0.5891 -0.7077
vn -0.1993 -0.1344 0.9707
vn 0.7666 -0.4819 -0.4244
vn -0.5673 0.6162 -0.5463
vn -0.9567 0.2615 0.1278
vn 0.4948 -0.4618 0.7362
vn 0.4620 0.2004 -0.8640
vn -0.9044 0.3263 -0.2749
vn 0.1255 -0.4323 0.8930
vn 0.7789 0.1060 -0.6181
vn -0.6645 0.3331 -0.6689
vn -0.3112 -0.5050 0.8051
vn 0.9757 0.1719 -0.1361
vn -0.5156 0.3141 -0.7972
vn -0.3520 -0.7507 0.5590
vn 0.8676 0.4366 0.2381
vn -0.4312 0.2996 -0.8511
vn -0.1281 -0.9380 0.3222
vn 0.5593 0.6384 0.5288
vn -0.3788 0.2895 -0.8790
vn 0.1100 -0.9734 0.2009
vn 0.2688 0.6840 0.6782
vn -0.3435 0.2822 -0.8957
vn 0.2642 -0.9516 0.1571
vn 0.0794 0.6694 0.7387
vn -0.3299 0.2793 -0.9017
vn 0.3167 -0.9369 0.1484
vn 0.0133 0.6575 0.7533
vn 0.4753 0.0332 -0.8792
vn -0.8730 -0.4813 0.0785
vn 0.3977 0.4481 0.8007
vn 0.3966 0.0642 -0.9157
vn -0.9154 -0.3835 0.1227
vn 0.5187 0.3194 0.7931
vn -0.0012 0.1965 -0.9805
vn -0.8568 -0.2180 0.4673
vn 0.8580 0.0215 0.5132
vn -0.8634 0.3346 -0.3777
vn 0.0108 -0.4702 0.8825
vn 0.8525 0.1357 -0.5047
vn -0.9433 0.2363 0.2333
vn 0.4882 -0.6922 0.5316
vn 0.4551 0.4558 -0.7649
vn -0.8879 0.1819 0.4225
vn 0.5413 -0.7880 0.2933
vn 0.3466 0.6061 -0.7159
vn -0.8508 0.1548 0.5022
vn 0.5259 -0.8366 0.1532
vn 0.3249 0.6818 -0.6554
vn -0.8377 0.1460 0.5263
vn 0.5135 -0.8518 0.1036
vn 0.3241 0.7058 -0.6300
vn 0.2171 -0.2537 0.9426
vn -0.6545 -0.5433 -0.5259
vn 0.4374 0.7969 -0.4167
vn 0.3147 -0.2760 0.9082
vn -0.7819 -0.4609 -0.4197
vn 0.4672 0.7370 -0.4885
vn 0.8684 -0.3338 0.3666
vn -0.8621 -0.2844 0.4194
vn -0.0063 0.6183 -0.7859
vn 0.5341 0.0089 -0.8454
vn 0.0704 -0.7752 0.6278
vn -0.6044 0.7664 0.2176
vn 0.2929 0.1023 -0.9507
vn 0.0436 -0.8954 0.4430
vn -0.3365 0.7932 0.5076
vn 0.2085 0.1313 -0.9692
vn -0.0165 -0.9217 0.3875
vn -0.1920 0.7904 0.5817
vn 0.1668 0.1450 -0.9753
vn -0.0551 -0.9293 0.3651
vn -0.1118 0.7843 0.6102
vn 0.1531 0.1495 -0.9769
vn -0.0689 -0.9309 0.3586
vn -0.0842 0.7815 0.6182
vn -0.4245 -0.0534 0.9038
vn 0.4678 -0.7977 -0.3806
vn -0.0433 0.8511 -0.5232
vn -0.3411 -0.0849 0.9362
vn 0.3671 -0.8009 -0.4730
vn -0.0261 0.8859 -0.4632
vn -0.1149 -0.1616 0.9802
vn -0.0101 -0.7698 -0.6382
vn 0.1250 0.9314 -0.3419
vn 0.1846 -0.2457 0.9516
vn -0.5715 -0.5927 -0.5676
vn 0.3868 0.8384 -0.3840
vn 0.4881 -0.3096 0.8160
vn -0.8944 -0.3869 -0.2246
vn 0.4063 0.6965 -0.5915
vn 0.7090 -0.3366 0.6197
vn -0.9440 -0.3136 0.1027
vn 0.2350 0.6502 -0.7225
vn 0.8351 -0.3374 0.4345
vn -0.8931 -0.3141 0.3219
vn 0.0581 0.6516 -0.7564
vn 0.8729 -0.3332 0.3563
vn -0.8586 -0.3237 0.3975
vn -0.0144 0.6569 -0.7539
vn 0.6840 -0.0598 -0.7270
vn 0.1555 -0.4639 0.8721
vn -0.8395 0.5237 -0.1451
vn 0.5264 0.0121 -0.8502
vn 0.3638 -0.4656 0.8067
vn -0.8902 0.4535 0.0434
vn -0.4257 0.2985 -0.8542
vn 0.9051 -0.4251 -0.0142
vn -0.4794 0.1265 0.8684
vn -0.9149 0.3229 -0.2424
vn 0.6039 -0.3682 -0.7069
vn 0.3110 0.0453 0.9493
vn -0.9575 0.2883 -0.0050
vn 0.3618 -0.5459 -0.7557
vn 0.5958 0.2576 0.7607
vn -0.9585 0.2685 0.0954
vn 0.2511 -0.7473 -0.6152
vn 0.7075 0.4788 0.5199
vn -0.9549 0.2567 0.1490
vn 0.2211 -0.8729 -0.4349
vn 0.7338 0.6163 0.2858
vn -0.9530 0.2524 0.1673
vn 0.2217 -0.9082 -0.3550
vn 0.7313 0.6557 0.1877
vn -0.4153 -0.0570 0.9079
vn -0.5119 -0.3028 -0.8039
vn 0.9272 0.3598 -0.1040
vn -0.5801 0.0111 0.8145
vn -0.3612 -0.3448 -0.8664
vn 0.9413 0.3336 0.0520
vn -0.9566 0.2907 -0.0184
vn 0.2706 -0.8574 -0.4378
vn 0.6861 0.5667 0.4562
vn -0.5823 0.3238 -0.7457
vn -0.2358 -0.8391 0.4903
vn 0.8181 0.5152 0.2555
vn -0.3676 0.2872 -0.8846
vn -0.4768 -0.6955 0.5376
vn 0.8443 0.4083 0.3470
vn -0.2707 0.2662 -0.9251
vn -0.5662 -0.6373 0.5227
vn 0.8369 0.3711 0.4024
vn -0.2176 0.2538 -0.9425
vn -0.6107 -0.6074 0.5080
vn 0.8284 0.3536 0.4345
vn -0.1993 0.2493 -0.9477
vn -0.6254 -0.5974 0.5020
vn 0.8247 0.3481 0.4457
vn -0.2258 -0.1255 0.9661
vn 0.8553 -0.3674 -0.3654
vn -0.6295 0.4929 -0.6007
vn 0.4671 -0.3060 0.8296
vn 0.4462 -0.0970 -0.8897
vn -0.9132 0.4030 0.0601
vn 0.9442 -0.2376 -0.2282
vn -0.7176 -0.0832 -0.6914
vn -0.2265 0.3208 0.9197
vn 0.8823 -0.1775 -0.4359
vn -0.7942 -0.5618 -0.2316
vn -0.0882 0.7394 0.6675
vn 0.8500 -0.1542 -0.5038
vn -0.6377 -0.7559 0.1479
vn -0.2122 0.9101 0.3558
vn 0.8317 -0.1422 -0.5367
vn -0.5158 -0.7861 0.3405
vn -0.3159 0.9283 0.1962
vn 0.8201 -0.1348 -0.5561
vn -0.4405 -0.7829 0.4393
vn -0.3796 0.9177 0.1168
vn 0.8158 -0.1321 -0.5631
vn -0.4137 -0.7789 0.4714
vn -0.4021 0.9110 0.0917
vn 0.2871 -0.2699 0.9191
vn -0.3287 -0.6906 -0.6442
vn 0.0416 0.9606 -0.2749
vn 0.2042 -0.2505 0.9463
vn -0.3592 -0.6862 -0.6325
vn 0.1550 0.9367 -0.3138
vn -0.2242 -0.1260 0.9664
vn -0.4428 -0.5675 -0.6942
vn 0.6671 0.6935 -0.2722
vn -0.9562 0.2600 0.1343
vn 0.2574 -0.5753 -0.7764
vn 0.6988 0.3153 0.6421
vn -0.8415 0.3369 -0.4223
vn 0.4638 -0.8007 -0.3791
vn 0.3777 0.4638 0.8014
vn -0.7484 0.3386 -0.5704
vn 0.4400 -0.8711 -0.2179
vn 0.3083 0.5326 0.7882
vn -0.6990 0.3360 -0.6313
vn 0.4121 -0.8998 -0.1431
vn 0.2869 0.5639 0.7744
vn -0.6825 0.3347 -0.6497
vn 0.4009 -0.9083 -0.1195
vn 0.2816 0.5736 0.7692
vn -0.6144 0.3279 -0.7176
vn -0.2166 -0.8392 0.4988
vn 0.8311 0.5113 0.2188
vn -0.6580 0.3325 -0.6757
vn -0.1313 -0.8943 0.4278
vn 0.7893 0.5618 0.2479
vn -0.7637 0.3390 -0.5495
vn 0.1124 -0.9827 0.1475
vn 0.6512 0.6437 0.4020
vn -0.8840 0.3312 -0.3299
vn 0.3725 -0.8609 -0.3467
vn 0.5115 0.5297 0.6766
vn -0.9587 0.2838 0.0190
vn 0.3518 -0.5212 -0.7775
vn 0.6069 0.2374 0.7585
vn -0.8897 0.1833 0.4180
vn 0.0564 -0.2483 -0.9670
vn 0.8333 0.0650 0.5490
vn -0.7087 0.0723 0.7018
vn -0.2565 -0.1087 -0.9604
vn 0.9653 0.0365 0.2586
vn -0.6148 0.0268 0.7882
vn -0.3747 -0.0747 -0.9241
vn 0.9896 0.0479 0.1359
vn 0.9481 -0.2436 -0.2042
vn -0.6597 -0.7133 0.2365
vn -0.2885 0.9569 -0.0323
vn 0.9522 -0.2508 -0.1743
vn -0.6841 -0.7124 0.1563
vn -0.2681 0.9632 0.0180
vn 0.9584 -0.2677 -0.0990
vn -0.7209 -0.6903 -0.0619
vn -0.2375 0.9580 0.1609
vn 0.9575 -0.2884 0.0057
vn -0.7041 -0.6112 -0.3615
vn -0.2534 0.8995 0.3559
vn 0.9375 -0.3121 0.1542
vn -0.5739 -0.4574 -0.6792
vn -0.3636 0.7695 0.5250
vn 0.8705 -0.3335 0.3619
vn -0.3145 -0.2994 -0.9008
vn -0.5559 0.6329 0.5389
vn 0.7088 -0.3366 0.6199
vn 0.0336 -0.2335 -0.9718
vn -0.7424 0.5701 0.3518
vn 0.5816 -0.3237 0.7463
vn 0.2177 -0.2433 -0.9452
vn -0.7993 0.5671 0.1989
vn -0.9529 0.2976 -0.0587
vn 0.2223 -0.8897 0.3988
vn 0.7306 0.5921 -0.3401
vn -0.9461 0.3054 -0.1078
vn 0.1926 -0.9299 0.3135
vn 0.7535 0.6245 -0.2056
vn -0.9167 0.3223 -0.2364
vn 0.2053 -0.9786 -0.0151
vn 0.7114 0.6563 0.2515
vn -0.8431 0.3368 -0.4192
vn 0.4535 -0.8106 -0.3705
vn 0.3897 0.4738 0.7897
vn -0.6752 0.3341 -0.6576
vn 0.7309 -0.6124 -0.3012
vn -0.0557 0.2783 0.9589
vn -0.3697 0.2876 -0.8835
vn 0.8304 -0.5559 0.0375
vn -0.4608 0.2683 0.8460
vn -0.0052 0.1976 -0.9803
vn 0.7387 -0.5453 0.3962
vn -0.7335 0.3477 0.5840
vn 0.1517 0.1499 -0.9770
vn 0.6546 -0.5383 0.5308
vn -0.8063 0.3884 0.4462
vn 0.9395 -0.2313 -0.2528
vn -0.5147 -0.5992 0.6132
vn -0.4247 0.8305 -0.3603
vn 0.9542 -0.2550 -0.1562
vn -0.5980 -0.6014 0.5298
vn -0.3562 0.8565 -0.3736
vn 0.9489 -0.3026 0.0897
vn -0.7475 -0.6255 0.2234
vn -0.2014 0.9281 -0.3131
vn 0.8614 -0.3348 0.3819
vn -0.6938 -0.6486 -0.3130
vn -0.1677 0.9834 -0.0689
vn 0.6863 -0.3350 0.6456
vn -0.3167 -0.5890 -0.7435
vn -0.3696 0.9240 0.0979
vn 0.4808 -0.3084 0.8208
vn 0.0526 -0.5372 -0.8418
vn -0.5335 0.8456 0.0210
vn 0.3004 -0.2729 0.9139
vn 0.2863 -0.5287 -0.7991
vn -0.5867 0.8016 -0.1149
vn 0.2257 -0.2557 0.9400
vn 0.3646 -0.5321 -0.7642
vn -0.5903 0.7878 -0.1759
vn 0.3774 0.0714 -0.9233
vn -0.9228 -0.3602 0.1365
vn 0.5455 0.2888 0.7868
vn 0.3902 0.0666 -0.9183
vn -0.9549 -0.2721 0.1190
vn 0.5647 0.2055 0.7993
vn 0.6591 -0.0476 -0.7506
vn -0.9604 0.2038 -0.1901
vn 0.3013 -0.1562 0.9406
vn -0.2916 -0.1027 0.9510
vn 0.3655 -0.7860 -0.4986
vn -0.0740 0.8887 -0.4524
vn -0.3219 -0.0919 0.9423
vn -0.0681 -0.7741 -0.6294
vn 0.3900 0.8660 -0.3129
vn -0.3310 -0.0886 0.9395
vn -0.2045 -0.7123 -0.6715
vn 0.5355 0.8009 -0.2680
vn -0.3354 -0.0870 0.9381
vn -0.2636 -0.6743 -0.6898
vn 0.5990 0.7613 -0.2483
vn -0.3368 -0.0865 0.9376
vn -0.2817 -0.6611 -0.6954
vn 0.6185 0.7475 -0.2421
vn 0.5644 -0.3214 0.7604
vn -0.5044 -0.6566 -0.5607
vn -0.0599 0.9780 -0.1997
vn 0.5625 -0.3211 0.7619
vn -0.4661 -0.6593 -0.5900
vn -0.0964 0.9804 -0.1718
vn 0.5571 -0.3204 0.7662
vn -0.3528 -0.6538 -0.6694
vn -0.2043 0.9741 -0.0968
vn 0.5465 -0.3188 0.7744
vn -0.1551 -0.6013 -0.7838
vn -0.3914 0.9202 0.0094
vn 0.5179 -0.3145 0.7956
vn 0.1640 -0.4099 -0.8973
vn -0.6819 0.7244 0.1017
vn 0.1731 -0.2428 0.9545
vn 0.7022 -0.1640 -0.6929
vn -0.8752 0.4068 -0.2616
vn -0.6630 0.3330 -0.6705
vn -0.3153 -0.3683 0.8746
vn 0.9783 0.0353 -0.2041
vn -0.6324 0.3299 -0.7008
vn -0.3524 -0.4608 0.8146
vn 0.9849 0.1309 -0.1137
vn 0.6036 -0.3265 0.7274
vn -0.9049 -0.4083 -0.1198
vn 0.3014 0.7349 -0.6076
vn 0.5601 -0.3208 0.7638
vn -0.9111 -0.3846 -0.1480
vn 0.3510 0.7054 -0.6158
vn 0.4382 -0.3009 0.8470
vn -0.9144 -0.3299 -0.2344
vn 0.4763 0.6308 -0.6126
vn 0.2463 -0.2606 0.9335
vn -0.8844 -0.2730 -0.3785
vn 0.6382 0.5336 -0.5550
vn -0.0372 -0.1852 0.9820
vn -0.7749 -0.2416 -0.5841
vn 0.8121 0.4269 -0.3979
vn -0.3726 -0.0732 0.9251
vn -0.5515 -0.2823 -0.7850
vn 0.9241 0.3555 -0.1401
vn -0.6486 0.0426 0.7600
vn -0.2768 -0.4050 -0.8714
vn 0.9253 0.3624 0.1115
vn -0.7431 0.0903 0.6630
vn -0.1555 -0.4808 -0.8629
vn 0.8987 0.3905 0.1999
vn 0.4287 0.0518 -0.9019
vn -0.7241 -0.6680 0.1718
vn 0.2954 0.6162 0.7301
vn 0.4470 0.0446 -0.8934
vn -0.8561 -0.5058 0.1061
vn 0.4090 0.4613 0.7873
vn -0.1400 -0.1536 0.9782
vn 0.8151 -0.3630 -0.4515
vn -0.6751 0.5167 -0.5266
vn -0.3615 -0.0774 0.9291
vn 0.4439 -0.7857 -0.4308
vn -0.0824 0.8631 -0.4983
vn -0.3783 -0.0711 0.9230
vn 0.2855 -0.8247 -0.4883
vn 0.0928 0.8958 -0.4347
vn -0.3844 -0.0688 0.9206
vn 0.2158 -0.8296 -0.5150
vn 0.1686 0.8984 -0.4056
vn -0.3876 -0.0676 0.9193
vn 0.1777 -0.8292 -0.5299
vn 0.2100 0.8968 -0.3894
vn -0.3887 -0.0672 0.9189
vn 0.1644 -0.8286 -0.5351
vn 0.2242 0.8958 -0.3838
vn -0.1880 0.2465 -0.9507
vn 0.6680 -0.7143 0.2086
vn -0.4800 0.4678 0.7421
vn -0.2628 0.2644 -0.9279
vn 0.6545 -0.7427 0.1419
vn -0.3917 0.4782 0.7861
vn -0.4536 0.3037 -0.8379
vn 0.5269 -0.8499 0.0035
vn -0.0733 0.5463 0.8344
vn -0.6869 0.3350 -0.6449
vn 0.0870 -0.9811 0.1729
vn 0.5999 0.6460 0.4720
vn -0.8848 0.3310 -0.3280
vn 0.0401 -0.7566 0.6527
vn 0.8447 0.4255 -0.3246
vn -0.9586 0.2841 0.0175
vn 0.3421 -0.6474 0.6810
vn 0.6165 0.3633 -0.6985
vn -0.9332 0.2237 0.2812
vn 0.5562 -0.6159 0.5580
vn 0.3770 0.3921 -0.8391
vn -0.9054 0.1963 0.3764
vn 0.6249 -0.6068 0.4913
vn 0.2805 0.4104 -0.8677
vn -0.7966 0.1205 0.5923
vn 0.1925 -0.8946 -0.4033
vn 0.6042 0.7741 -0.1891
vn -0.7674 0.1037 0.6327
vn 0.1585 -0.8766 -0.4544
vn 0.6089 0.7729 -0.1783
vn -0.6677 0.0518 0.7427
vn 0.0354 -0.8103 -0.5849
vn 0.6323 0.7585 -0.1577
vn -0.4426 -0.0463 0.8955
vn -0.2392 -0.6615 -0.7108
vn 0.6818 0.7078 -0.1847
vn 0.0462 -0.2092 0.9768
vn -0.6869 -0.4449 -0.5747
vn 0.6407 0.6541 -0.4021
vn 0.5949 -0.3255 0.7349
vn -0.9022 -0.4106 -0.1319
vn 0.3073 0.7361 -0.6031
vn 0.8387 -0.3371 0.4277
vn -0.8596 -0.4952 0.1262
vn 0.0209 0.8323 -0.5539
vn 0.8885 -0.3303 0.3185
vn -0.8266 -0.5317 0.1847
vn -0.0620 0.8619 -0.5032
vn 0.2649 0.1121 -0.9577
vn 0.6014 -0.4901 0.6310
vn -0.8662 0.3780 0.3267
vn -0.3638 0.2864 -0.8863
vn 0.8656 -0.4984 0.0477
vn -0.5018 0.2120 0.8386
vn -0.8577 0.3353 -0.3899
vn 0.5093 -0.7259 -0.4623
vn 0.3483 0.3906 0.8521
vn -0.9293 0.3168 -0.1899
vn 0.2030 -0.9792 0.0062
vn 0.7263 0.6624 0.1838
vn -0.9472 0.3043 -0.1007
vn 0.1960 -0.9308 0.3084
vn 0.7512 0.6265 -0.2077
vn -0.9537 0.2964 -0.0515
vn 0.2288 -0.8774 0.4216
vn 0.7249 0.5810 -0.3701
vn -0.9565 0.2911 -0.0205
vn 0.2560 -0.8432 0.4727
vn 0.7005 0.5521 -0.4522
vn -0.9573 0.2890 -0.0090
vn 0.2669 -0.8308 0.4883
vn 0.6904 0.5419 -0.4793
vn 0.9556 -0.2584 -0.1414
vn -0.7164 -0.6970 -0.0319
vn -0.2392 0.9554 0.1733
vn 0.9388 -0.2305 -0.2558
vn -0.7010 -0.7127 0.0239
vn -0.2378 0.9432 0.2320
vn 0.7967 -0.1206 -0.5922
vn -0.6124 -0.7704 0.1773
vn -0.1843 0.8910 0.4149
vn 0.3588 0.0784 -0.9301
vn -0.3957 -0.8637 0.3121
vn 0.0369 0.7853 0.6180
vn -0.1331 0.2326 -0.9634
vn -0.1772 -0.9312 0.3186
vn 0.3103 0.6985 0.6448
vn -0.4053 0.2947 -0.8654
vn -0.0569 -0.9589 0.2779
vn 0.4622 0.6643 0.5875
vn -0.5412 0.3181 -0.7784
vn 0.0050 -0.9702 0.2424
vn 0.5362 0.6521 0.5360
vn -0.5838 0.3240 -0.7444
vn 0.0249 -0.9732 0.2285
vn 0.5589 0.6492 0.5159
vn 0.6565 -0.3324 0.6772
vn -0.9477 -0.3183 0.0241
vn 0.2912 0.6507 -0.7013
vn 0.5830 -0.3239 0.7451
vn -0.9623 -0.2695 -0.0353
vn 0.3794 0.5934 -0.7099
vn -0.2005 -0.1339 0.9705
vn -0.7213 -0.1242 -0.6814
vn 0.9218 0.2582 -0.2891
vn -0.9544 0.2952 -0.0444
vn 0.2257 -0.9726 -0.0565
vn 0.7287 0.6774 0.1009
vn -0.9040 0.3264 -0.2762
vn 0.1098 -0.9292 0.3528
vn 0.7942 0.6028 -0.0766
vn -0.8762 0.3326 -0.3488
vn 0.0525 -0.8901 0.4527
vn 0.8237 0.5575 -0.1040
vn -0.8607 0.3349 -0.3835
vn 0.0224 -0.8687 0.4948
vn 0.8382 0.5338 -0.1113
vn -0.8553 0.3356 -0.3948
vn 0.0123 -0.8615 0.5076
vn 0.8430 0.5259 -0.1128
vn -0.0200 -0.1903 0.9815
vn -0.4706 -0.6102 -0.6373
vn 0.4906 0.8005 -0.3442
vn -0.0054 -0.1946 0.9809
vn -0.4556 -0.6230 -0.6358
vn 0.4610 0.8176 -0.3450
vn 0.1033 -0.2248 0.9689
vn -0.3196 -0.6957 -0.6433
vn 0.2164 0.9204 -0.3256
vn 0.2620 0.1131 -0.9584
vn -0.8361 -0.4959 0.2346
vn 0.5741 0.3829 0.7238
vn 0.1285 0.1573 -0.9792
vn -0.6786 -0.6636 0.3150
vn 0.5501 0.5063 0.6642
vn 0.1029 0.1653 -0.9809
vn -0.6393 -0.6968 0.3253
vn 0.5364 0.5315 0.6556
vn 0.0920 0.1687 -0.9814
vn -0.6217 -0.7108 0.3290
vn 0.5297 0.5421 0.6523
vn 0.0886 0.1697 -0.9815
vn -0.6161 -0.7151 0.3301
vn 0.5275 0.5454 0.6514
vn 0.9410 -0.2333 -0.2452
vn -0.3823 -0.3128 0.8695
vn -0.5587 0.5460 -0.6243
vn 0.9582 -0.2666 -0.1043
vn -0.4873 -0.2078 0.8481
vn -0.4708 0.4744 -0.7438
vn -0.8090 0.1280 0.5737
vn 0.0308 -0.7498 -0.6609
vn 0.7782 0.6219 0.0872
vn -0.8770 0.1735 0.4481
vn 0.5463 -0.7958 0.2613
vn 0.3307 0.6223 -0.7095
vn -0.8894 0.1830 0.4190
vn 0.5769 -0.7366 0.3529
vn 0.3125 0.5536 -0.7719
vn -0.8945 0.1871 0.4061
vn 0.5847 -0.7138 0.3855
vn 0.3098 0.5267 -0.7916
vn -0.8973 0.1894 0.3988
vn 0.5879 -0.7019 0.4022
vn 0.3094 0.5125 -0.8011
vn -0.8982 0.1902 0.3963
vn 0.5888 -0.6978 0.4079
vn 0.3094 0.5076 -0.8041
vn -0.9593 0.2778 0.0502
vn 0.2373 -0.9298 -0.2815
vn 0.7221 0.6520 0.2313
vn -0.9592 0.2801 0.0383
vn 0.2360 -0.9469 -0.2185
vn 0.7232 0.6668 0.1802
vn -0.9581 0.2865 0.0045
vn 0.2309 -0.9723 -0.0362
vn 0.7271 0.6858 0.0316
vn -0.9534 0.2969 -0.0544
vn 0.2164 -0.9424 0.2549
vn 0.7369 0.6456 -0.2004
vn -0.9314 0.3157 -0.1811
vn 0.1568 -0.7581 0.6330
vn 0.7746 0.4424 -0.4519
vn -0.7479 0.3386 -0.5710
vn -0.1940 -0.3802 0.9043
vn 0.9419 0.0417 -0.3333
vn 0.4857 0.0290 -0.8736
vn -0.9935 0.1110 0.0236
vn 0.5078 -0.1400 0.8500
vn 0.7567 -0.0977 -0.6464
vn -0.9359 0.1011 -0.3374
vn 0.1792 -0.0033 0.9838
vn -0.7027 0.3362 -0.6270
vn 0.6256 -0.7235 -0.2917
vn 0.0771 0.3873 0.9187
vn -0.7429 0.3384 -0.5776
vn 0.5728 -0.7569 -0.3146
vn 0.1701 0.4185 0.8922
vn -0.8217 0.3383 -0.4588
vn 0.4241 -0.8546 -0.2997
vn 0.3976 0.5163 0.7585
vn -0.8904 0.3299 -0.3138
vn 0.2450 -0.9628 -0.1139
vn 0.6453 0.6329 0.4277
vn -0.9386 0.3113 -0.1488
vn 0.1803 -0.9600 0.2144
vn 0.7583 0.6486 -0.0656
vn -0.9588 0.2830 0.0234
vn 0.2778 -0.8609 0.4263
vn 0.6810 0.5779 -0.4497
vn -0.9505 0.2477 0.1875
vn 0.4186 -0.7730 0.4767
vn 0.5319 0.5253 -0.6642
vn -0.9374 0.2287 0.2626
vn 0.4834 -0.7406 0.4667
vn 0.4540 0.5119 -0.7293
f 1//1 4//4 5//5
f 1//1 5//5 2//2
f 2//2 5//5 6//6
f 2//2 6//6 3//3
f 3//3 6//6 4//4
f 3//3 4//4 1//1
f 4//4 7//7 8//8
f 4//4 8//8 5//5
f 5//5 8//8 9//9
f 5//5 9//9 6//6
f 6//6 9//9 7//7
f 6//6 7//7 4//4
f 7//7 10//10 11//11
f 7//7 11//11 8//8
f 8//8 11//11 12//12
f 8//8 12//12 9//9
f 9//9 12//12 10//10
f 9//9 10//10 7//7
f 10//10 13//13 14//14
f 10//10 14//14 11//11
f 11//11 14//14 15//15
f 11//11 15//15 12//12
f 12//12 15//15 13//13
f 12//12 13//13 10//10
f 13//13 16//16 17//17
f 13//13 17//17 14//14
f 14//14 17//17 18//18
f 14//14 18//18 15//15
f 15//15 18//18 16//16
f 15//15 16//16 13//13
f 16//16 19//19 20//20
f 16//16 20//20 17//17
f 17//17 20//20 21//21
f 17//17 21//21 18//18
f 18//18 21//21 19//19
f 18//18 19//19 16//16
f 19//19 22//22 23//23
f 19//19 23//23 20//20
f 20//20 23//23 24//24
f 20//20 24//24 21//21
f 21//21 24//24 22//22
f 21//21 22//22 19//19
f 25//25 28//28 29//29
f 25//25 29//29 26//26
f 26//26 29//29 30//30
f 26//26 30//30 27//27
f 27//27 30//30 28//28
f 27//27 28//28 25//25
f 28//28 31//31 32//32
f 28//28 32//32 29//29
f 29//29 32//32 33//33
f 29//29 33//33 30//30
f 30//30 33//33 31//31
f 30//30 31//31 28//28
f 31//31 34//34 35//35
f 31//31 35//35 32//32
f 32//32 35//35 36//36
f 32//32 36//36 33//33
f 33//33 36//36 34//34
f 33//33 34//34 31//31
f 34//34 37//37 38//38
f 34//34 38//38 35//35
f 35//35 38//38 39//39
f 35//35 39//39 36//36
f 36//36 39//39 37//37
f 36//36 37//37 34//34
f 37//37 40//40 41//41
f 37//37 41//41 38//38
f 38//38 41//41 42//42
f 38//38 42//42 39//39
f 39//39 42//42 40//40
f 39//39 40//40 37//37
f 40//40 43//43 44//44
f 40//40 44//44 41//41
f 41//41 44//44 45//45
f 41//41 45//45 42//42
f 42//42 45//45 43//43
f 42//42 43//43 40//40
f 43//43 46//46 47//47
f 43//43 47//47 44//44
f 44//44 47//47 48//48
f 44//44 48//48 45//45
f 45//45 48//48 46//46
f 45//45 46//46 43//43
f 49//49 52//52 53//53
f 49//49 53//53 50//50
f 50//50 53//53 54//54
f 50//50 54//54 51//51
f 51//51 54//54 52//52
f 51//51 52//52 49//49
f 52//52 55//55 56//56
f 52//52 56//56 53//53
f 53//53 56//56 57//57
f 53//53 57//57 54//54
f 54//54 57//57 55//55
f 54//54 55//55 52//52
f 55//55 58//58 59//59
f 55//55 59//59 56//56
f 56//56 59//59 60//60
f 56//56 60//60 57//57
f 57//57 60//60 58//58
f 57//57 58//58 55//55
f 58//58 61//61 62//62
f 58//58 62//62 59//59
f 59//59 62//62 63//63
f 59//59 63//63 60//60
f 60//60 63//63 61//61
f 60//60 61//61 58//58
f 61//61 64//64 65//65
f 61//61 65//65 62//62
f 62//62 65//65 66//66
f 62//62 66//66 63//63
f 63//63 66//66 64//64
f 63//63 64//64 61//61
f 64//64 67//67 68//68
f 64//64 68//68 65//65
f 65//65 68//68 69//69
f 65//65 69//69 66//66
f 66//66 69//69 67//67
f 66//66 67//67 64//64
f 67//67 70//70 71//71
f 67//67 71//71 68//68
f 68//68 71//71 72//72
f 68//68 72//72 69//69
f 69//69 72//72 70//70
f 69//69 70//70 67//67
f 73//73 76//76 77//77
f 73//73 77//77 74//74
f 74//74 77//77 78//78
f 74//74 78//78 75//75
f 75//75 78//78 76//76
f 75//75 76//76 73//73
f 76//76 79//79 80//80
f 76//76 80//80 77//77
f 77//77 80//80 81//81
f 77//77 81//81 78//78
f 78//78 81//81 79//79
f 78//78 79//79 76//76
f 79//79 82//82 83//83
f 79//79 83//83 80//80
f 80//80 83//83 84//84
f 80//80 84//84 81//81
f 81//81 84//84 82//82
f 81//81 82//82 79//79
f 82//82 85//85 86//86
f 82//82 86//86 83//83
f 83//83 86//86 87//87
f 83//83 87//87 84//84
f 84//84 87//87 85//85
f 84//84 85//85 82//82
f 85//85 88//88 89//89
f 85//85 89//89 86//86
f 86//86 89//89 90//90
f 86//86 90//90 87//87
f 87//87 90//90 88//88
f 87//87 88//88 85//85
f 88//88 91//91 92//92
f 88//88 92//92 89//89
f 89//89 92//92 93//93
f 89//89 93//93 90//90
f 90//90 93//93 91//91
f 90//90 91//91 88//88
f 91//91 94//94 95//95
f 91//91 95//95 92//92
f 92//92 95//95 96//96
f 92//92 96//96 93//93
f 93//93 96//96 94//94
f 93//93 94//94 91//91
f 97//97 100//100 101//101
f 97//97 101//101 98//98
f 98//98 101//101 102//102
f 98//98 102//102 99//99
f 99//99 102//102 100//100
f 99//99 100//100 97//97
f 100//100 103//103 104//104
f 100//100 104//104 101//101
f 101//101 104//104 105//105
f 101//101 105//105 102//102
f 102//102 105//105 103//103
f 102//102 103//103 100//100
f 103//103 106//106 107//107
f 103//103 107//107 104//104
f 104//104 107//107 108//108
f 104//104 108//108 105//105
f 105//105 108//108 106//106
f 105//105 106//106 103//103
f 106//106 109//109 110//110
f 106//106 110//110 107//107
f 107//107 110//110 111//111
f 107//107 111//111 108//108
f 108//108 111//111 109//109
f 108//108 109//109 106//106
f 109//109 112//112 113//113
f 109//109 113//113 110//110
f 110//110 113//113 114//114
f 110//110 114//114 111//111
f 111//111 114//114 112//112
f 111//111 112//112 109//109
f 112//112 115//115 116//116
f 112//112 116//116 113//113
f 113//113 116//116 117//117
f 113//113 117//117 114//114
f 114//114 117//117 115//115
f 114//114 115//115 112//112
f 115//115 118//118 119//119
f 115//115 119//119 116//116
f 116//116 119//119 120//120
f 116//116 120//120 117//117
f 117//117 120//120 118//118
f 117//117 118//118 115//115
f 121//121 124//124 125//125
f 121//121 125//125 122//122
f 122//122 125//125 126//126
f 122//122 126//126 123//123
f 123//123 126//126 124//124
f 123//123 124//124 121//121
f 124//124 127//127 128//128
f 124//124 128//128 125//125
f 125//125 128//128 129//129
f 125//125 129//129 126//126
f 126//126 129//129 127//127
f 126//126 127//127 124//124
f 127//127 130//130 131//131
f 127//127 131//131 128//128
f 128//128 131//131 132//132
f 128//128 132//132 129//129
f 129//129 132//132 130//130
f 129//129 130//130 127//127
f 130//130 133//133 134//134
f 130//130 134//134 131//131
f 131//131 134//134 135//135
f 131//131 135//135 132//132
f 132//132 135//135 133//133
f 132//132 133//133 130//130
f 133//133 136//136 137//137
f 133//133 137//137 134//134
f 134//134 137//137 138//138
f 134//134 138//138 135//135
f 135//135 138//138 136//136
f 135//135 136//136 133//133
f 136//136 139//139 140//140
f 136//136 140//140 137//137
f 137//137 140//140 141//141
f 137//137 141//141 138//138
f 138//138 141//141 139//139
f 138//138 139//139 136//136
f 139//139 142//142 143//143
f 139//139 143//143 140//140
f 140//140 143//143 144//144
f 140//140 144//144 141//141
f 141//141 144//144 142//142
f 141//141 142//142 139//139
f 145//145 148//148 149//149
f 145//145 149//149 146//146
f 146//146 149//149 150//150
f 146//146 150//150 147//147
f 147//147 150//150 148//148
f 147//147 148//148 145//145
f 148//148 151//151 152//152
f 148//148 152//152 149//149
f 149//149 152//152 153//153
f 149//149 153//153 150//150
f 150//150 153//153 151//151
f 150//150 151//151 148//148
f 151//151 154//154 155//155
f 151//151 155//155 152//152
f 152//152 155//155 156//156
f 152//152 156//156 153//153
f 153//153 156//156 154//154
f 153//153 154//154 151//151
f 154//154 157//157 158//158
f 154//154 158//158 155//155
f 155//155 158//158 159//159
f 155//155 159//159 156//156
f 156//156 159//159 157//157
f 156//156 157//157 154//154
f 157//157 160//160 161//161
f 157//157 161//161 158//158
f 158//158 161//161 162//162
f 158//158 162//162 159//159
f 159//159 162//162 160//160
f 159//159 160//160 157//157
f 160//160 163//163 164//164
f 160//160 164//164 161//161
f 161//161 164//164 165//165
f 161//161 165//165 162//162
f 162//162 165//165 163//163
f 162//162 163//163 160//160
f 163//163 166//166 167//167
f 163//163 167//167 164//164
f 164//164 167//167 168//168
f 164//164 168//168 165//165
f 165//165 168//168 166//166
f 165//165 166//166 163//163
f 169//169 172//172 173//173
f 169//169 173//173 170//170
f 170//170 173//173 174//174
f 170//170 174//174 171//171
f 171//171 174//174 172//172
f 171//171 172//172 169//169
f 172//172 175//175 176//176
f 172//172 176//176 173//173
f 173//173 176//176 177//177
f 173//173 177//177 174//174
f 174//174 177//177 175//175
f 174//174 175//175 172//172
f 175//175 178//178 179//179
f 175//175 179//179 176//176
f 176//176 179//179 180//180
f 176//176 180//180 177//177
f 177//177 180//180 178//178
f 177//177 178//178 175//175
f 178//178 181//181 182//182
f 178//178 182//182 179//179
f 179//179 182//182 183//183
f 179//179 183//183 180//180
f 180//180 183//183 181//181
f 180//180 181//181 178//178
f 181//181 184//184 185//185
f 181//181 185//185 182//182
f 182//182 185//185 186//186
f 182//182 186//186 183//183
f 183//183 186//186 184//184
f 183//183 184//184 181//181
f 184//184 187//187 188//188
f 184//184 188//188 185//185
f 185//185 188//188 189//189
f 185//185 189//189 186//186
f 186//186 189//189 187//187
f 186//186 187//187 184//184
f 187//187 190//190 191//191
f 187//187 191//191 188//188
f 188//188 191//191 192//192
f 188//188 192//192 189//189
f 189//189 192//192 190//190
f 189//189 190//190 187//187
f 193//193 196//196 197//197
f 193//193 197//197 194//194
f 194//194 197//197 198//198
f 194//194 198//198 195//195
f 195//195 198//198 196//196
f 195//195 196//196 193//193
f 196//196 199//199 200//200
f 196//196 200//200 197//197
f 197//197 200//200 201//201
f 197//197 201//201 198//198
f 198//198 201//201 199//199
f 198//198 199//199 196//196
f 199//199 202//202 203//203
f 199//199 203//203 200//200
f 200//200 203//203 204//204
f 200//200 204//204 201//201
f 201//201 204//204 202//202
f 201//201 202//202 199//199
f 202//202 205//205 206//206
f 202//202 206//206 203//203
f 203//203 206//206 207//207
f 203//203 207//207 204//204
f 204//204 207//207 205//205
f 204//204 205//205 202//202
f 205//205 208//208 209//209
f 205//205 209//209 206//206
f 206//206 209//209 210//210
f 206//206 210//210 207//207
f 207//207 210//210 208//208
f 207//207 208//208 205//205
f 208//208 211//211 212//212
f 208//208 212//212 209//209
f 209//209 212//212 213//213
f 209//209 213//213 210//210
f 210//210 213//213 211//211
f 210//210 211//211 208//208
f 211//211 214//214 215//215
f 211//211 215//215 212//212
f 212//212 215//215 216//216
f 212//212 216//216 213//213
f 213//213 216//216 214//214
f 213//213 214//214 211//211
f 217//217 220//220 221//221
f 217//217 221//221 218//218
f 218//218 221//221 222//222
f 218//218 222//222 219//219
f 219//219 222//222 220//220
f 219//219 220//220 217//217
f 220//220 223//223 224//224
f 220//220 224//224 221//221
f 221//221 224//224 225//225
f 221//221 225//225 222//222
f 222//222 225//225 223//223
f 222//222 223//223 220//220
f 223//223 226//226 227//227
f 223//223 227//227 224//224
f 224//224 227//227 228//228
f 224//224 228//228 225//225
f 225//225 228//228 226//226
f 225//225 226//226 223//223
f 226//226 229//229 230//230
f 226//226 230//230 227//227
f 227//227 230//230 231//231
f 227//227 231//231 228//228
f 228//228 231//231 229//229
f 228//228 229//229 226//226
f 229//229 232//232 233//233
f 229//229 233//233 230//230
f 230//230 233//233 234//234
f 230//230 234//234 231//231
f 231//231 234//234 232//232
f 231//231 232//232 229//229
f 232//232 235//235 236//236
f 232//232 236//236 233//233
f 233//233 236//236 237//237
f 233//233 237//237 234//234
f 234//234 237//237 235//235
f 234//234 235//235 232//232
f 235//235 238//238 239//239
f 235//235 239//239 236//236
f 236//236 239//239 240//240
f 236//236 240//240 237//237
f 237//237 240//240 238//238
f 237//237 238//238 235//235
f 241//241 244//244 245//245
f 241//241 245//245 242//242
f 242//242 245//245 246//246
f 242//242 246//246 243//243
f 243//243 246//246 244//244
f 243//243 244//244 241//241
f 244//244 247//247 248//248
f 244//244 248//248 245//245
f 245//245 248//248 249//249
f 245//245 249//249 246//246
f 246//246 249//249 247//247
f 246//246 247//247 244//244
f 247//247 250//250 251//251
f 247//247 251//251 248//248
f 248//248 251//251 252//252
f 248//248 252//252 249//249
f 249//249 252//252 250//250
f 249//249 250//250 247//247
f 250//250 253//253 254//254
f 250//250 254//254 251//251
f 251//251 254//254 255//255
f 251//251 255//255 252//252
f 252//252 255//255 253//253
f 252//252 253//253 250//250
f 253//253 256//256 257//257
f 253//253 257//257 254//254
f 254//254 257//257 258//258
f 254//254 258//258 255//255
f 255//255 258//258 256//256
f 255//255 256//256 253//253
f 256//256 259//259 260//260
f 256//256 260//260 257//257
f 257//257 260//260 261//261
f 257//257 261//261 258//258
f 258//258 261//261 259//259
f 258//258 259//259 256//256
f 259//259 262//262 263//263
f 259//259 263//263 260//260
f 260//260 263//263 264//264
f 260//260 264//264 261//261
f 261//261 264//264 262//262
f 261//261 262//262 259//259
f 265//265 268//268 269//269
f 265//265 269//269 266//266
f 266//266 269//269 270//270
f 266//266 270//270 267//267
f 267//267 270//270 268//268
f 267//267 268//268 265//265
f 268//268 271//271 272//272
f 268//268 272//272 269//269
f 269//269 272//272 273//273
f 269//269 273//273 270//270
f 270//270 273//273 271//271
f 270//270 271//271 268//268
f 271//271 274//274 275//275
f 271//271 275//275 272//272
f 272//272 275//275 276//276
f 272//272 276//276 273//273
f 273//273 276//276 274//274
f 273//273 274//274 271//271
f 274//274 277//277 278//278
f 274//274 278//278 275//275
f 275//275 278//278 279//279
f 275//275 279//279 276//276
f 276//276 279//279 277//277
f 276//276 277//277 274//274
f 277//277 280//280 281//281
f 277//277 281//281 278//278
f 278//278 281//281 282//282
f 278//278 282//282 279//279
f 279//279 282//282 280//280
f 279//279 280//280 277//277
f 280//280 283//283 284//284
f 280//280 284//284 281//281
f 281//281 284//284 285//285
f 281//281 285//285 282//282
f 282//282 285//285 283//283
f 282//282 283//283 280//280
f 283//283 286//286 287//287
f 283//283 287//287 284//284
f 284//284 287//287 288//288
f 284//284 288//288 285//285
f 285//285 288//288 286//286
f 285//285 286//286 283//283
f 289//289 292//292 293//293
f 289//289 293//293 290//290
f 290//290 293//293 294//294
f 290//290 294//294 291//291
f 291//291 294//294 292//292
f 291//291 292//292 289//289
f 292//292 295//295 296//296
f 292//292 296//296 293//293
f 293//293 296//296 297//297
f 293//293 297//297 294//294
f 294//294 297//297 295//295
f 294//294 295//295 292//292
f 295//295 298//298 299//299
f 295//295 299//299 296//296
f 296//296 299//299 300//300
f 296//296 300//300 297//297
f 297//297 300//300 298//298
f 297//297 298//298 295//295
f 298//298 301//301 302//302
f 298//298 302//302 299//299
f 299//299 302//302 303//303
f 299//299 303//303 300//300
f 300//300 303//303 301//301
f 300//300 301//301 298//298
f 301//301 304//304 305//305
f 301//301 305//305 302//302
f 302//302 305//305 306//306
f 302//302 306//306 303//303
f 303//303 306//306 304//304
f 303//303 304//304 301//301
f 304//304 307//307 308//308
f 304//304 308//308 305//305
f 305//305 308//308 309//309
f 305//305 309//309 306//306
f 306//306 309//309 307//307
f 306//306 307//307 304//304
f 307//307 310//310 311//311
f 307//307 311//311 308//308
f 308//308 311//311 312//312
f 308//308 312//312 309//309
f 309//309 312//312 310//310
f 309//309 310//310 307//307
f 313//313 316//316 317//317
f 313//313 317//317 314//314
f 314//314 317//317 318//318
f 314//314 318//318 315//315
f 315//315 318//318 316//316
f 315//315 316//316 313//313
f 316//316 319//319 320//320
f 316//316 320//320 317//317
f 317//317 320//320 321//321
f 317//317 321//321 318//318
f 318//318 321//321 319//319
f 318//318 319//319 316//316
f 319//319 322//322 323//323
f 319//319 323//323 320//320
f 320//320 323//323 324//324
f 320//320 324//324 321//321
f 321//321 324//324 322//322
f 321//321 322//322 319//319
f 322//322 325//325 326//326
f 322//322 326//326 323//323
f 323//323 326//326 327//327
f 323//323 327//327 324//324
f 324//324 327//327 325//325
f 324//324 325//325 322//322
f 325//325 328//328 329//329
f 325//325 329//329 326//326
f 326//326 329//329 330//330
f 326//326 330//330 327//327
f 327//327 330//330 328//328
f 327//327 328//328 325//325
f 328//328 331//331 332//332
f 328//328 332//332 329//329
f 329//329 332//332 333//333
f 329//329 333//333 330//330
f 330//330 333//333 331//331
f 330//330 331//331 328//328
f 331//331 334//334 335//335
f 331//331 335//335 332//332
f 332//332 335//335 336//336
f 332//332 336//336 333//333
f 333//333 336//336 334//334
f 333//333 334//334 331//331
f 337//337 340//340 341//341
f 337//337 341//341 338//338
f 338//338 341//341 342//342
f 338//338 342//342 339//339
f 339//339 342//342 340//340
f 339//339 340//340 337//337
f 340//340 343//343 344//344
f 340//340 344//344 341//341
f 341//341 344//344 345//345
f 341//341 345//345 342//342
f 342//342 345//345 343//343
f 342//342 343//343 340//340
f 343//343 346//346 347//347
f 343//343 347//347 344//344
f 344//344 347//347 348//348
f 344//344 348//348 345//345
f 345//345 348//348 346//346
f 345//345 346//346 343//343
f 346//346 349//349 350//350
f 346//346 350//350 347//347
f 347//347 350//350 351//351
f 347//347 351//351 348//348
f 348//348 351//351 349//349
f 348//348 349//349 346//346
f 349//349 352//352 353//353
f 349//349 353//353 350//350
f 350//350 353//353 354//354
f 350//350 354//354 351//351
f 351//351 354//354 352//352
f 351//351 352//352 349//349
f 352//352 355//355 356//356
f 352//352 356//356 353//353
f 353//353 356//356 357//357
f 353//353 357//357 354//354
f 354//354 357//357 355//355
f 354//354 355//355 352//352
f 355//355 358//358 359//359
f 355//355 359//359 356//356
f 356//356 359//359 360//360
f 356//356 360//360 357//357
f 357//357 360//360 358//358
f 357//357 358//358 355//355
f 361//361 364//364 365//365
f 361//361 365//365 362//362
f 362//362 365//365 366//366
f 362//362 366//366 363//363
f 363//363 366//366 364//364
f 363//363 364//364 361//361
f 364//364 367//367 368//368
f 364//364 368//368 365//365
f 365//365 368//368 369//369
f 365//365 369//369 366//366
f 366//366 369//369 367//367
f 366//366 367//367 364//364
f 367//367 370//370 371//371
f 367//367 371//371 368//368
f 368//368 371//371 372//372
f 368//368 372//372 369//369
f 369//369 372//372 370//370
f 369//369 370//370 367//367
f 370//370 373//373 374//374
f 370//370 374//374 371//371
f 371//371 374//374 375//375
f 371//371 375//375 372//372
f 372//372 375//375 373//373
f 372//372 373//373 370//370
f 373//373 376//376 377//377
f 373//373 377//377 374//374
f 374//374 377//377 378//378
f 374//374 378//378 375//375
f 375//375 378//378 376//376
f 375//375 376//376 373//373
f 376//376 379//379 380//380
f 376//376 380//380 377//377
f 377//377 380//380 381//381
f 377//377 381//381 378//378
f 378//378 381//381 379//379
f 378//378 379//379 376//376
f 379//379 382//382 383//383
f 379//379 383//383 380//380
f 380//380 383//383 384//384
f 380//380 384//384 381//381
f 381//381 384//384 382//382
f 381//381 382//382 379//379
f 385//385 388//388 389//389
f 385//385 389//389 386//386
f 386//386 389//389 390//390
f 386//386 390//390 387//387
f 387//387 390//390 388//388
f 387//387 388//388 385//385
f 388//388 391//391 392//392
f 388//388 392//392 389//389
f 389//389 392//392 393//393
f 389//389 393//393 390//390
f 390//390 393//393 391//391
f 390//390 391//391 388//388
f 391//391 394//394 395//395
f 391//391 395//395 392//392
f 392//392 395//395 396//396
f 392//392 396//396 393//393
f 393//393 396//396 394//394
f 393//393 394//394 391//391
f 394//394 397//397 398//398
f 394//394 398//398 395//395
f 395//395 398//398 399//399
f 395//395 399//399 396//396
f 396//396 399//399 397//397
f 396//396 397//397 394//394
f 397//397 400//400 401//401
f 397//397 401//401 398//398
f 398//398 401//401 402//402
f 398//398 402//402 399//399
f 399//399 402//402 400//400
f 399//399 400//400 397//397
f 400//400 403//403 404//404
f 400//400 404//404 401//401
f 401//401 404//404 405//405
f 401//401 405//405 402//402
f 402//402 405//405 403//403
f 402//402 403//403 400//400
f 403//403 406//406 407//407
f 403//403 407//407 404//404
f 404//404 407//407 408//408
f 404//404 408//408 405//405
f 405//405 408//408 406//406
f 405//405 406//406 403//403
f 409//409 412//412 413//413
f 409//409 413//413 410//410
f 410//410 413//413 414//414
f 410//410 414//414 411//411
f 411//411 414//414 412//412
f 411//411 412//412 409//409
f 412//412 415//415 416//416
f 412//412 416//416 413//413
f 413//413 416//416 417//417
f 413//413 417//417 414//414
f 414//414 417//417 415//415
f 414//414 415//415 412//412
f 415//415 418//418 419//419
f 415//415 419//419 416//416
f 416//416 419//419 420//420
f 416//416 420//420 417//417
f 417//417 420//420 418//418
f 417//417 418//418 415//415
f 418//418 421//421 422//422
f 418//418 422//422 419//419
f 419//419 422//422 423//423
f 419//419 423//423 420//420
f 420//420 423//423 421//421
f 420//420 421//421 418//418
f 421//421 424//424 425//425
f 421//421 425//425 422//422
f 422//422 425//425 426//426
f 422//422 426//426 423//423
f 423//423 426//426 424//424
f 423//423 424//424 421//421
f 424//424 427//427 428//428
f 424//424 428//428 425//425
f 425//425 428//428 429//429
f 425//425 429//429 426//426
f 426//426 429//429 427//427
f 426//426 427//427 424//424
f 427//427 430//430 431//431
f 427//427 431//431 428//428
f 428//428 431//431 432//432
f 428//428 432//432 429//429
f 429//429 432//432 430//430
f 429//429 430//430 427//427
f 433//433 436//436 437//437
f 433//433 437//437 434//434
f 434//434 437//437 438//438
f 434//434 438//438 435//435
f 435//435 438//438 436//436
f 435//435 436//436 433//433
f 436//436 439//439 440//440
f 436//436 440//440 437//437
f 437//437 440//440 441//441
f 437//437 441//441 438//438
f 438//438 441//441 439//439
f 438//438 439//439 436//436
f 439//439 442//442 443//443
f 439//439 443//443 440//440
f 440//440 443//443 444//444
f 440//440 444//444 441//441
f 441//441 444//444 442//442
f 441//441 442//442 439//439
f 442//442 445//445 446//446
f 442//442 446//446 443//443
f 443//443 446//446 447//447
f 443//443 447//447 444//444
f 444//444 447//447 445//445
f 444//444 445//445 442//442
f 445//445 448//448 449//449
f 445//445 449//449 446//446
f 446//446 449//449 450//450
f 446//446 450//450 447//447
f 447//447 450//450 448//448
f 447//447 448//448 445//445
f 448//448 451//451 452//452
f 448//448 452//452 449//449
f 449//449 452//452 453//453
f 449//449 453//453 450//450
f 450//450 453//453 451//451
f 450//450 451//451 448//448
f 451//451 454//454 455//455
f 451//451 455//455 452//452
f 452//452 455//455 456//456
f 452//452 456//456 453//453
f 453//453 456//456 454//454
f 453//453 454//454 451//451
f 457//457 460//460 461//461
f 457//457 461//461 458//458
f 458//458 461//461 462//462
f 458//458 462//462 459//459
f 459//459 462//462 460//460
f 459//459 460//460 457//457
f 460//460 463//463 464//464
f 460//460 464//464 461//461
f 461//461 464//464 465//465
f 461//461 465//465 462//462
f 462//462 465//465 463//463
f 462//462 463//463 460//460
f 463//463 466//466 467//467
f 463//463 467//467 464//464
f 464//464 467//467 468//468
f 464//464 468//468 465//465
f 465//465 468//468 466//466
f 465//465 466//466 463//463
f 466//466 469//469 470//470
f 466//466 470//470 467//467
f 467//467 470//470 471//471
f 467//467 471//471 468//468
f 468//468 471//471 469//469
f 468//468 469//469 466//466
f 469//469 472//472 473//473
f 469//469 473//473 470//470
f 470//470 473//473 474//474
f 470//470 474//474 471//471
f 471//471 474//474 472//472
f 471//471 472//472 469//469
f 472//472 475//475 476//476
f 472//472 476//476 473//473
f 473//473 476//476 477//477
f 473//473 477//477 474//474
f 474//474 477//477 475//475
f 474//474 475//475 472//472
f 475//475 478//478 479//479
f 475//475 479//479 476//476
f 476//476 479//479 480//480
f 476//476 480//480 477//477
f 477//477 480//480 478//478
f 477//477 478//478 475//475
f 481//481 484//484 485//485
f 481//481 485//485 482//482
f 482//482 485//485 486//486
f 482//482 486//486 483//483
f 483//483 486//486 484//484
f 483//483 484//484 481//481
f 484//484 487//487 488//488
f 484//484 488//488 485//485
f 485//485 488//488 489//489
f 485//485 489//489 486//486
f 486//486 489//489 487//487
f 486//486 487//487 484//484
f 487//487 490//490 491//491
f 487//487 491//491 488//488
f 488//488 491//491 492//492
f 488//488 492//492 489//489
f 489//489 492//492 490//490
f 489//489 490//490 487//487
f 490//490 493//493 494//494
f 490//490 494//494 491//491
f 491//491 494//494 495//495
f 491//491 495//495 492//492
f 492//492 495//495 493//493
f 492//492 493//493 490//490
f 493//493 496//496 497//497
f 493//493 497//497 494//494
f 494//494 497//497 498//498
f 494//494 498//498 495//495
f 495//495 498//498 496//496
f 495//495 496//496 493//493
f 496//496 499//499 500//500
f 496//496 500//500 497//497
f 497//497 500//500 501//501
f 497//497 501//501 498//498
f 498//498 501//501 499//499
f 498//498 499//499 496//496
f 499//499 502//502 503//503
f 499//499 503//503 500//500
f 500//500 503//503 504//504
f 500//500 504//504 501//501
f 501//501 504//504 502//502
f 501//501 502//502 499//499
f 505//505 508//508 509//509
f 505//505 509//509 506//506
f 506//506 509//509 510//510
f 506//506 510//510 507//507
f 507//507 510//510 508//508
f 507//507 508//508 505//505
f 508//508 511//511 512//512
f 508//508 512//512 509//509
f 509//509 512//512 513//513
f 509//509 513//513 510//510
f 510//510 513//513 511//511
f 510//510 511//511 508//508
f 511//511 514//514 515//515
f 511//511 515//515 512//512
f 512//512 515//515 516//516
f 512//512 516//516 513//513
f 513//513 516//516 514//514
f 513//513 514//514 511//511
f 514//514 517//517 518//518
f 514//514 518//518 515//515
f 515//515 518//518 519//519
f 515//515 519//519 516//516
f 516//516 519//519 517//517
f 516//516 517//517 514//514
f 517//517 520//520 521//521
f 517//517 521//521 518//518
f 518//518 521//521 522//522
f 518//518 522//522 519//519
f 519//519 522//522 520//520
f 519//519 520//520 517//517
f 520//520 523//523 524//524
f 520//520 524//524 521//521
f 521//521 524//524 525//525
f 521//521 525//525 522//522
f 522//522 525//525 523//523
f 522//522 523//523 520//520
f 523//523 526//526 527//527
f 523//523 527//527 524//524
f 524//524 527//527 528//528
f 524//524 528//528 525//525
f 525//525 528//528 526//526
f 525//525 526//526 523//523
f 529//529 532//532 533//533
f 529//529 533//533 530//530
f 530//530 533//533 534//534
f 530//530 534//534 531//531
f 531//531 534//534 532//532
f 531//531 532//532 529//529
f 532//532 535//535 536//536
f 532//532 536//536 533//533
f 533//533 536//536 537//537
f 533//533 537//537 534//534
f 534//534 537//537 535//535
f 534//534 535//535 532//532
f 535//535 538//538 539//539
f 535//535 539//539 536//536
f 536//536 539//539 540//540
f 536//536 540//540 537//537
f 537//537 540//540 538//538
f 537//537 538//538 535//535
f 538//538 541//541 542//542
f 538//538 542//542 539//539
f 539//539 542//542 543//543
f 539//539 543//543 540//540
f 540//540 543//543 541//541
f 540//540 541//541 538//538
f 541//541 544//544 545//545
f 541//541 545//545 542//542
f 542//542 545//545 546//546
f 542//542 546//546 543//543
f 543//543 546//546 544//544
f 543//543 544//544 541//541
f 544//544 547//547 548//548
f 544//544 548//548 545//545
f 545//545 548//548 549//549
f 545//545 549//549 546//546
f 546//546 549//549 547//547
f 546//546 547//547 544//544
f 547//547 550//550 551//551
f 547//547 551//551 548//548
f 548//548 551//551 552//552
f 548//548 552//552 549//549
f 549//549 552//552 550//550
f 549//549 550//550 547//547
f 553//553 556//556 557//557
f 553//553 557//557 554//554
f 554//554 557//557 558//558
f 554//554 558//558 555//555
f 555//555 558//558 556//556
f 555//555 556//556 553//553
f 556//556 559//559 560//560
f 556//556 560//560 557//557
f 557//557 560//560 561//561
f 557//557 561//561 558//558
f 558//558 561//561 559//559
f 558//558 559//559 556//556
f 559//559 562//562 563//563
f 559//559 563//563 560//560
f 560//560 563//563 564//564
f 560//560 564//564 561//561
f 561//561 564//564 562//562
f 561//561 562//562 559//559
f 562//562 565//565 566//566
f 562//562 566//566 563//563
f 563//563 566//566 567//567
f 563//563 567//567 564//564
f 564//564 567//567 565//565
f 564//564 565//565 562//562
f 565//565 568//568 569//569
f 565//565 569//569 566//566
f 566//566 569//569 570//570
f 566//566 570//570 567//567
f 567//567 570//570 568//568
f 567//567 568//568 565//565
f 568//568 571//571 572//572
f 568//568 572//572 569//569
f 569//569 572//572 573//573
f 569//569 573//573 570//570
f 570//570 573//573 571//571
f 570//570 571//571 568//568
f 571//571 574//574 575//575
f 571//571 575//575 572//572
f 572//572 575//575 576//576
f 572//572 576//576 573//573
f 573//573 576//576 574//574
f 573//573 574//574 571//571
f 577//577 580//580 581//581
f 577//577 581//581 578//578
f 578//578 581//581 582//582
f 578//578 582//582 579//579
f 579//579 582//582 580//580
f 579//579 580//580 577//577
f 580//580 583//583 584//584
f 580//580 584//584 581//581
f 581//581 584//584 585//585
f 581//581 585//585 582//582
f 582//582 585//585 583//583
f 582//582 583//583 580//580
f 583//583 586//586 587//587
f 583//583 587//587 584//584
f 584//584 587//587 588//588
f 584//584 588//588 585//585
f 585//585 588//588 586//586
f 585//585 586//586 583//583
f 586//586 589//589 590//590
f 586//586 590//590 587//587
f 587//587 590//590 591//591
f 587//587 591//591 588//588
f 588//588 591//591 589//589
f 588//588 589//589 586//586
f 589//589 592//592 593//593
f 589//589 593//593 590//590
f 590//590 593//593 594//594
f 590//590 594//594 591//591
f 591//591 594//594 592//592
f 591//591 592//592 589//589
f 592//592 595//595 596//596
f 592//592 596//596 593//593
f 593//593 596//596 597//597
f 593//593 597//597 594//594
f 594//594 597//597 595//595
f 594//594 595//595 592//592
f 595//595 598//598 599//599
f 595//595 599//599 596//596
f 596//596 599//599 600//600
f 596//596 600//600 597//597
f 597//597 600//600 598//598
f 597//597 598//598 595//595
f 601//601 604//604 605//605
f 601//601 605//605 602//602
f 602//602 605//605 606//606
f 602//602 606//606 603//603
f 603//603 606//606 604//604
f 603//603 604//604 601//601
f 604//604 607//607 608//608
f 604//604 608//608 605//605
f 605//605 608//608 609//609
f 605//605 609//609 606//606
f 606//606 609//609 607//607
f 606//606 607//607 604//604
f 607//607 610//610 611//611
f 607//607 611//611 608//608
f 608//608 611//611 612//612
f 608//608 612//612 609//609
f 609//609 612//612 610//610
f 609//609 610//610 607//607
f 610//610 613//613 614//614
f 610//610 614//614 611//611
f 611//611 614//614 615//615
f 611//611 615//615 612//612
f 612//612 615//615 613//613
f 612//612 613//613 610//610
f 613//613 616//616 617//617
f 613//613 617//617 614//614
f 614//614 617//617 618//618
f 614//614 618//618 615//615
f 615//615 618//618 616//616
f 615//615 616//616 613//613
f 616//616 619//619 620//620
f 616//616 620//620 617//617
f 617//617 620//620 621//621
f 617//617 621//621 618//618
f 618//618 621//621 619//619
f 618//618 619//619 616//616
f 619//619 622//622 623//623
f 619//619 623//623 620//620
f 620//620 623//623 624//624
f 620//620 624//624 621//621
f 621//621 624//624 622//622
f 621//621 622//622 619//619
f 625//625 628//628 629//629
f 625//625 629//629 626//626
f 626//626 629//629 630//630
f 626//626 630//630 627//627
f 627//627 630//630 628//628
f 627//627 628//628 625//625
f 628//628 631//631 632//632
f 628//628 632//632 629//629
f 629//629 632//632 633//633
f 629//629 633//633 630//630
f 630//630 633//633 631//631
f 630//630 631//631 628//628
f 631//631 634//634 635//635
f 631//631 635//635 632//632
f 632//632 635//635 636//636
f 632//632 636//636 633//633
f 633//633 636//636 634//634
f 633//633 634//634 631//631
f 634//634 637//637 638//638
f 634//634 638//638 635//635
f 635//635 638//638 639//639
f 635//635 639//639 636//636
f 636//636 639//639 637//637
f 636//636 637//637 634//634
f 637//637 640//640 641//641
f 637//637 641//641 638//638
f 638//638 641//641 642//642
f 638//638 642//642 639//639
f 639//639 642//642 640//640
f 639//639 640//640 637//637
f 640//640 643//643 644//644
f 640//640 644//644 641//641
f 641//641 644//644 645//645
f 641//641 645//645 642//642
f 642//642 645//645 643//643
f 642//642 643//643 640//640
f 643//643 646//646 647//647
f 643//643 647//647 644//644
f 644//644 647//647 648//648
f 644//644 648//648 645//645
f 645//645 648//648 646//646
f 645//645 646//646 643//643
f 649//649 652//652 653//653
f 649//649 653//653 650//650
f 650//650 653//653 654//654
f 650//650 654//654 651//651
f 651//651 654//654 652//652
f 651//651 652//652 649//649
f 652//652 655//655 656//656
f 652//652 656//656 653//653
f 653//653 656//656 657//657
f 653//653 657//657 654//654
f 654//654 657//657 655//655
f 654//654 655//655 652//652
f 655//655 658//658 659//659
f 655//655 659//659 656//656
f 656//656 659//659 660//660
f 656//656 660//660 657//657
f 657//657 660//660 658//658
f 657//657 658//658 655//655
f 658//658 661//661 662//662
f 658//658 662//662 659//659
f 659//659 662//662 663//663
f 659//659 663//663 660//660
f 660//660 663//663 661//661
f 660//660 661//661 658//658
f 661//661 664//664 665//665
f 661//661 665//665 662//662
f 662//662 665//665 666//666
f 662//662 666//666 663//663
f 663//663 666//666 664//664
f 663//663 664//664 661//661
f 664//664 667//667 668//668
f 664//664 668//668 665//665
f 665//665 668//668 669//669
f 665//665 669//669 666//666
f 666//666 669//669 667//667
f 666//666 667//667 664//664
f 667//667 670//670 671//671
f 667//667 671//671 668//668
f 668//668 671//671 672//672
f 668//668 672//672 669//669
f 669//669 672//672 670//670
f 669//669 670//670 667//667
f 673//673 676//676 677//677
f 673//673 677//677 674//674
f 674//674 677//677 678//678
f 674//674 678//678 675//675
f 675//675 678//678 676//676
f 675//675 676//676 673//673
f 676//676 679//679 680//680
f 676//676 680//680 677//677
f 677//677 680//680 681//681
f 677//677 681//681 678//678
f 678//678 681//681 679//679
f 678//678 679//679 676//676
f 679//679 682//682 683//683
f 679//679 683//683 680//680
f 680//680 683//683 684//684
f 680//680 684//684 681//681
f 681//681 684//684 682//682
f 681//681 682//682 679//679
f 682//682 685//685 686//686
f 682//682 686//686 683//683
f 683//683 686//686 687//687
f 683//683 687//687 684//684
f 684//684 687//687 685//685
f 684//684 685//685 682//682
f 685//685 688//688 689//689
f 685//685 689//689 686//686
f 686//686 689//689 690//690
f 686//686 690//690 687//687
f 687//687 690//690 688//688
f 687//687 688//688 685//685
f 688//688 691//691 692//692
f 688//688 692//692 689//689
f 689//689 692//692 693//693
f 689//689 693//693 690//690
f 690//690 693//693 691//691
f 690//690 691//691 688//688
f 691//691 694//694 695//695
f 691//691 695//695 692//692
f 692//692 695//695 696//696
f 692//692 696//696 693//693
f 693//693 696//696 694//694
f 693//693 694//694 691//691
f 697//697 700//700 701//701
f 697//697 701//701 698//698
f 698//698 701//701 702//702
f 698//698 702//702 699//699
f 699//699 702//702 700//700
f 699//699 700//700 697//697
f 700//700 703//703 704//704
f 700//700 704//704 701//701
f 701//701 704//704 705//705
f 701//701 705//705 702//702
f 702//702 705//705 703//703
f 702//702 703//703 700//700
f 703//703 706//706 707//707
f 703//703 707//707 704//704
f 704//704 707//707 708//708
f 704//704 708//708 705//705
f 705//705 708//708 706//706
f 705//705 706//706 703//703
f 706//706 709//709 710//710
f 706//706 710//710 707//707
f 707//707 710//710 711//711
f 707//707 711//711 708//708
f 708//708 711//711 709//709
f 708//708 709//709 706//706
f 709//709 712//712 713//713
f 709//709 713//713 710//710
f 710//710 713//713 714//714
f 710//710 714//714 711//711
f 711//711 714//714 712//712
f 711//711 712//712 709//709
f 712//712 715//715 716//716
f 712//712 716//716 713//713
f 713//713 716//716 717//717
f 713//713 717//717 714//714
f 714//714 717//717 715//715
f 714//714 715//715 712//712
f 715//715 718//718 719//719
f 715//715 719//719 716//716
f 716//716 719//719 720//720
f 716//716 720//720 717//717
f 717//717 720//720 718//718
f 717//717 718//718 715//715
f 721//721 724//724 725//725
f 721//721 725//725 722//722
f 722//722 725//725 726//726
f 722//722 726//726 723//723
f 723//723 726//726 724//724
f 723//723 724//724 721//721
f 724//724 727//727 728//728
f 724//724 728//728 725//725
f 725//725 728//728 729//729
f 725//725 729//729 726//726
f 726//726 729//729 727//727
f 726//726 727//727 724//724
f 727//727 730//730 731//731
f 727//727 731//731 728//728
f 728//728 731//731 732//732
f 728//728 732//732 729//729
f 729//729 732//732 730//730
f 729//729 730//730 727//727
f 730//730 733//733 734//734
f 730//730 734//734 731//731
f 731//731 734//734 735//735
f 731//731 735//735 732//732
f 732//732 735//735 733//733
f 732//732 733//733 730//730
f 733//733 736//736 737//737
f 733//733 737//737 734//734
f 734//734 737//737 738//738
f 734//734 738//738 735//735
f 735//735 738//738 736//736
f 735//735 736//736 733//733
f 736//736 739//739 740//740
f 736//736 740//740 737//737
f 737//737 740//740 741//741
f 737//737 741//741 738//738
f 738//738 741//741 739//739
f 738//738 739//739 736//736
f 739//739 742//742 743//743
f 739//739 743//743 740//740
f 740//740 743//743 744//744
f 740//740 744//744 741//741
f 741//741 744//744 742//742
f 741//741 742//742 739//739
f 745//745 748//748 749//749
f 745//745 749//749 746//746
f 746//746 749//749 750//750
f 746//746 750//750 747//747
f 747//747 750//750 748//748
f 747//747 748//748 745//745
f 748//748 751//751 752//752
f 748//748 752//752 749//749
f 749//749 752//752 753//753
f 749//749 753//753 750//750
f 750//750 753//753 751//751
f 750//750 751//751 748//748
f 751//751 754//754 755//755
f 751//751 755//755 752//752
f 752//752 755//755 756//756
f 752//752 756//756 753//753
f 753//753 756//756 754//754
f 753//753 754//754 751//751
f 754//754 757//757 758//758
f 754//754 758//758 755//755
f 755//755 758//758 759//759
f 755//755 759//759 756//756
f 756//756 759//759 757//757
f 756//756 757//757 754//754
f 757//757 760//760 761//761
f 757//757 761//761 758//758
f 758//758 761//761 762//762
f 758//758 762//762 759//759
f 759//759 762//762 760//760
f 759//759 760//760 757//757
f 760//760 763//763 764//764
f 760//760 764//764 761//761
f 761//761 764//764 765//765
f 761//761 765//765 762//762
f 762//762 765//765 763//763
f 762//762 763//763 760//760
f 763//763 766//766 767//767
f 763//763 767//767 764//764
f 764//764 767//767 768//768
f 764//764 768//768 765//765
f 765//765 768//768 766//766
f 765//765 766//766 763//763
f 769//769 772//772 773//773
f 769//769 773//773 770//770
f 770//770 773//773 774//774
f 770//770 774//774 771//771
f 771//771 774//774 772//772
f 771//771 772//772 769//769
f 772//772 775//775 776//776
f 772//772 776//776 773//773
f 773//773 776//776 777//777
f 773//773 777//777 774//774
f 774//774 777//777 775//775
f 774//774 775//775 772//772
f 775//775 778//778 779//779
f 775//775 779//779 776//776
f 776//776 779//779 780//780
f 776//776 780//780 777//777
f 777//777 780//780 778//778
f 777//777 778//778 775//775
f 778//778 781//781 782//782
f 778//778 782//782 779//779
f 779//779 782//782 783//783
f 779//779 783//783 780//780
f 780//780 783//783 781//781
f 780//780 781//781 778//778
f 781//781 784//784 785//785
f 781//781 785//785 782//782
f 782//782 785//785 786//786
f 782//782 786//786 783//783
f 783//783 786//786 784//784
f 783//783 784//784 781//781
f 784//784 787//787 788//788
f 784//784 788//788 785//785
f 785//785 788//788 789//789
f 785//785 789//789 786//786
f 786//786 789//789 787//787
f 786//786 787//787 784//784
f 787//787 790//790 791//791
f 787//787 791//791 788//788
f 788//788 791//791 792//792
f 788//788 792//792 789//789
f 789//789 792//792 790//790
f 789//789 790//790 787//787
f 793//793 796//796 797//797
f 793//793 797//797 794//794
f 794//794 797//797 798//798
f 794//794 798//798 795//795
f 795//795 798//798 796//796
f 795//795 796//796 793//793
f 796//796 799//799 800//800
f 796//796 800//800 797//797
f 797//797 800//800 801//801
f 797//797 801//801 798//798
f 798//798 801//801 799//799
f 798//798 799//799 796//796
f 799//799 802//802 803//803
f 799//799 803//803 800//800
f 800//800 803//803 804//804
f 800//800 804//804 801//801
f 801//801 804//804 802//802
f 801//801 802//802 799//799
f 802//802 805//805 806//806
f 802//802 806//806 803//803
f 803//803 806//806 807//807
f 803//803 807//807 804//804
f 804//804 807//807 805//805
f 804//804 805//805 802//802
f 805//805 808//808 809//809
f 805//805 809//809 806//806
f 806//806 809//809 810//810
f 806//806 810//810 807//807
f 807//807 810//810 808//808
f 807//807 808//808 805//805
f 808//808 811//811 812//812
f 808//808 812//812 809//809
f 809//809 812//812 813//813
f 809//809 813//813 810//810
f 810//810 813//813 811//811
f 810//810 811//811 808//808
f 811//811 814//814 815//815
f 811//811 815//815 812//812
f 812//812 815//815 816//816
f 812//812 816//816 813//813
f 813//813 816//816 814//814
f 813//813 814//814 811//811
f 817//817 820//820 821//821
f 817//817 821//821 818//818
f 818//818 821//821 822//822
f 818//818 822//822 819//819
f 819//819 822//822 820//820
f 819//819 820//820 817//817
f 820//820 823//823 824//824
f 820//820 824//824 821//821
f 821//821 824//824 825//825
f 821//821 825//825 822//822
f 822//822 825//825 823//823
f 822//822 823//823 820//820
f 823//823 826//826 827//827
f 823//823 827//827 824//824
f 824//824 827//827 828//828
f 824//824 828//828 825//825
f 825//825 828//828 826//826
f 825//825 826//826 823//823
f 826//826 829//829 830//830
f 826//826 830//830 827//827
f 827//827 830//830 831//831
f 827//827 831//831 828//828
f 828//828 831//831 829//829
f 828//828 829//829 826//826
f 829//829 832//832 833//833
f 829//829 833//833 830//830
f 830//830 833//833 834//834
f 830//830 834//834 831//831
f 831//831 834//834 832//832
f 831//831 832//832 829//829
f 832//832 835//835 836//836
f 832//832 836//836 833//833
f 833//833 836//836 837//837
f 833//833 837//837 834//834
f 834//834 837//837 835//835
f 834//834 835//835 832//832
f 835//835 838//838 839//839
f 835//835 839//839 836//836
f 836//836 839//839 840//840
f 836//836 840//840 837//837
f 837//837 840//840 838//838
f 837//837 838//838 835//835
f 841//841 844//844 845//845
f 841//841 845//845 842//842
f 842//842 845//845 846//846
f 842//842 846//846 843//843
f 843//843 846//846 844//844
f 843//843 844//844 841//841
f 844//844 847//847 848//848
f 844//844 848//848 845//845
f 845//845 848//848 849//849
f 845//845 849//849 846//846
f 846//846 849//849 847//847
f 846//846 847//847 844//844
f 847//847 850//850 851//851
f 847//847 851//851 848//848
f 848//848 851//851 852//852
f 848//848 852//852 849//849
f 849//849 852//852 850//850
f 849//849 850//850 847//847
f 850//850 853//853 854//854
f 850//850 854//854 851//851
f 851//851 854//854 855//855
f 851//851 855//855 852//852
f 852//852 855//855 853//853
f 852//852 853//853 850//850
f 853//853 856//856 857//857
f 853//853 857//857 854//854
f 854//854 857//857 858//858
f 854//854 858//858 855//855
f 855//855 858//858 856//856
f 855//855 856//856 853//853
f 856//856 859//859 860//860
f 856//856 860//860 857//857
f 857//857 860//860 861//861
f 857//857 861//861 858//858
f 858//858 861//861 859//859
f 858//858 859//859 856//856
f 859//859 862//862 863//863
f 859//859 863//863 860//860
f 860//860 863//863 864//864
f 860//860 864//864 861//861
f 861//861 864//864 862//862
f 861//861 862//862 859//859
f 865//865 868//868 869//869
f 865//865 869//869 866//866
f 866//866 869//869 870//870
f 866//866 870//870 867//867
f 867//867 870//870 868//868
f 867//867 868//868 865//865
f 868//868 871//871 872//872
f 868//868 872//872 869//869
f 869//869 872//872 873//873
f 869//869 873//873 870//870
f 870//870 873//873 871//871
f 870//870 871//871 868//868
f 871//871 874//874 875//875
f 871//871 875//875 872//872
f 872//872 875//875 876//876
f 872//872 876//876 873//873
f 873//873 876//876 874//874
f 873//873 874//874 871//871
f 874//874 877//877 878//878
f 874//874 878//878 875//875
f 875//875 878//878 879//879
f 875//875 879//879 876//876
f 876//876 879//879 877//877
f 876//876 877//877 874//874
f 877//877 880//880 881//881
f 877//877 881//881 878//878
f 878//878 881//881 882//882
f 878//878 882//882 879//879
f 879//879 882//882 880//880
f 879//879 880//880 877//877
f 880//880 883//883 884//884
f 880//880 884//884 881//881
f 881//881 884//884 885//885
f 881//881 885//885 882//882
f 882//882 885//885 883//883
f 882//882 883//883 880//880
f 883//883 886//886 887//887
f 883//883 887//887 884//884
f 884//884 887//887 888//888
f 884//884 888//888 885//885
f 885//885 888//888 886//886
f 885//885 886//886 883//883
f 889//889 892//892 893//893
f 889//889 893//893 890//890
f 890//890 893//893 894//894
f 890//890 894//894 891//891
f 891//891 894//894 892//892
f 891//891 892//892 889//889
f 892//892 895//895 896//896
f 892//892 896//896 893//893
f 893//893 896//896 897//897
f 893//893 897//897 894//894
f 894//894 897//897 895//895
f 894//894 895//895 892//892
f 895//895 898//898 899//899
f 895//895 899//899 896//896
f 896//896 899//899 900//900
f 896//896 900//900 897//897
f 897//897 900//900 898//898
f 897//897 898//898 895//895
f 898//898 901//901 902//902
f 898//898 902//902 899//899
f 899//899 902//902 903//903
f 899//899 903//903 900//900
f 900//900 903//903 901//901
f 900//900 901//901 898//898
f 901//901 904//904 905//905
f 901//901 905//905 902//902
f 902//902 905//905 906//906
f 902//902 906//906 903//903
f 903//903 906//906 904//904
f 903//903 904//904 901//901
f 904//904 907//907 908//908
f 904//904 908//908 905//905
f 905//905 908//908 909//909
f 905//905 909//909 906//906
f 906//906 909//909 907//907
f 906//906 907//907 904//904
f 907//907 910//910 911//911
f 907//907 911//911 908//908
f 908//908 911//911 912//912
f 908//908 912//912 909//909
f 909//909 912//912 910//910
f 909//909 910//910 907//907
f 913//913 916//916 917//917
f 913//913 917//917 914//914
f 914//914 917//917 918//918
f 914//914 918//918 915//915
f 915//915 918//918 916//916
f 915//915 916//916 913//913
f 916//916 919//919 920//920
f 916//916 920//920 917//917
f 917//917 920//920 921//921
f 917//917 921//921 918//918
f 918//918 921//921 919//919
f 918//918 919//919 916//916
f 919//919 922//922 923//923
f 919//919 923//923 920//920
f 920//920 923//923 924//924
f 920//920 924//924 921//921
f 921//921 924//924 922//922
f 921//921 922//922 919//919
f 922//922 925//925 926//926
f 922//922 926//926 923//923
f 923//923 926//926 927//927
f 923//923 927//927 924//924
f 924//924 927//927 925//925
f 924//924 925//925 922//922
f 925//925 928//928 929//929
f 925//925 929//929 926//926
f 926//926 929//929 930//930
f 926//926 930//930 927//927
f 927//927 930//930 928//928
f 927//927 928//928 925//925
f 928//928 931//931 932//932
f 928//928 932//932 929//929
f 929//929 932//932 933//933
f 929//929 933//933 930//930
f 930//930 933//933 931//931
f 930//930 931//931 928//928
f 931//931 934//934 935//935
f 931//931 935//935 932//932
f 932//932 935//935 936//936
f 932//932 936//936 933//933
f 933//933 936//936 934//934
f 933//933 934//934 931//931
f 937//937 940//940 941//941
f 937//937 941//941 938//938
f 938//938 941//941 942//942
f 938//938 942//942 939//939
f 939//939 942//942 940//940
f 939//939 940//940 937//937
f 940//940 943//943 944//944
f 940//940 944//944 941//941
f 941//941 944//944 945//945
f 941//941 945//945 942//942
f 942//942 945//945 943//943
f 942//942 943//943 940//940
f 943//943 946//946 947//947
f 943//943 947//947 944//944
f 944//944 947//947 948//948
f 944//944 948//948 945//945
f 945//945 948//948 946//946
f 945//945 946//946 943//943
f 946//946 949//949 950//950
f 946//946 950//950 947//947
f 947//947 950//950 951//951
f 947//947 951//951 948//948
f 948//948 951//951 949//949
f 948//948 949//949 946//946
f 949//949 952//952 953//953
f 949//949 953//953 950//950
f 950//950 953//953 954//954
f 950//950 954//954 951//951
f 951//951 954//954 952//952
f 951//951 952//952 949//949
f 952//952 955//955 956//956
f 952//952 956//956 953//953
f 953//953 956//956 957//957
f 953//953 957//957 954//954
f 954//954 957//957 955//955
f 954//954 955//955 952//952
f 955//955 958//958 959//959
f 955//955 959//959 956//956
f 956//956 959//959 960//960
f 956//956 960//960 957//957
f 957//957 960//960 958//958
f 957//957 958//958 955//955
f 961//961 964//964 965//965
f 961//961 965//965 962//962
f 962//962 965//965 966//966
f 962//962 966//966 963//963
f 963//963 966//966 964//964
f 963//963 964//964 961//961
f 964//964 967//967 968//968
f 964//964 968//968 965//965
f 965//965 968//968 969//969
f 965//965 969//969 966//966
f 966//966 969//969 967//967
f 966//966 967//967 964//964
f 967//967 970//970 971//971
f 967//967 971//971 968//968
f 968//968 971//971 972//972
f 968//968 972//972 969//969
f 969//969 972//972 970//970
f 969//969 970//970 967//967
f 970//970 973//973 974//974
f 970//970 974//974 971//971
f 971//971 974//974 975//975
f 971//971 975//975 972//972
f 972//972 975//975 973//973
f 972//972 973//973 970//970
f 973//973 976//976 977//977
f 973//973 977//977 974//974
f 974//974 977//977 978//978
f 974//974 978//978 975//975
f 975//975 978//978 976//976
f 975//975 976//976 973//973
f 976//976 979//979 980//980
f 976//976 980//980 977//977
f 977//977 980//980 981//981
f 977//977 981//981 978//978
f 978//978 981//981 979//979
f 978//978 979//979 976//976
f 979//979 982//982 983//983
f 979//979 983//983 980//980
f 980//980 983//983 984//984
f 980//980 984//984 981//981
f 981//981 984//984 982//982
f 981//981 982//982 979//979
f 985//985 988//988 989//989
f 985//985 989//989 986//986
f 986//986 989//989 990//990
f 986//986 990//990 987//987
f 987//987 990//990 988//988
f 987//987 988//988 985//985
f 988//988 991//991 992//992
f 988//988 992//992 989//989
f 989//989 992//992 993//993
f 989//989 993//993 990//990
f 990//990 993//993 991//991
f 990//990 991//991 988//988
f 991//991 994//994 995//995
f 991//991 995//995 992//992
f 992//992 995//995 996//996
f 992//992 996//996 993//993
f 993//993 996//996 994//994
f 993//993 994//994 991//991
f 994//994 997//997 998//998
f 994//994 998//998 995//995
f 995//995 998//998 999//999
f 995//995 999//999 996//996
f 996//996 999//999 997//997
f 996//996 997//997 994//994
f 997//997 1000//1000 1001//1001
f 997//997 1001//1001 998//998
f 998//998 1001//1001 1002//1002
f 998//998 1002//1002 999//999
f 999//999 1002//1002 1000//1000
f 999//999 1000//1000 997//997
f 1000//1000 1003//1003 1004//1004
f 1000//1000 1004//1004 1001//1001
f 1001//1001 1004//1004 1005//1005
f 1001//1001 1005//1005 1002//1002
f 1002//1002 1005//1005 1003//1003
f 1002//1002 1003//1003 1000//1000
f 1003//1003 1006//1006 1007//1007
f 1003//1003 1007//1007 1004//1004
f 1004//1004 1007//1007 1008//1008
f 1004//1004 1008//1008 1005//1005
f 1005//1005 1008//1008 1006//1006
f 1005//1005 1006//1006 1003//1003
f 1009//1009 1012//1012 1013//1013
f 1009//1009 1013//1013 1010//1010
f 1010//1010 1013//1013 1014//1014
f 1010//1010 1014//1014 1011//1011
f 1011//1011 1014//1014 1012//1012
f 1011//1011 1012//1012 1009//1009
f 1012//1012 1015//1015 1016//1016
f 1012//1012 1016//1016 1013//1013
f 1013//1013 1016//1016 1017//1017
f 1013//1013 1017//1017 1014//1014
f 1014//1014 1017//1017 1015//1015
f 1014//1014 1015//1015 1012//1012
f 1015//1015 1018//1018 1019//1019
f 1015//1015 1019//1019 1016//1016
f 1016//1016 1019//1019 1020//1020
f 1016//1016 1020//1020 1017//1017
f 1017//1017 1020//1020 1018//1018
f 1017//1017 1018//1018 1015//1015
f 1018//1018 1021//1021 1022//1022
f 1018//1018 1022//1022 1019//1019
f 1019//1019 1022//1022 1023//1023
f 1019//1019 1023//1023 1020//1020
f 1020//1020 1023//1023 1021//1021
f 1020//1020 1021//1021 1018//1018
f 1021//1021 1024//1024 1025//1025
f 1021//1021 1025//1025 1022//1022
f 1022//1022 1025//1025 1026//1026
f 1022//1022 1026//1026 1023//1023
f 1023//1023 1026//1026 1024//1024
f 1023//1023 1024//1024 1021//1021
f 1024//1024 1027//1027 1028//1028
f 1024//1024 1028//1028 1025//1025
f 1025//1025 1028//1028 1029//1029
f 1025//1025 1029//1029 1026//1026
f 1026//1026 1029//1029 1027//1027
f 1026//1026 1027//1027 1024//1024
f 1027//1027 1030//1030 1031//1031
f 1027//1027 1031//1031 1028//1028
f 1028//1028 1031//1031 1032//1032
f 1028//1028 1032//1032 1029//1029
f 1029//1029 1032//1032 1030//1030
f 1029//1029 1030//1030 1027//1027
f 1033//1033 1036//1036 1037//1037
f 1033//1033 1037//1037 1034//1034
f 1034//1034 1037//1037 1038//1038
f 1034//1034 1038//1038 1035//1035
f 1035//1035 1038//1038 1036//1036
f 1035//1035 1036//1036 1033//1033
f 1036//1036 1039//1039 1040//1040
f 1036//1036 1040//1040 1037//1037
f 1037//1037 1040//1040 1041//1041
f 1037//1037 1041//1041 1038//1038
f 1038//1038 1041//1041 1039//1039
f 1038//1038 1039//1039 1036//1036
f 1039//1039 1042//1042 1043//1043
f 1039//1039 1043//1043 1040//1040
f 1040//1040 1043//1043 1044//1044
f 1040//1040 1044//1044 1041//1041
f 1041//1041 1044//1044 1042//1042
f 1041//1041 1042//1042 1039//1039
f 1042//1042 1045//1045 1046//1046
f 1042//1042 1046//1046 1043//1043
f 1043//1043 1046//1046 1047//1047
f 1043//1043 1047//1047 1044//1044
f 1044//1044 1047//1047 1045//1045
f 1044//1044 1045//1045 1042//1042
f 1045//1045 1048//1048 1049//1049
f 1045//1045 1049//1049 1046//1046
f 1046//1046 1049//1049 1050//1050
f 1046//1046 1050//1050 1047//1047
f 1047//1047 1050//1050 1048//1048
f 1047//1047 1048//1048 1045//1045
f 1048//1048 1051//1051 1052//1052
f 1048//1048 1052//1052 1049//1049
f 1049//1049 1052//1052 1053//1053
f 1049//1049 1053//1053 1050//1050
f 1050//1050 1053//1053 1051//1051
f 1050//1050 1051//1051 1048//1048
f 1051//1051 1054//1054 1055//1055
f 1051//1051 1055//1055 1052//1052
f 1052//1052 1055//1055 1056//1056
f 1052//1052 1056//1056 1053//1053
f 1053//1053 1056//1056 1054//1054
f 1053//1053 1054//1054 1051//1051
f 1057//1057 1060//1060 1061//1061
f 1057//1057 1061//1061 1058//1058
f 1058//1058 1061//1061 1062//1062
f 1058//1058 1062//1062 1059//1059
f 1059//1059 1062//1062 1060//1060
f 1059//1059 1060//1060 1057//1057
f 1060//1060 1063//1063 1064//1064
f 1060//1060 1064//1064 1061//1061
f 1061//1061 1064//1064 1065//1065
f 1061//1061 1065//1065 1062//1062
f 1062//1062 1065//1065 1063//1063
f 1062//1062 1063//1063 1060//1060
f 1063//1063 1066//1066 1067//1067
f 1063//1063 1067//1067 1064//1064
f 1064//1064 1067//1067 1068//1068
f 1064//1064 1068//1068 1065//1065
f 1065//1065 1068//1068 1066//1066
f 1065//1065 1066//1066 1063//1063
f 1066//1066 1069//1069 1070//1070
f 1066//1066 1070//1070 1067//1067
f 1067//1067 1070//1070 1071//1071
f 1067//1067 1071//1071 1068//1068
f 1068//1068 1071//1071 1069//1069
f 1068//1068 1069//1069 1066//1066
f 1069//1069 1072//1072 1073//1073
f 1069//1069 1073//1073 1070//1070
f 1070//1070 1073//1073 1074//1074
f 1070//1070 1074//1074 1071//1071
f 1071//1071 1074//1074 1072//1072
f 1071//1071 1072//1072 1069//1069
f 1072//1072 1075//1075 1076//1076
f 1072//1072 1076//1076 1073//1073
f 1073//1073 1076//1076 1077//1077
f 1073//1073 1077//1077 1074//1074
f 1074//1074 1077//1077 1075//1075
f 1074//1074 1075//1075 1072//1072
f 1075//1075 1078//1078 1079//1079
f 1075//1075 1079//1079 1076//1076
f 1076//1076 1079//1079 1080//1080
f 1076//1076 1080//1080 1077//1077
f 1077//1077 1080//1080 1078//1078
f 1077//1077 1078//1078 1075//1075
f 1081//1081 1084//1084 1085//1085
f 1081//1081 1085//1085 1082//1082
f 1082//1082 1085//1085 1086//1086
f 1082//1082 1086//1086 1083//1083
f 1083//1083 1086//1086 1084//1084
f 1083//1083 1084//1084 1081//1081
f 1084//1084 1087//1087 1088//1088
f 1084//1084 1088//1088 1085//1085
f 1085//1085 1088//1088 1089//1089
f 1085//1085 1089//1089 1086//1086
f 1086//1086 1089//1089 1087//1087
f 1086//1086 1087//1087 1084//1084
f 1087//1087 1090//1090 1091//1091
f 1087//1087 1091//1091 1088//1088
f 1088//1088 1091//1091 1092//1092
f 1088//1088 1092//1092 1089//1089
f 1089//1089 1092//1092 1090//1090
f 1089//1089 1090//1090 1087//1087
f 1090//1090 1093//1093 1094//1094
f 1090//1090 1094//1094 1091//1091
f 1091//1091 1094//1094 1095//1095
f 1091//1091 1095//1095 1092//1092
f 1092//1092 1095//1095 1093//1093
f 1092//1092 1093//1093 1090//1090
f 1093//1093 1096//1096 1097//1097
f 1093//1093 1097//1097 1094//1094
f 1094//1094 1097//1097 1098//1098
f 1094//1094 1098//1098 1095//1095
f 1095//1095 1098//1098 1096//1096
f 1095//1095 1096//1096 1093//1093
f 1096//1096 1099//1099 1100//1100
f 1096//1096 1100//1100 1097//1097
f 1097//1097 1100//1100 1101//1101
f 1097//1097 1101//1101 1098//1098
f 1098//1098 1101//1101 1099//1099
f 1098//1098 1099//1099 1096//1096
f 1099//1099 1102//1102 1103//1103
f 1099//1099 1103//1103 1100//1100
f 1100//1100 1103//1103 1104//1104
f 1100//1100 1104//1104 1101//1101
f 1101//1101 1104//1104 1102//1102
f 1101//1101 1102//1102 1099//1099
f 1105//1105 1108//1108 1109//1109
f 1105//1105 1109//1109 1106//1106
f 1106//1106 1109//1109 1110//1110
f 1106//1106 1110//1110 1107//1107
f 1107//1107 1110//1110 1108//1108
f 1107//1107 1108//1108 1105//1105
f 1108//1108 1111//1111 1112//1112
f 1108//1108 1112//1112 1109//1109
f 1109//1109 1112//1112 1113//1113
f 1109//1109 1113//1113 1110//1110
f 1110//1110 1113//1113 1111//1111
f 1110//1110 1111//1111 1108//1108
f 1111//1111 1114//1114 1115//1115
f 1111//1111 1115//1115 1112//1112
f 1112//1112 1115//1115 1116//1116
f 1112//1112 1116//1116 1113//1113
f 1113//1113 1116//1116 1114//1114
f 1113//1113 1114//1114 1111//1111
f 1114//1114 1117//1117 1118//1118
f 1114//1114 1118//1118 1115//1115
f 1115//1115 1118//1118 1119//1119
f 1115//1115 1119//1119 1116//1116
f 1116//1116 1119//1119 1117//1117
f 1116//1116 1117//1117 1114//1114
f 1117//1117 1120//1120 1121//1121
f 1117//1117 1121//1121 1118//1118
f 1118//1118 1121//1121 1122//1122
f 1118//1118 1122//1122 1119//1119
f 1119//1119 1122//1122 1120//1120
f 1119//1119 1120//1120 1117//1117
f 1120//1120 1123//1123 1124//1124
f 1120//1120 1124//1124 1121//1121
f 1121//1121 1124//1124 1125//1125
f 1121//1121 1125//1125 1122//1122
f 1122//1122 1125//1125 1123//1123
f 1122//1122 1123//1123 1120//1120
f 1123//1123 1126//1126 1127//1127
f 1123//1123 1127//1127 1124//1124
f 1124//1124 1127//1127 1128//1128
f 1124//1124 1128//1128 1125//1125
f 1125//1125 1128//1128 1126//1126
f 1125//1125 1126//1126 1123//1123
f 1129//1129 1132//1132 1133//1133
f 1129//1129 1133//1133 1130//1130
f 1130//1130 1133//1133 1134//1134
f 1130//1130 1134//1134 1131//1131
f 1131//1131 1134//1134 1132//1132
f 1131//1131 1132//1132 1129//1129
f 1132//1132 1135//1135 1136//1136
f 1132//1132 1136//1136 1133//1133
f 1133//1133 1136//1136 1137//1137
f 1133//1133 1137//1137 1134//1134
f 1134//1134 1137//1137 1135//1135
f 1134//1134 1135//1135 1132//1132
f 1135//1135 1138//1138 1139//1139
f 1135//1135 1139//1139 1136//1136
f 1136//1136 1139//1139 1140//1140
f 1136//1136 1140//1140 1137//1137
f 1137//1137 1140//1140 1138//1138
f 1137//1137 1138//1138 1135//1135
f 1138//1138 1141//1141 1142//1142
f 1138//1138 1142//1142 1139//1139
f 1139//1139 1142//1142 1143//1143
f 1139//1139 1143//1143 1140//1140
f 1140//1140 1143//1143 1141//1141
f 1140//1140 1141//1141 1138//1138
f 1141//1141 1144//1144 1145//1145
f 1141//1141 1145//1145 1142//1142
f 1142//1142 1145//1145 1146//1146
f 1142//1142 1146//1146 1143//1143
f 1143//1143 1146//1146 1144//1144
f 1143//1143 1144//1144 1141//1141
f 1144//1144 1147//1147 1148//1148
f 1144//1144 1148//1148 1145//1145
f 1145//1145 1148//1148 1149//1149
f 1145//1145 1149//1149 1146//1146
f 1146//1146 1149//1149 1147//1147
f 1146//1146 1147//1147 1144//1144
f 1147//1147 1150//1150 1151//1151
f 1147//1147 1151//1151 1148//1148
f 1148//1148 1151//1151 1152//1152
f 1148//1148 1152//1152 1149//1149
f 1149//1149 1152//1152 1150//1150
f 1149//1149 1150//1150 1147//1147
f 1153//1153 1156//1156 1157//1157
f 1153//1153 1157//1157 1154//1154
f 1154//1154 1157//1157 1158//1158
f 1154//1154 1158//1158 1155//1155
f 1155//1155 1158//1158 1156//1156
f 1155//1155 1156//1156 1153//1153
f 1156//1156 1159//1159 1160//1160
f 1156//1156 1160//1160 1157//1157
f 1157//1157 1160//1160 1161//1161
f 1157//1157 1161//1161 1158//1158
f 1158//1158 1161//1161 1159//1159
f 1158//1158 1159//1159 1156//1156
f 1159//1159 1162//1162 1163//1163
f 1159//1159 1163//1163 1160//1160
f 1160//1160 1163//1163 1164//1164
f 1160//1160 1164//1164 1161//1161
f 1161//1161 1164//1164 1162//1162
f 1161//1161 1162//1162 1159//1159
f 1162//1162 1165//1165 1166//1166
f 1162//1162 1166//1166 1163//1163
f 1163//1163 1166//1166 1167//1167
f 1163//1163 1167//1167 1164//1164
f 1164//1164 1167//1167 1165//1165
f 1164//1164 1165//1165 1162//1162
f 1165//1165 1168//1168 1169//1169
f 1165//1165 1169//1169 1166//1166
f 1166//1166 1169//1169 1170//1170
f 1166//1166 1170//1170 1167//1167
f 1167//1167 1170//1170 1168//1168
f 1167//1167 1168//1168 1165//1165
f 1168//1168 1171//1171 1172//1172
f 1168//1168 1172//1172 1169//1169
f 1169//1169 1172//1172 1173//1173
f 1169//1169 1173//1173 1170//1170
f 1170//1170 1173//1173 1171//1171
f 1170//1170 1171//1171 1168//1168
f 1171//1171 1174//1174 1175//1175
f 1171//1171 1175//1175 1172//1172
f 1172//1172 1175//1175 1176//1176
f 1172//1172 1176//1176 1173//1173
f 1173//1173 1176//1176 1174//1174
f 1173//1173 1174//1174 1171//1171
f 1177//1177 1180//1180 1181//1181
f 1177//1177 1181//1181 1178//1178
f 1178//1178 1181//1181 1182//1182
f 1178//1178 1182//1182 1179//1179
f 1179//1179 1182//1182 1180//1180
f 1179//1179 1180//1180 1177//1177
f 1180//1180 1183//1183 1184//1184
f 1180//1180 1184//1184 1181//1181
f 1181//1181 1184//1184 1185//1185
f 1181//1181 1185//1185 1182//1182
f 1182//1182 1185//1185 1183//1183
f 1182//1182 1183//1183 1180//1180
f 1183//1183 1186//1186 1187//1187
f 1183//1183 1187//1187 1184//1184
f 1184//1184 1187//1187 1188//1188
f 1184//1184 1188//1188 1185//1185
f 1185//1185 1188//1188 1186//1186
f 1185//1185 1186//1186 1183//1183
f 1186//1186 1189//1189 1190//1190
f 1186//1186 1190//1190 1187//1187
f 1187//1187 1190//1190 1191//1191
f 1187//1187 1191//1191 1188//1188
f 1188//1188 1191//1191 1189//1189
f 1188//1188 1189//1189 1186//1186
f 1189//1189 1192//1192 1193//1193
f 1189//1189 1193//1193 1190//1190
f 1190//1190 1193//1193 1194//1194
f 1190//1190 1194//1194 1191//1191
f 1191//1191 1194//1194 1192//1192
f 1191//1191 1192//1192 1189//1189
f 1192//1192 1195//1195 1196//1196
f 1192//1192 1196//1196 1193//1193
f 1193//1193 1196//1196 1197//1197
f 1193//1193 1197//1197 1194//1194
f 1194//1194 1197//1197 1195//1195
f 1194//1194 1195//1195 1192//1192
f 1195//1195 1198//1198 1199//1199
f 1195//1195 1199//1199 1196//1196
f 1196//1196 1199//1199 1200//1200
f 1196//1196 1200//1200 1197//1197
f 1197//1197 1200//1200 1198//1198
f 1197//1197 1198//1198 1195//1195
f 1201//1201 1204//1204 1205//1205
f 1201//1201 1205//1205 1202//1202
f 1202//1202 1205//1205 1206//1206
f 1202//1202 1206//1206 1203//1203
f 1203//1203 1206//1206 1204//1204
f 1203//1203 1204//1204 1201//1201
f 1204//1204 1207//1207 1208//1208
f 1204//1204 1208//1208 1205//1205
f 1205//1205 1208//1208 1209//1209
f 1205//1205 1209//1209 1206//1206
f 1206//1206 1209//1209 1207//1207
f 1206//1206 1207//1207 1204//1204
f 1207//1207 1210//1210 1211//1211
f 1207//1207 1211//1211 1208//1208
f 1208//1208 1211//1211 1212//1212
f 1208//1208 1212//1212 1209//1209
f 1209//1209 1212//1212 1210//1210
f 1209//1209 1210//1210 1207//1207
f 1210//1210 1213//1213 1214//1214
f 1210//1210 1214//1214 1211//1211
f 1211//1211 1214//1214 1215//1215
f 1211//1211 1215//1215 1212//1212
f 1212//1212 1215//1215 1213//1213
f 1212//1212 1213//1213 1210//1210
f 1213//1213 1216//1216 1217//1217
f 1213//1213 1217//1217 1214//1214
f 1214//1214 1217//1217 1218//1218
f 1214//1214 1218//1218 1215//1215
f 1215//1215 1218//1218 1216//1216
f 1215//1215 1216//1216 1213//1213
f 1216//1216 1219//1219 1220//1220
f 1216//1216 1220//1220 1217//1217
f 1217//1217 1220//1220 1221//1221
f 1217//1217 1221//1221 1218//1218
f 1218//1218 1221//1221 1219//1219
f 1218//1218 1219//1219 1216//1216
f 1219//1219 1222//1222 1223//1223
f 1219//1219 1223//1223 1220//1220
f 1220//1220 1223//1223 1224//1224
f 1220//1220 1224//1224 1221//1221
f 1221//1221 1224//1224 1222//1222
f 1221//1221 1222//1222 1219//1219
f 1225//1225 1228//1228 1229//1229
f 1225//1225 1229//1229 1226//1226
f 1226//1226 1229//1229 1230//1230
f 1226//1226 1230//1230 1227//1227
f 1227//1227 1230//1230 1228//1228
f 1227//1227 1228//1228 1225//1225
f 1228//1228 1231//1231 1232//1232
f 1228//1228 1232//1232 1229//1229
f 1229//1229 1232//1232 1233//1233
f 1229//1229 1233//1233 1230//1230
f 1230//1230 1233//1233 1231//1231
f 1230//1230 1231//1231 1228//1228
f 1231//1231 1234//1234 1235//1235
f 1231//1231 1235//1235 1232//1232
f 1232//1232 1235//1235 1236//1236
f 1232//1232 1236//1236 1233//1233
f 1233//1233 1236//1236 1234//1234
f 1233//1233 1234//1234 1231//1231
f 1234//1234 1237//1237 1238//1238
f 1234//1234 1238//1238 1235//1235
f 1235//1235 1238//1238 1239//1239
f 1235//1235 1239//1239 1236//1236
f 1236//1236 1239//1239 1237//1237
f 1236//1236 1237//1237 1234//1234
f 1237//1237 1240//1240 1241//1241
f 1237//1237 1241//1241 1238//1238
f 1238//1238 1241//1241 1242//1242
f 1238//1238 1242//1242 1239//1239
f 1239//1239 1242//1242 1240//1240
f 1239//1239 1240//1240 1237//1237
f 1240//1240 1243//1243 1244//1244
f 1240//1240 1244//1244 1241//1241
f 1241//1241 1244//1244 1245//1245
f 1241//1241 1245//1245 1242//1242
f 1242//1242 1245//1245 1243//1243
f 1242//1242 1243//1243 1240//1240
f 1243//1243 1246//1246 1247//1247
f 1243//1243 1247//1247 1244//1244
f 1244//1244 1247//1247 1248//1248
f 1244//1244 1248//1248 1245//1245
f 1245//1245 1248//1248 1246//1246
f 1245//1245 1246//1246 1243//1243
f 1249//1249 1252//1252 1253//1253
f 1249//1249 1253//1253 1250//1250
f 1250//1250 1253//1253 1254//1254
f 1250//1250 1254//1254 1251//1251
f 1251//1251 1254//1254 1252//1252
f 1251//1251 1252//1252 1249//1249
f 1252//1252 1255//1255 1256//1256
f 1252//1252 1256//1256 1253//1253
f 1253//1253 1256//1256 1257//1257
f 1253//1253 1257//1257 1254//1254
f 1254//1254 1257//1257 1255//1255
f 1254//1254 1255//1255 1252//1252
f 1255//1255 1258//1258 1259//1259
f 1255//1255 1259//1259 1256//1256
f 1256//1256 1259//1259 1260//1260
f 1256//1256 1260//1260 1257//1257
f 1257//1257 1260//1260 1258//1258
f 1257//1257 1258//1258 1255//1255
f 1258//1258 1261//1261 1262//1262
f 1258//1258 1262//1262 1259//1259
f 1259//1259 1262//1262 1263//1263
f 1259//1259 1263//1263 1260//1260
f 1260//1260 1263//1263 1261//1261
f 1260//1260 1261//1261 1258//1258
f 1261//1261 1264//1264 1265//1265
f 1261//1261 1265//1265 1262//1262
f 1262//1262 1265//1265 1266//1266
f 1262//1262 1266//1266 1263//1263
f 1263//1263 1266//1266 1264//1264
f 1263//1263 1264//1264 1261//1261
f 1264//1264 1267//1267 1268//1268
f 1264//1264 1268//1268 1265//1265
f 1265//1265 1268//1268 1269//1269
f 1265//1265 1269//1269 1266//1266
f 1266//1266 1269//1269 1267//1267
f 1266//1266 1267//1267 1264//1264
f 1267//1267 1270//1270 1271//1271
f 1267//1267 1271//1271 1268//1268
f 1268//1268 1271//1271 1272//1272
f 1268//1268 1272//1272 1269//1269
f 1269//1269 1272//1272 1270//1270
f 1269//1269 1270//1270 1267//1267
f 1273//1273 1276//1276 1277//1277
f 1273//1273 1277//1277 1274//1274
f 1274//1274 1277//1277 1278//1278
f 1274//1274 1278//1278 1275//1275
f 1275//1275 1278//1278 1276//1276
f 1275//1275 1276//1276 1273//1273
f 1276//1276 1279//1279 1280//1280
f 1276//1276 1280//1280 1277//1277
f 1277//1277 1280//1280 1281//1281
f 1277//1277 1281//1281 1278//1278
f 1278//1278 1281//1281 1279//1279
f 1278//1278 1279//1279 1276//1276
f 1279//1279 1282//1282 1283//1283
f 1279//1279 1283//1283 1280//1280
f 1280//1280 1283//1283 1284//1284
f 1280//1280 1284//1284 1281//1281
f 1281//1281 1284//1284 1282//1282
f 1281//1281 1282//1282 1279//1279
f 1282//1282 1285//1285 1286//1286
f 1282//1282 1286//1286 1283//1283
f 1283//1283 1286//1286 1287//1287
f 1283//1283 1287//1287 1284//1284
f 1284//1284 1287//1287 1285//1285
f 1284//1284 1285//1285 1282//1282
f 1285//1285 1288//1288 1289//1289
f 1285//1285 1289//1289 1286//1286
f 1286//1286 1289//1289 1290//1290
f 1286//1286 1290//1290 1287//1287
f 1287//1287 1290//1290 1288//1288
f 1287//1287 1288//1288 1285//1285
f 1288//1288 1291//1291 1292//1292
f 1288//1288 1292//1292 1289//1289
f 1289//1289 1292//1292 1293//1293
f 1289//1289 1293//1293 1290//1290
f 1290//1290 1293//1293 1291//1291
f 1290//1290 1291//1291 1288//1288
f 1291//1291 1294//1294 1295//1295
f 1291//1291 1295//1295 1292//1292
f 1292//1292 1295//1295 1296//1296
f 1292//1292 1296//1296 1293//1293
f 1293//1293 1296//1296 1294//1294
f 1293//1293 1294//1294 1291//1291
f 1297//1297 1300//1300 1301//1301
f 1297//1297 1301//1301 1298//1298
f 1298//1298 1301//1301 1302//1302
f 1298//1298 1302//1302 1299//1299
f 1299//1299 1302//1302 1300//1300
f 1299//1299 1300//1300 1297//1297
f 1300//1300 1303//1303 1304//1304
f 1300//1300 1304//1304 1301//1301
f 1301//1301 1304//1304 1305//1305
f 1301//1301 1305//1305 1302//1302
f 1302//1302 1305//1305 1303//1303
f 1302//1302 1303//1303 1300//1300
f 1303//1303 1306//1306 1307//1307
f 1303//1303 1307//1307 1304//1304
f 1304//1304 1307//1307 1308//1308
f 1304//1304 1308//1308 1305//1305
f 1305//1305 1308//1308 1306//1306
f 1305//1305 1306//1306 1303//1303
f 1306//1306 1309//1309 1310//1310
f 1306//1306 1310//1310 1307//1307
f 1307//1307 1310//1310 1311//1311
f 1307//1307 1311//1311 1308//1308
f 1308//1308 1311//1311 1309//1309
f 1308//1308 1309//1309 1306//1306
f 1309//1309 1312//1312 1313//1313
f 1309//1309 1313//1313 1310//1310
f 1310//1310 1313//1313 1314//1314
f 1310//1310 1314//1314 1311//1311
f 1311//1311 1314//1314 1312//1312
f 1311//1311 1312//1312 1309//1309
f 1312//1312 1315//1315 1316//1316
f 1312//1312 1316//1316 1313//1313
f 1313//1313 1316//1316 1317//1317
f 1313//1313 1317//1317 1314//1314
f 1314//1314 1317//1317 1315//1315
f 1314//1314 1315//1315 1312//1312
f 1315//1315 1318//1318 1319//1319
f 1315//1315 1319//1319 1316//1316
f 1316//1316 1319//1319 1320//1320
f 1316//1316 1320//1320 1317//1317
f 1317//1317 1320//1320 1318//1318
f 1317//1317 1318//1318 1315//1315
f 1321//1321 1324//1324 1325//1325
f 1321//1321 1325//1325 1322//1322
f 1322//1322 1325//1325 1326//1326
f 1322//1322 1326//1326 1323//1323
f 1323//1323 1326//1326 1324//1324
f 1323//1323 1324//1324 1321//1321
f 1324//1324 1327//1327 1328//1328
f 1324//1324 1328//1328 1325//1325
f 1325//1325 1328//1328 1329//1329
f 1325//1325 1329//1329 1326//1326
f 1326//1326 1329//1329 1327//1327
f 1326//1326 1327//1327 1324//1324
f 1327//1327 1330//1330 1331//1331
f 1327//1327 1331//1331 1328//1328
f 1328//1328 1331//1331 1332//1332
f 1328//1328 1332//1332 1329//1329
f 1329//1329 1332//1332 1330//1330
f 1329//1329 1330//1330 1327//1327
f 1330//1330 1333//1333 1334//1334
f 1330//1330 1334//1334 1331//1331
f 1331//1331 1334//1334 1335//1335
f 1331//1331 1335//1335 1332//1332
f 1332//1332 1335//1335 1333//1333
f 1332//1332 1333//1333 1330//1330
f 1333//1333 1336//1336 1337//1337
f 1333//1333 1337//1337 1334//1334
f 1334//1334 1337//1337 1338//1338
f 1334//1334 1338//1338 1335//1335
f 1335//1335 1338//1338 1336//1336
f 1335//1335 1336//1336 1333//1333
f 1336//1336 1339//1339 1340//1340
f 1336//1336 1340//1340 1337//1337
f 1337//1337 1340//1340 1341//1341
f 1337//1337 1341//1341 1338//1338
f 1338//1338 1341//1341 1339//1339
f 1338//1338 1339//1339 1336//1336
f 1339//1339 1342//1342 1343//1343
f 1339//1339 1343//1343 1340//1340
f 1340//1340 1343//1343 1344//1344
f 1340//1340 1344//1344 1341//1341
f 1341//1341 1344//1344 1342//1342
f 1341//1341 1342//1342 1339//1339
f 1345//1345 1348//1348 1349//1349
f 1345//1345 1349//1349 1346//1346
f 1346//1346 1349//1349 1350//1350
f 1346//1346 1350//1350 1347//1347
f 1347//1347 1350//1350 1348//1348
f 1347//1347 1348//1348 1345//1345
f 1348//1348 1351//1351 1352//1352
f 1348//1348 1352//1352 1349//1349
f 1349//1349 1352//1352 1353//1353
f 1349//1349 1353//1353 1350//1350
f 1350//1350 1353//1353 1351//1351
f 1350//1350 1351//1351 1348//1348
f 1351//1351 1354//1354 1355//1355
f 1351//1351 1355//1355 1352//1352
f 1352//1352 1355//1355 1356//1356
f 1352//1352 1356//1356 1353//1353
f 1353//1353 1356//1356 1354//1354
f 1353//1353 1354//1354 1351//1351
f 1354//1354 1357//1357 1358//1358
f 1354//1354 1358//1358 1355//1355
f 1355//1355 1358//1358 1359//1359
f 1355//1355 1359//1359 1356//1356
f 1356//1356 1359//1359 1357//1357
f 1356//1356 1357//1357 1354//1354
f 1357//1357 1360//1360 1361//1361
f 1357//1357 1361//1361 1358//1358
f 1358//1358 1361//1361 1362//1362
f 1358//1358 1362//1362 1359//1359
f 1359//1359 1362//1362 1360//1360
f 1359//1359 1360//1360 1357//1357
f 1360//1360 1363//1363 1364//1364
f 1360//1360 1364//1364 1361//1361
f 1361//1361 1364//1364 1365//1365
f 1361//1361 1365//1365 1362//1362
f 1362//1362 1365//1365 1363//1363
f 1362//1362 1363//1363 1360//1360
f 1363//1363 1366//1366 1367//1367
f 1363//1363 1367//1367 1364//1364
f 1364//1364 1367//1367 1368//1368
f 1364//1364 1368//1368 1365//1365
f 1365//1365 1368//1368 1366//1366
f 1365//1365 1366//1366 1363//1363
f 1369//1369 1372//1372 1373//1373
f 1369//1369 1373//1373 1370//1370
f 1370//1370 1373//1373 1374//1374
f 1370//1370 1374//1374 1371//1371
f 1371//1371 1374//1374 1372//1372
f 1371//1371 1372//1372 1369//1369
f 1372//1372 1375//1375 1376//1376
f 1372//1372 1376//1376 1373//1373
f 1373//1373 1376//1376 1377//1377
f 1373//1373 1377//1377 1374//1374
f 1374//1374 1377//1377 1375//1375
f 1374//1374 1375//1375 1372//1372
f 1375//1375 1378//1378 1379//1379
f 1375//1375 1379//1379 1376//1376
f 1376//1376 1379//1379 1380//1380
f 1376//1376 1380//1380 1377//1377
f 1377//1377 1380//1380 1378//1378
f 1377//1377 1378//1378 1375//1375
f 1378//1378 1381//1381 1382//1382
f 1378//1378 1382//1382 1379//1379
f 1379//1379 1382//1382 1383//1383
f 1379//1379 1383//1383 1380//1380
f 1380//1380 1383//1383 1381//1381
f 1380//1380 1381//1381 1378//1378
f 1381//1381 1384//1384 1385//1385
f 1381//1381 1385//1385 1382//1382
f 1382//1382 1385//1385 1386//1386
f 1382//1382 1386//1386 1383//1383
f 1383//1383 1386//1386 1384//1384
f 1383//1383 1384//1384 1381//1381
f 1384//1384 1387//1387 1388//1388
f 1384//1384 1388//1388 1385//1385
f 1385//1385 1388//1388 1389//1389
f 1385//1385 1389//1389 1386//1386
f 1386//1386 1389//1389 1387//1387
f 1386//1386 1387//1387 1384//1384
f 1387//1387 1390//1390 1391//1391
f 1387//1387 1391//1391 1388//1388
f 1388//1388 1391//1391 1392//1392
f 1388//1388 1392//1392 1389//1389
f 1389//1389 1392//1392 1390//1390
f 1389//1389 1390//1390 1387//1387
f 1393//1393 1396//1396 1397//1397
f 1393//1393 1397//1397 1394//1394
f 1394//1394 1397//1397 1398//1398
f 1394//1394 1398//1398 1395//1395
f 1395//1395 1398//1398 1396//1396
f 1395//1395 1396//1396 1393//1393
f 1396//1396 1399//1399 1400//1400
f 1396//1396 1400//1400 1397//1397
f 1397//1397 1400//1400 1401//1401
f 1397//1397 1401//1401 1398//1398
f 1398//1398 1401//1401 1399//1399
f 1398//1398 1399//1399 1396//1396
f 1399//1399 1402//1402 1403//1403
f 1399//1399 1403//1403 1400//1400
f 1400//1400 1403//1403 1404//1404
f 1400//1400 1404//1404 1401//1401
f 1401//1401 1404//1404 1402//1402
f 1401//1401 1402//1402 1399//1399
f 1402//1402 1405//1405 1406//1406
f 1402//1402 1406//1406 1403//1403
f 1403//1403 1406//1406 1407//1407
f 1403//1403 1407//1407 1404//1404
f 1404//1404 1407//1407 1405//1405
f 1404//1404 1405//1405 1402//1402
f 1405//1405 1408//1408 1409//1409
f 1405//1405 1409//1409 1406//1406
f 1406//1406 1409//1409 1410//1410
f 1406//1406 1410//1410 1407//1407
f 1407//1407 1410//1410 1408//1408
f 1407//1407 1408//1408 1405//1405
f 1408//1408 1411//1411 1412//1412
f 1408//1408 1412//1412 1409//1409
f 1409//1409 1412//1412 1413//1413
f 1409//1409 1413//1413 1410//1410
f 1410//1410 1413//1413 1411//1411
f 1410//1410 1411//1411 1408//1408
f 1411//1411 1414//1414 1415//1415
f 1411//1411 1415//1415 1412//1412
f 1412//1412 1415//1415 1416//1416
f 1412//1412 1416//1416 1413//1413
f 1413//1413 1416//1416 1414//1414
f 1413//1413 1414//1414 1411//1411
f 1417//1417 1420//1420 1421//1421
f 1417//1417 1421//1421 1418//1418
f 1418//1418 1421//1421 1422//1422
f 1418//1418 1422//1422 1419//1419
f 1419//1419 1422//1422 1420//1420
f 1419//1419 1420//1420 1417//1417
f 1420//1420 1423//1423 1424//1424
f 1420//1420 1424//1424 1421//1421
f 1421//1421 1424//1424 1425//1425
f 1421//1421 1425//1425 1422//1422
f 1422//1422 1425//1425 1423//1423
f 1422//1422 1423//1423 1420//1420
f 1423//1423 1426//1426 1427//1427
f 1423//1423 1427//1427 1424//1424
f 1424//1424 1427//1427 1428//1428
f 1424//1424 1428//1428 1425//1425
f 1425//1425 1428//1428 1426//1426
f 1425//1425 1426//1426 1423//1423
f 1426//1426 1429//1429 1430//1430
f 1426//1426 1430//1430 1427//1427
f 1427//1427 1430//1430 1431//1431
f 1427//1427 1431//1431 1428//1428
f 1428//1428 1431//1431 1429//1429
f 1428//1428 1429//1429 1426//1426
f 1429//1429 1432//1432 1433//1433
f 1429//1429 1433//1433 1430//1430
f 1430//1430 1433//1433 1434//1434
f 1430//1430 1434//1434 1431//1431
f 1431//1431 1434//1434 1432//1432
f 1431//1431 1432//1432 1429//1429
f 1432//1432 1435//1435 1436//1436
f 1432//1432 1436//1436 1433//1433
f 1433//1433 1436//1436 1437//1437
f 1433//1433 1437//1437 1434//1434
f 1434//1434 1437//1437 1435//1435
f 1434//1434 1435//1435 1432//1432
f 1435//1435 1438//1438 1439//1439
f 1435//1435 1439//1439 1436//1436
f 1436//1436 1439//1439 1440//1440
f 1436//1436 1440//1440 1437//1437
f 1437//1437 1440//1440 1438//1438
f 1437//1437 1438//1438 1435//1435
f 1441//1441 1444//1444 1445//1445
f 1441//1441 1445//1445 1442//1442
f 1442//1442 1445//1445 1446//1446
f 1442//1442 1446//1446 1443//1443
f 1443//1443 1446//1446 1444//1444
f 1443//1443 1444//1444 1441//1441
f 1444//1444 1447//1447 1448//1448
f 1444//1444 1448//1448 1445//1445
f 1445//1445 1448//1448 1449//1449
f 1445//1445 1449//1449 1446//1446
f 1446//1446 1449//1449 1447//1447
f 1446//1446 1447//1447 1444//1444
f 1447//1447 1450//1450 1451//1451
f 1447//1447 1451//1451 1448//1448
f 1448//1448 1451//1451 1452//1452
f 1448//1448 1452//1452 1449//1449
f 1449//1449 1452//1452 1450//1450
f 1449//1449 1450//1450 1447//1447
f 1450//1450 1453//1453 1454//1454
f 1450//1450 1454//1454 1451//1451
f 1451//1451 1454//1454 1455//1455
f 1451//1451 1455//1455 1452//1452
f 1452//1452 1455//1455 1453//1453
f 1452//1452 1453//1453 1450//1450
f 1453//1453 1456//1456 1457//1457
f 1453//1453 1457//1457 1454//1454
f 1454//1454 1457//1457 1458//1458
f 1454//1454 1458//1458 1455//1455
f 1455//1455 1458//1458 1456//1456
f 1455//1455 1456//1456 1453//1453
f 1456//1456 1459//1459 1460//1460
f 1456//1456 1460//1460 1457//1457
f 1457//1457 1460//1460 1461//1461
f 1457//1457 1461//1461 1458//1458
f 1458//1458 1461//1461 1459//1459
f 1458//1458 1459//1459 1456//1456
f 1459//1459 1462//1462 1463//1463
f 1459//1459 1463//1463 1460//1460
f 1460//1460 1463//1463 1464//1464
f 1460//1460 1464//1464 1461//1461
f 1461//1461 1464//1464 1462//1462
f 1461//1461 1462//1462 1459//1459
f 1465//1465 1468//1468 1469//1469
f 1465//1465 1469//1469 1466//1466
f 1466//1466 1469//1469 1470//1470
f 1466//1466 1470//1470 1467//1467
f 1467//1467 1470//1470 1468//1468
f 1467//1467 1468//1468 1465//1465
f 1468//1468 1471//1471 1472//1472
f 1468//1468 1472//1472 1469//1469
f 1469//1469 1472//1472 1473//1473
f 1469//1469 1473//1473 1470//1470
f 1470//1470 1473//1473 1471//1471
f 1470//1470 1471//1471 1468//1468
f 1471//1471 1474//1474 1475//1475
f 1471//1471 1475//1475 1472//1472
f 1472//1472 1475//1475 1476//1476
f 1472//1472 1476//1476 1473//1473
f 1473//1473 1476//1476 1474//1474
f 1473//1473 1474//1474 1471//1471
f 1474//1474 1477//1477 1478//1478
f 1474//1474 1478//1478 1475//1475
f 1475//1475 1478//1478 1479//1479
f 1475//1475 1479//1479 1476//1476
f 1476//1476 1479//1479 1477//1477
f 1476//1476 1477//1477 1474//1474
f 1477//1477 1480//1480 1481//1481
f 1477//1477 1481//1481 1478//1478
f 1478//1478 1481//1481 1482//1482
f 1478//1478 1482//1482 1479//1479
f 1479//1479 1482//1482 1480//1480
f 1479//1479 1480//1480 1477//1477
f 1480//1480 1483//1483 1484//1484
f 1480//1480 1484//1484 1481//1481
f 1481//1481 1484//1484 1485//1485
f 1481//1481 1485//1485 1482//1482
f 1482//1482 1485//1485 1483//1483
f 1482//1482 1483//1483 1480//1480
f 1483//1483 1486//1486 1487//1487
f 1483//1483 1487//1487 1484//1484
f 1484//1484 1487//1487 1488//1488
f 1484//1484 1488//1488 1485//1485
f 1485//1485 1488//1488 1486//1486
f 1485//1485 1486//1486 1483//1483
f 1489//1489 1492//1492 1493//1493
f 1489//1489 1493//1493 1490//1490
f 1490//1490 1493//1493 1494//1494
f 1490//1490 1494//1494 1491//1491
f 1491//1491 1494//1494 1492//1492
f 1491//1491 1492//1492 1489//1489
f 1492//1492 1495//1495 1496//1496
f 1492//1492 1496//1496 1493//1493
f 1493//1493 1496//1496 1497//1497
f 1493//1493 1497//1497 1494//1494
f 1494//1494 1497//1497 1495//1495
f 1494//1494 1495//1495 1492//1492
f 1495//1495 1498//1498 1499//1499
f 1495//1495 1499//1499 1496//1496
f 1496//1496 1499//1499 1500//1500
f 1496//1496 1500//1500 1497//1497
f 1497//1497 1500//1500 1498//1498
f 1497//1497 1498//1498 1495//1495
f 1498//1498 1501//1501 1502//1502
f 1498//1498 1502//1502 1499//1499
f 1499//1499 1502//1502 1503//1503
f 1499//1499 1503//1503 1500//1500
f 1500//1500 1503//1503 1501//1501
f 1500//1500 1501//1501 1498//1498
f 1501//1501 1504//1504 1505//1505
f 1501//1501 1505//1505 1502//1502
f 1502//1502 1505//1505 1506//1506
f 1502//1502 1506//1506 1503//1503
f 1503//1503 1506//1506 1504//1504
f 1503//1503 1504//1504 1501//1501
f 1504//1504 1507//1507 1508//1508
f 1504//1504 1508//1508 1505//1505
f 1505//1505 1508//1508 1509//1509
f 1505//1505 1509//1509 1506//1506
f 1506//1506 1509//1509 1507//1507
f 1506//1506 1507//1507 1504//1504
f 1507//1507 1510//1510 1511//1511
f 1507//1507 1511//1511 1508//1508
f 1508//1508 1511//1511 1512//1512
f 1508//1508 1512//1512 1509//1509
f 1509//1509 1512//1512 1510//1510
f 1509//1509 1510//1510 1507//1507
f 1513//1513 1516//1516 1517//1517
f 1513//1513 1517//1517 1514//1514
f 1514//1514 1517//1517 1518//1518
f 1514//1514 1518//1518 1515//1515
f 1515//1515 1518//1518 1516//1516
f 1515//1515 1516//1516 1513//1513
f 1516//1516 1519//1519 1520//1520
f 1516//1516 1520//1520 1517//1517
f 1517//1517 1520//1520 1521//1521
f 1517//1517 1521//1521 1518//1518
f 1518//1518 1521//1521 1519//1519
f 1518//1518 1519//1519 1516//1516
f 1519//1519 1522//1522 1523//1523
f 1519//1519 1523//1523 1520//1520
f 1520//1520 1523//1523 1524//1524
f 1520//1520 1524//1524 1521//1521
f 1521//1521 1524//1524 1522//1522
f 1521//1521 1522//1522 1519//1519
f 1522//1522 1525//1525 1526//1526
f 1522//1522 1526//1526 1523//1523
f 1523//1523 1526//1526 1527//1527
f 1523//1523 1527//1527 1524//1524
f 1524//1524 1527//1527 1525//1525
f 1524//1524 1525//1525 1522//1522
f 1525//1525 1528//1528 1529//1529
f 1525//1525 1529//1529 1526//1526
f 1526//1526 1529//1529 1530//1530
f 1526//1526 1530//1530 1527//1527
f 1527//1527 1530//1530 1528//1528
f 1527//1527 1528//1528 1525//1525
f 1528//1528 1531//1531 1532//1532
f 1528//1528 1532//1532 1529//1529
f 1529//1529 1532//1532 1533//1533
f 1529//1529 1533//1533 1530//1530
f 1530//1530 1533//1533 1531//1531
f 1530//1530 1531//1531 1528//1528
f 1531//1531 1534//1534 1535//1535
f 1531//1531 1535//1535 1532//1532
f 1532//1532 1535//1535 1536//1536
f 1532//1532 1536//1536 1533//1533
f 1533//1533 1536//1536 1534//1534
f 1533//1533 1534//1534 1531//1531
f 1537//1537 1540//1540 1541//1541
f 1537//1537 1541//1541 1538//1538
f 1538//1538 1541//1541 1542//1542
f 1538//1538 1542//1542 1539//1539
f 1539//1539 1542//1542 1540//1540
f 1539//1539 1540//1540 1537//1537
f 1540//1540 1543//1543 1544//1544
f 1540//1540 1544//1544 1541//1541
f 1541//1541 1544//1544 1545//1545
f 1541//1541 1545//1545 1542//1542
f 1542//1542 1545//1545 1543//1543
f 1542//1542 1543//1543 1540//1540
f 1543//1543 1546//1546 1547//1547
f 1543//1543 1547//1547 1544//1544
f 1544//1544 1547//1547 1548//1548
f 1544//1544 1548//1548 1545//1545
f 1545//1545 1548//1548 1546//1546
f 1545//1545 1546//1546 1543//1543
f 1546//1546 1549//1549 1550//1550
f 1546//1546 1550//1550 1547//1547
f 1547//1547 1550//1550 1551//1551
f 1547//1547 1551//1551 1548//1548
f 1548//1548 1551//1551 1549//1549
f 1548//1548 1549//1549 1546//1546
f 1549//1549 1552//1552 1553//1553
f 1549//1549 1553//1553 1550//1550
f 1550//1550 1553//1553 1554//1554
f 1550//1550 1554//1554 1551//1551
f 1551//1551 1554//1554 1552//1552
f 1551//1551 1552//1552 1549//1549
f 1552//1552 1555//1555 1556//1556
f 1552//1552 1556//1556 1553//1553
f 1553//1553 1556//1556 1557//1557
f 1553//1553 1557//1557 1554//1554
f 1554//1554 1557//1557 1555//1555
f 1554//1554 1555//1555 1552//1552
f 1555//1555 1558//1558 1559//1559
f 1555//1555 1559//1559 1556//1556
f 1556//1556 1559//1559 1560//1560
f 1556//1556 1560//1560 1557//1557
f 1557//1557 1560//1560 1558//1558
f 1557//1557 1558//1558 1555//1555
f 1561//1561 1564//1564 1565//1565
f 1561//1561 1565//1565 1562//1562
f 1562//1562 1565//1565 1566//1566
f 1562//1562 1566//1566 1563//1563
f 1563//1563 1566//1566 1564//1564
f 1563//1563 1564//1564 1561//1561
f 1564//1564 1567//1567 1568//1568
f 1564//1564 1568//1568 1565//1565
f 1565//1565 1568//1568 1569//1569
f 1565//1565 1569//1569 1566//1566
f 1566//1566 1569//1569 1567//1567
f 1566//1566 1567//1567 1564//1564
f 1567//1567 1570//1570 1571//1571
f 1567//1567 1571//1571 1568//1568
f 1568//1568 1571//1571 1572//1572
f 1568//1568 1572//1572 1569//1569
f 1569//1569 1572//1572 1570//1570
f 1569//1569 1570//1570 1567//1567
f 1570//1570 1573//1573 1574//1574
f 1570//1570 1574//1574 1571//1571
f 1571//1571 1574//1574 1575//1575
f 1571//1571 1575//1575 1572//1572
f 1572//1572 1575//1575 1573//1573
f 1572//1572 1573//1573 1570//1570
f 1573//1573 1576//1576 1577//1577
f 1573//1573 1577//1577 1574//1574
f 1574//1574 1577//1577 1578//1578
f 1574//1574 1578//1578 1575//1575
f 1575//1575 1578//1578 1576//1576
f 1575//1575 1576//1576 1573//1573
f 1576//1576 1579//1579 1580//1580
f 1576//1576 1580//1580 1577//1577
f 1577//1577 1580//1580 1581//1581
f 1577//1577 1581//1581 1578//1578
f 1578//1578 1581//1581 1579//1579
f 1578//1578 1579//1579 1576//1576
f 1579//1579 1582//1582 1583//1583
f 1579//1579 1583//1583 1580//1580
f 1580//1580 1583//1583 1584//1584
f 1580//1580 1584//1584 1581//1581
f 1581//1581 1584//1584 1582//1582
f 1581//1581 1582//1582 1579//1579
f 1585//1585 1588//1588 1589//1589
f 1585//1585 1589//1589 1586//1586
f 1586//1586 1589//1589 1590//1590
f 1586//1586 1590//1590 1587//1587
f 1587//1587 1590//1590 1588//1588
f 1587//1587 1588//1588 1585//1585
f 1588//1588 1591//1591 1592//1592
f 1588//1588 1592//1592 1589//1589
f 1589//1589 1592//1592 1593//1593
f 1589//1589 1593//1593 1590//1590
f 1590//1590 1593//1593 1591//1591
f 1590//1590 1591//1591 1588//1588
f 1591//1591 1594//1594 1595//1595
f 1591//1591 1595//1595 1592//1592
f 1592//1592 1595//1595 1596//1596
f 1592//1592 1596//1596 1593//1593
f 1593//1593 1596//1596 1594//1594
f 1593//1593 1594//1594 1591//1591
f 1594//1594 1597//1597 1598//1598
f 1594//1594 1598//1598 1595//1595
f 1595//1595 1598//1598 1599//1599
f 1595//1595 1599//1599 1596//1596
f 1596//1596 1599//1599 1597//1597
f 1596//1596 1597//1597 1594//1594
f 1597//1597 1600//1600 1601//1601
f 1597//1597 1601//1601 1598//1598
f 1598//1598 1601//1601 1602//1602
f 1598//1598 1602//1602 1599//1599
f 1599//1599 1602//1602 1600//1600
f 1599//1599 1600//1600 1597//1597
f 1600//1600 1603//1603 1604//1604
f 1600//1600 1604//1604 1601//1601
f 1601//1601 1604//1604 1605//1605
f 1601//1601 1605//1605 1602//1602
f 1602//1602 1605//1605 1603//1603
f 1602//1602 1603//1603 1600//1600
f 1603//1603 1606//1606 1607//1607
f 1603//1603 1607//1607 1604//1604
f 1604//1604 1607//1607 1608//1608
f 1604//1604 1608//1608 1605//1605
f 1605//1605 1608//1608 1606//1606
f 1605//1605 1606//1606 1603//1603
f 1609//1609 1612//1612 1613//1613
f 1609//1609 1613//1613 1610//1610
f 1610//1610 1613//1613 1614//1614
f 1610//1610 1614//1614 1611//1611
f 1611//1611 1614//1614 1612//1612
f 1611//1611 1612//1612 1609//1609
f 1612//1612 1615//1615 1616//1616
f 1612//1612 1616//1616 1613//1613
f 1613//1613 1616//1616 1617//1617
f 1613//1613 1617//1617 1614//1614
f 1614//1614 1617//1617 1615//1615
f 1614//1614 1615//1615 1612//1612
f 1615//1615 1618//1618 1619//1619
f 1615//1615 1619//1619 1616//1616
f 1616//1616 1619//1619 1620//1620
f 1616//1616 1620//1620 1617//1617
f 1617//1617 1620//1620 1618//1618
f 1617//1617 1618//1618 1615//1615
f 1618//1618 1621//1621 1622//1622
f 1618//1618 1622//1622 1619//1619
f 1619//1619 1622//1622 1623//1623
f 1619//1619 1623//1623 1620//1620
f 1620//1620 1623//1623 1621//1621
f 1620//1620 1621//1621 1618//1618
f 1621//1621 1624//1624 1625//1625
f 1621//1621 1625//1625 1622//1622
f 1622//1622 1625//1625 1626//1626
f 1622//1622 1626//1626 1623//1623
f 1623//1623 1626//1626 1624//1624
f 1623//1623 1624//1624 1621//1621
f 1624//1624 1627//1627 1628//1628
f 1624//1624 1628//1628 1625//1625
f 1625//1625 1628//1628 1629//1629
f 1625//1625 1629//1629 1626//1626
f 1626//1626 1629//1629 1627//1627
f 1626//1626 1627//1627 1624//1624
f 1627//1627 1630//1630 1631//1631
f 1627//1627 1631//1631 1628//1628
f 1628//1628 1631//1631 1632//1632
f 1628//1628 1632//1632 1629//1629
f 1629//1629 1632//1632 1630//1630
f 1629//1629 1630//1630 1627//1627
f 1633//1633 1636//1636 1637//1637
f 1633//1633 1637//1637 1634//1634
f 1634//1634 1637//1637 1638//1638
f 1634//1634 1638//1638 1635//1635
f 1635//1635 1638//1638 1636//1636
f 1635//1635 1636//1636 1633//1633
f 1636//1636 1639//1639 1640//1640
f 1636//1636 1640//1640 1637//1637
f 1637//1637 1640//1640 1641//1641
f 1637//1637 1641//1641 1638//1638
f 1638//1638 1641//1641 1639//1639
f 1638//1638 1639//1639 1636//1636
f 1639//1639 1642//1642 1643//1643
f 1639//1639 1643//1643 1640//1640
f 1640//1640 1643//1643 1644//1644
f 1640//1640 1644//1644 1641//1641
f 1641//1641 1644//1644 1642//1642
f 1641//1641 1642//1642 1639//1639
f 1642//1642 1645//1645 1646//1646
f 1642//1642 1646//1646 1643//1643
f 1643//1643 1646//1646 1647//1647
f 1643//1643 1647//1647 1644//1644
f 1644//1644 1647//1647 1645//1645
f 1644//1644 1645//1645 1642//1642
f 1645//1645 1648//1648 1649//1649
f 1645//1645 1649//1649 1646//1646
f 1646//1646 1649//1649 1650//1650
f 1646//1646 1650//1650 1647//1647
f 1647//1647 1650//1650 1648//1648
f 1647//1647 1648//1648 1645//1645
f 1648//1648 1651//1651 1652//1652
f 1648//1648 1652//1652 1649//1649
f 1649//1649 1652//1652 1653//1653
f 1649//1649 1653//1653 1650//1650
f 1650//1650 1653//1653 1651//1651
f 1650//1650 1651//1651 1648//1648
f 1651//1651 1654//1654 1655//1655
f 1651//1651 1655//1655 1652//1652
f 1652//1652 1655//1655 1656//1656
f 1652//1652 1656//1656 1653//1653
f 1653//1653 1656//1656 1654//1654
f 1653//1653 1654//1654 1651//1651
f 1657//1657 1660//1660 1661//1661
f 1657//1657 1661//1661 1658//1658
f 1658//1658 1661//1661 1662//1662
f 1658//1658 1662//1662 1659//1659
f 1659//1659 1662//1662 1660//1660
f 1659//1659 1660//1660 1657//1657
f 1660//1660 1663//1663 1664//1664
f 1660//1660 1664//1664 1661//1661
f 1661//1661 1664//1664 1665//1665
f 1661//1661 1665//1665 1662//1662
f 1662//1662 1665//1665 1663//1663
f 1662//1662 1663//1663 1660//1660
f 1663//1663 1666//1666 1667//1667
f 1663//1663 1667//1667 1664//1664
f 1664//1664 1667//1667 1668//1668
f 1664//1664 1668//1668 1665//1665
f 1665//1665 1668//1668 1666//1666
f 1665//1665 1666//1666 1663//1663
f 1666//1666 1669//1669 1670//1670
f 1666//1666 1670//1670 1667//1667
f 1667//1667 1670//1670 1671//1671
f 1667//1667 1671//1671 1668//1668
f 1668//1668 1671//1671 1669//1669
f 1668//1668 1669//1669 1666//1666
f 1669//1669 1672//1672 1673//1673
f 1669//1669 1673//1673 1670//1670
f 1670//1670 1673//1673 1674//1674
f 1670//1670 1674//1674 1671//1671
f 1671//1671 1674//1674 1672//1672
f 1671//1671 1672//1672 1669//1669
f 1672//1672 1675//1675 1676//1676
f 1672//1672 1676//1676 1673//1673
f 1673//1673 1676//1676 1677//1677
f 1673//1673 1677//1677 1674//1674
f 1674//1674 1677//1677 1675//1675
f 1674//1674 1675//1675 1672//1672
f 1675//1675 1678//1678 1679//1679
f 1675//1675 1679//1679 1676//1676
f 1676//1676 1679//1679 1680//1680
f 1676//1676 1680//1680 1677//1677
f 1677//1677 1680//1680 1678//1678
f 1677//1677 1678//1678 1675//1675
f 1681//1681 1684//1684 1685//1685
f 1681//1681 1685//1685 1682//1682
f 1682//1682 1685//1685 1686//1686
f 1682//1682 1686//1686 1683//1683
f 1683//1683 1686//1686 1684//1684
f 1683//1683 1684//1684 1681//1681
f 1684//1684 1687//1687 1688//1688
f 1684//1684 1688//1688 1685//1685
f 1685//1685 1688//1688 1689//1689
f 1685//1685 1689//1689 1686//1686
f 1686//1686 1689//1689 1687//1687
f 1686//1686 1687//1687 1684//1684
f 1687//1687 1690//1690 1691//1691
f 1687//1687 1691//1691 1688//1688
f 1688//1688 1691//1691 1692//1692
f 1688//1688 1692//1692 1689//1689
f 1689//1689 1692//1692 1690//1690
f 1689//1689 1690//1690 1687//1687
f 1690//1690 1693//1693 1694//1694
f 1690//1690 1694//1694 1691//1691
f 1691//1691 1694//1694 1695//1695
f 1691//1691 1695//1695 1692//1692
f 1692//1692 1695//1695 1693//1693
f 1692//1692 1693//1693 1690//1690
f 1693//1693 1696//1696 1697//1697
f 1693//1693 1697//1697 1694//1694
f 1694//1694 1697//1697 1698//1698
f 1694//1694 1698//1698 1695//1695
f 1695//1695 1698//1698 1696//1696
f 1695//1695 1696//1696 1693//1693
f 1696//1696 1699//1699 1700//1700
f 1696//1696 1700//1700 1697//1697
f 1697//1697 1700//1700 1701//1701
f 1697//1697 1701//1701 1698//1698
f 1698//1698 1701//1701 1699//1699
f 1698//1698 1699//1699 1696//1696
f 1699//1699 1702//1702 1703//1703
f 1699//1699 1703//1703 1700//1700
f 1700//1700 1703//1703 1704//1704
f 1700//1700 1704//1704 1701//1701
f 1701//1701 1704//1704 1702//1702
f 1701//1701 1702//1702 1699//1699
f 1705//1705 1708//1708 1709//1709
f 1705//1705 1709//1709 1706//1706
f 1706//1706 1709//1709 1710//1710
f 1706//1706 1710//1710 1707//1707
f 1707//1707 1710//1710 1708//1708
f 1707//1707 1708//1708 1705//1705
f 1708//1708 1711//1711 1712//1712
f 1708//1708 1712//1712 1709//1709
f 1709//1709 1712//1712 1713//1713
f 1709//1709 1713//1713 1710//1710
f 1710//1710 1713//1713 1711//1711
f 1710//1710 1711//1711 1708//1708
f 1711//1711 1714//1714 1715//1715
f 1711//1711 1715//1715 1712//1712
f 1712//1712 1715//1715 1716//1716
f 1712//1712 1716//1716 1713//1713
f 1713//1713 1716//1716 1714//1714
f 1713//1713 1714//1714 1711//1711
f 1714//1714 1717//1717 1718//1718
f 1714//1714 1718//1718 1715//1715
f 1715//1715 1718//1718 1719//1719
f 1715//1715 1719//1719 1716//1716
f 1716//1716 1719//1719 1717//1717
f 1716//1716 1717//1717 1714//1714
f 1717//1717 1720//1720 1721//1721
f 1717//1717 1721//1721 1718//1718
f 1718//1718 1721//1721 1722//1722
f 1718//1718 1722//1722 1719//1719
f 1719//1719 1722//1722 1720//1720
f 1719//1719 1720//1720 1717//1717
f 1720//1720 1723//1723 1724//1724
f 1720//1720 1724//1724 1721//1721
f 1721//1721 1724//1724 1725//1725
f 1721//1721 1725//1725 1722//1722
f 1722//1722 1725//1725 1723//1723
f 1722//1722 1723//1723 1720//1720
f 1723//1723 1726//1726 1727//1727
f 1723//1723 1727//1727 1724//1724
f 1724//1724 1727//1727 1728//1728
f 1724//1724 1728//1728 1725//1725
f 1725//1725 1728//1728 1726//1726
f 1725//1725 1726//1726 1723//1723
f 1729//1729 1732//1732 1733//1733
f 1729//1729 1733//1733 1730//1730
f 1730//1730 1733//1733 1734//1734
f 1730//1730 1734//1734 1731//1731
f 1731//1731 1734//1734 1732//1732
f 1731//1731 1732//1732 1729//1729
f 1732//1732 1735//1735 1736//1736
f 1732//1732 1736//1736 1733//1733
f 1733//1733 1736//1736 1737//1737
f 1733//1733 1737//1737 1734//1734
f 1734//1734 1737//1737 1735//1735
f 1734//1734 1735//1735 1732//1732
f 1735//1735 1738//1738 1739//1739
f 1735//1735 1739//1739 1736//1736
f 1736//1736 1739//1739 1740//1740
f 1736//1736 1740//1740 1737//1737
f 1737//1737 1740//1740 1738//1738
f 1737//1737 1738//1738 1735//1735
f 1738//1738 1741//1741 1742//1742
f 1738//1738 1742//1742 1739//1739
f 1739//1739 1742//1742 1743//1743
f 1739//1739 1743//1743 1740//1740
f 1740//1740 1743//1743 1741//1741
f 1740//1740 1741//1741 1738//1738
f 1741//1741 1744//1744 1745//1745
f 1741//1741 1745//1745 1742//1742
f 1742//1742 1745//1745 1746//1746
f 1742//1742 1746//1746 1743//1743
f 1743//1743 1746//1746 1744//1744
f 1743//1743 1744//1744 1741//1741
f 1744//1744 1747//1747 1748//1748
f 1744//1744 1748//1748 1745//1745
f 1745//1745 1748//1748 1749//1749
f 1745//1745 1749//1749 1746//1746
f 1746//1746 1749//1749 1747//1747
f 1746//1746 1747//1747 1744//1744
f 1747//1747 1750//1750 1751//1751
f 1747//1747 1751//1751 1748//1748
f 1748//1748 1751//1751 1752//1752
f 1748//1748 1752//1752 1749//1749
f 1749//1749 1752//1752 1750//1750
f 1749//1749 1750//1750 1747//1747
f 1753//1753 1756//1756 1757//1757
f 1753//1753 1757//1757 1754//1754
f 1754//1754 1757//1757 1758//1758
f 1754//1754 1758//1758 1755//1755
f 1755//1755 1758//1758 1756//1756
f 1755//1755 1756//1756 1753//1753
f 1756//1756 1759//1759 1760//1760
f 1756//1756 1760//1760 1757//1757
f 1757//1757 1760//1760 1761//1761
f 1757//1757 1761//1761 1758//1758
f 1758//1758 1761//1761 1759//1759
f 1758//1758 1759//1759 1756//1756
f 1759//1759 1762//1762 1763//1763
f 1759//1759 1763//1763 1760//1760
f 1760//1760 1763//1763 1764//1764
f 1760//1760 1764//1764 1761//1761
f 1761//1761 1764//1764 1762//1762
f 1761//1761 1762//1762 1759//1759
f 1762//1762 1765//1765 1766//1766
f 1762//1762 1766//1766 1763//1763
f 1763//1763 1766//1766 1767//1767
f 1763//1763 1767//1767 1764//1764
f 1764//1764 1767//1767 1765//1765
f 1764//1764 1765//1765 1762//1762
f 1765//1765 1768//1768 1769//1769
f 1765//1765 1769//1769 1766//1766
f 1766//1766 1769//1769 1770//1770
f 1766//1766 1770//1770 1767//1767
f 1767//1767 1770//1770 1768//1768
f 1767//1767 1768//1768 1765//1765
f 1768//1768 1771//1771 1772//1772
f 1768//1768 1772//1772 1769//1769
f 1769//1769 1772//1772 1773//1773
f 1769//1769 1773//1773 1770//1770
f 1770//1770 1773//1773 1771//1771
f 1770//1770 1771//1771 1768//1768
f 1771//1771 1774//1774 1775//1775
f 1771//1771 1775//1775 1772//1772
f 1772//1772 1775//1775 1776//1776
f 1772//1772 1776//1776 1773//1773
f 1773//1773 1776//1776 1774//1774
f 1773//1773 1774//1774 1771//1771
f 1777//1777 1780//1780 1781//1781
f 1777//1777 1781//1781 1778//1778
f 1778//1778 1781//1781 1782//1782
f 1778//1778 1782//1782 1779//1779
f 1779//1779 1782//1782 1780//1780
f 1779//1779 1780//1780 1777//1777
f 1780//1780 1783//1783 1784//1784
f 1780//1780 1784//1784 1781//1781
f 1781//1781 1784//1784 1785//1785
f 1781//1781 1785//1785 1782//1782
f 1782//1782 1785//1785 1783//1783
f 1782//1782 1783//1783 1780//1780
f 1783//1783 1786//1786 1787//1787
f 1783//1783 1787//1787 1784//1784
f 1784//1784 1787//1787 1788//1788
f 1784//1784 1788//1788 1785//1785
f 1785//1785 1788//1788 1786//1786
f 1785//1785 1786//1786 1783//1783
f 1786//1786 1789//1789 1790//1790
f 1786//1786 1790//1790 1787//1787
f 1787//1787 1790//1790 1791//1791
f 1787//1787 1791//1791 1788//1788
f 1788//1788 1791//1791 1789//1789
f 1788//1788 1789//1789 1786//1786
f 1789//1789 1792//1792 1793//1793
f 1789//1789 1793//1793 1790//1790
f 1790//1790 1793//1793 1794//1794
f 1790//1790 1794//1794 1791//1791
f 1791//1791 1794//1794 1792//1792
f 1791//1791 1792//1792 1789//1789
f 1792//1792 1795//1795 1796//1796
f 1792//1792 1796//1796 1793//1793
f 1793//1793 1796//1796 1797//1797
f 1793//1793 1797//1797 1794//1794
f 1794//1794 1797//1797 1795//1795
f 1794//1794 1795//1795 1792//1792
f 1795//1795 1798//1798 1799//1799
f 1795//1795 1799//1799 1796//1796
f 1796//1796 1799//1799 1800//1800
f 1796//1796 1800//1800 1797//1797
f 1797//1797 1800//1800 1798//1798
f 1797//1797 1798//1798 1795//1795
f 1801//1801 1804//1804 1805//1805
f 1801//1801 1805//1805 1802//1802
f 1802//1802 1805//1805 1806//1806
f 1802//1802 1806//1806 1803//1803
f 1803//1803 1806//1806 1804//1804
f 1803//1803 1804//1804 1801//1801
f 1804//1804 1807//1807 1808//1808
f 1804//1804 1808//1808 1805//1805
f 1805//1805 1808//1808 1809//1809
f 1805//1805 1809//1809 1806//1806
f 1806//1806 1809//1809 1807//1807
f 1806//1806 1807//1807 1804//1804
f 1807//1807 1810//1810 1811//1811
f 1807//1807 1811//1811 1808//1808
f 1808//1808 1811//1811 1812//1812
f 1808//1808 1812//1812 1809//1809
f 1809//1809 1812//1812 1810//1810
f 1809//1809 1810//1810 1807//1807
f 1810//1810 1813//1813 1814//1814
f 1810//1810 1814//1814 1811//1811
f 1811//1811 1814//1814 1815//1815
f 1811//1811 1815//1815 1812//1812
f 1812//1812 1815//1815 1813//1813
f 1812//1812 1813//1813 1810//1810
f 1813//1813 1816//1816 1817//1817
f 1813//1813 1817//1817 1814//1814
f 1814//1814 1817//1817 1818//1818
f 1814//1814 1818//1818 1815//1815
f 1815//1815 1818//1818 1816//1816
f 1815//1815 1816//1816 1813//1813
f 1816//1816 1819//1819 1820//1820
f 1816//1816 1820//1820 1817//1817
f 1817//1817 1820//1820 1821//1821
f 1817//1817 1821//1821 1818//1818
f 1818//1818 1821//1821 1819//1819
f 1818//1818 1819//1819 1816//1816
f 1819//1819 1822//1822 1823//1823
f 1819//1819 1823//1823 1820//1820
f 1820//1820 1823//1823 1824//1824
f 1820//1820 1824//1824 1821//1821
f 1821//1821 1824//1824 1822//1822
f 1821//1821 1822//1822 1819//1819
f 1825//1825 1828//1828 1829//1829
f 1825//1825 1829//1829 1826//1826
f 1826//1826 1829//1829 1830//1830
f 1826//1826 1830//1830 1827//1827
f 1827//1827 1830//1830 1828//1828
f 1827//1827 1828//1828 1825//1825
f 1828//1828 1831//1831 1832//1832
f 1828//1828 1832//1832 1829//1829
f 1829//1829 1832//1832 1833//1833
f 1829//1829 1833//1833 1830//1830
f 1830//1830 1833//1833 1831//1831
f 1830//1830 1831//1831 1828//1828
f 1831//1831 1834//1834 1835//1835
f 1831//1831 1835//1835 1832//1832
f 1832//1832 1835//1835 1836//1836
f 1832//1832 1836//1836 1833//1833
f 1833//1833 1836//1836 1834//1834
f 1833//1833 1834//1834 1831//1831
f 1834//1834 1837//1837 1838//1838
f 1834//1834 1838//1838 1835//1835
f 1835//1835 1838//1838 1839//1839
f 1835//1835 1839//1839 1836//1836
f 1836//1836 1839//1839 1837//1837
f 1836//1836 1837//1837 1834//1834
f 1837//1837 1840//1840 1841//1841
f 1837//1837 1841//1841 1838//1838
f 1838//1838 1841//1841 1842//1842
f 1838//1838 1842//1842 1839//1839
f 1839//1839 1842//1842 1840//1840
f 1839//1839 1840//1840 1837//1837
f 1840//1840 1843//1843 1844//1844
f 1840//1840 1844//1844 1841//1841
f 1841//1841 1844//1844 1845//1845
f 1841//1841 1845//1845 1842//1842
f 1842//1842 1845//1845 1843//1843
f 1842//1842 1843//1843 1840//1840
f 1843//1843 1846//1846 1847//1847
f 1843//1843 1847//1847 1844//1844
f 1844//1844 1847//1847 1848//1848
f 1844//1844 1848//1848 1845//1845
f 1845//1845 1848//1848 1846//1846
f 1845//1845 1846//1846 1843//1843
f 1849//1849 1852//1852 1853//1853
f 1849//1849 1853//1853 1850//1850
f 1850//1850 1853//1853 1854//1854
f 1850//1850 1854//1854 1851//1851
f 1851//1851 1854//1854 1852//1852
f 1851//1851 1852//1852 1849//1849
f 1852//1852 1855//1855 1856//1856
f 1852//1852 1856//1856 1853//1853
f 1853//1853 1856//1856 1857//1857
f 1853//1853 1857//1857 1854//1854
f 1854//1854 1857//1857 1855//1855
f 1854//1854 1855//1855 1852//1852
f 1855//1855 1858//1858 1859//1859
f 1855//1855 1859//1859 1856//1856
f 1856//1856 1859//1859 1860//1860
f 1856//1856 1860//1860 1857//1857
f 1857//1857 1860//1860 1858//1858
f 1857//1857 1858//1858 1855//1855
f 1858//1858 1861//1861 1862//1862
f 1858//1858 1862//1862 1859//1859
f 1859//1859 1862//1862 1863//1863
f 1859//1859 1863//1863 1860//1860
f 1860//1860 1863//1863 1861//1861
f 1860//1860 1861//1861 1858//1858
f 1861//1861 1864//1864 1865//1865
f 1861//1861 1865//1865 1862//1862
f 1862//1862 1865//1865 1866//1866
f 1862//1862 1866//1866 1863//1863
f 1863//1863 1866//1866 1864//1864
f 1863//1863 1864//1864 1861//1861
f 1864//1864 1867//1867 1868//1868
f 1864//1864 1868//1868 1865//1865
f 1865//1865 1868//1868 1869//1869
f 1865//1865 1869//1869 1866//1866
f 1866//1866 1869//1869 1867//1867
f 1866//1866 1867//1867 1864//1864
f 1867//1867 1870//1870 1871//1871
f 1867//1867 1871//1871 1868//1868
f 1868//1868 1871//1871 1872//1872
f 1868//1868 1872//1872 1869//1869
f 1869//1869 1872//1872 1870//1870
f 1869//1869 1870//1870 1867//1867
f 1873//1873 1876//1876 1877//1877
f 1873//1873 1877//1877 1874//1874
f 1874//1874 1877//1877 1878//1878
f 1874//1874 1878//1878 1875//1875
f 1875//1875 1878//1878 1876//1876
f 1875//1875 1876//1876 1873//1873
f 1876//1876 1879//1879 1880//1880
f 1876//1876 1880//1880 1877//1877
f 1877//1877 1880//1880 1881//1881
f 1877//1877 1881//1881 1878//1878
f 1878//1878 1881//1881 1879//1879
f 1878//1878 1879//1879 1876//1876
f 1879//1879 1882//1882 1883//1883
f 1879//1879 1883//1883 1880//1880
f 1880//1880 1883//1883 1884//1884
f 1880//1880 1884//1884 1881//1881
f 1881//1881 1884//1884 1882//1882
f 1881//1881 1882//1882 1879//1879
f 1882//1882 1885//1885 1886//1886
f 1882//1882 1886//1886 1883//1883
f 1883//1883 1886//1886 1887//1887
f 1883//1883 1887//1887 1884//1884
f 1884//1884 1887//1887 1885//1885
f 1884//1884 1885//1885 1882//1882
f 1885//1885 1888//1888 1889//1889
f 1885//1885 1889//1889 1886//1886
f 1886//1886 1889//1889 1890//1890
f 1886//1886 1890//1890 1887//1887
f 1887//1887 1890//1890 1888//1888
f 1887//1887 1888//1888 1885//1885
f 1888//1888 1891//1891 1892//1892
f 1888//1888 1892//1892 1889//1889
f 1889//1889 1892//1892 1893//1893
f 1889//1889 1893//1893 1890//1890
f 1890//1890 1893//1893 1891//1891
f 1890//1890 1891//1891 1888//1888
f 1891//1891 1894//1894 1895//1895
f 1891//1891 1895//1895 1892//1892
f 1892//1892 1895//1895 1896//1896
f 1892//1892 1896//1896 1893//1893
f 1893//1893 1896//1896 1894//1894
f 1893//1893 1894//1894 1891//1891
f 1897//1897 1900//1900 1901//1901
f 1897//1897 1901//1901 1898//1898
f 1898//1898 1901//1901 1902//1902
f 1898//1898 1902//1902 1899//1899
f 1899//1899 1902//1902 1900//1900
f 1899//1899 1900//1900 1897//1897
f 1900//1900 1903//1903 1904//1904
f 1900//1900 1904//1904 1901//1901
f 1901//1901 1904//1904 1905//1905
f 1901//1901 1905//1905 1902//1902
f 1902//1902 1905//1905 1903//1903
f 1902//1902 1903//1903 1900//1900
f 1903//1903 1906//1906 1907//1907
f 1903//1903 1907//1907 1904//1904
f 1904//1904 1907//1907 1908//1908
f 1904//1904 1908//1908 1905//1905
f 1905//1905 1908//1908 1906//1906
f 1905//1905 1906//1906 1903//1903
f 1906//1906 1909//1909 1910//1910
f 1906//1906 1910//1910 1907//1907
f 1907//1907 1910//1910 1911//1911
f 1907//1907 1911//1911 1908//1908
f 1908//1908 1911//1911 1909//1909
f 1908//1908 1909//1909 1906//1906
f 1909//1909 1912//1912 1913//1913
f 1909//1909 1913//1913 1910//1910
f 1910//1910 1913//1913 1914//1914
f 1910//1910 1914//1914 1911//1911
f 1911//1911 1914//1914 1912//1912
f 1911//1911 1912//1912 1909//1909
f 1912//1912 1915//1915 1916//1916
f 1912//1912 1916//1916 1913//1913
f 1913//1913 1916//1916 1917//1917
f 1913//1913 1917//1917 1914//1914
f 1914//1914 1917//1917 1915//1915
f 1914//1914 1915//1915 1912//1912
f 1915//1915 1918//1918 1919//1919
f 1915//1915 1919//1919 1916//1916
f 1916//1916 1919//1919 1920//1920
f 1916//1916 1920//1920 1917//1917
f 1917//1917 1920//1920 1918//1918
f 1917//1917 1918//1918 1915//1915
f 1921//1921 1924//1924 1925//1925
f 1921//1921 1925//1925 1922//1922
f 1922//1922 1925//1925 1926//1926
f 1922//1922 1926//1926 1923//1923
f 1923//1923 1926//1926 1924//1924
f 1923//1923 1924//1924 1921//1921
f 1924//1924 1927//1927 1928//1928
f 1924//1924 1928//1928 1925//1925
f 1925//1925 1928//1928 1929//1929
f 1925//1925 1929//1929 1926//1926
f 1926//1926 1929//1929 1927//1927
f 1926//1926 1927//1927 1924//1924
f 1927//1927 1930//1930 1931//1931
f 1927//1927 1931//1931 1928//1928
f 1928//1928 1931//1931 1932//1932
f 1928//1928 1932//1932 1929//1929
f 1929//1929 1932//1932 1930//1930
f 1929//1929 1930//1930 1927//1927
f 1930//1930 1933//1933 1934//1934
f 1930//1930 1934//1934 1931//1931
f 1931//1931 1934//1934 1935//1935
f 1931//1931 1935//1935 1932//1932
f 1932//1932 1935//1935 1933//1933
f 1932//1932 1933//1933 1930//1930
f 1933//1933 1936//1936 1937//1937
f 1933//1933 1937//1937 1934//1934
f 1934//1934 1937//1937 1938//1938
f 1934//1934 1938//1938 1935//1935
f 1935//1935 1938//1938 1936//1936
f 1935//1935 1936//1936 1933//1933
f 1936//1936 1939//1939 1940//1940
f 1936//1936 1940//1940 1937//1937
f 1937//1937 1940//1940 1941//1941
f 1937//1937 1941//1941 1938//1938
f 1938//1938 1941//1941 1939//1939
f 1938//1938 1939//1939 1936//1936
f 1939//1939 1942//1942 1943//1943
f 1939//1939 1943//1943 1940//1940
f 1940//1940 1943//1943 1944//1944
f 1940//1940 1944//1944 1941//1941
f 1941//1941 1944//1944 1942//1942
f 1941//1941 1942//1942 1939//1939
f 1945//1945 1948//1948 1949//1949
f 1945//1945 1949//1949 1946//1946
f 1946//1946 1949//1949 1950//1950
f 1946//1946 1950//1950 1947//1947
f 1947//1947 1950//1950 1948//1948
f 1947//1947 1948//1948 1945//1945
f 1948//1948 1951//1951 1952//1952
f 1948//1948 1952//1952 1949//1949
f 1949//1949 1952//1952 1953//1953
f 1949//1949 1953//1953 1950//1950
f 1950//1950 1953//1953 1951//1951
f 1950//1950 1951//1951 1948//1948
f 1951//1951 1954//1954 1955//1955
f 1951//1951 1955//1955 1952//1952
f 1952//1952 1955//1955 1956//1956
f 1952//1952 1956//1956 1953//1953
f 1953//1953 1956//1956 1954//1954
f 1953//1953 1954//1954 1951//1951
f 1954//1954 1957//1957 1958//1958
f 1954//1954 1958//1958 1955//1955
f 1955//1955 1958//1958 1959//1959
f 1955//1955 1959//1959 1956//1956
f 1956//1956 1959//1959 1957//1957
f 1956//1956 1957//1957 1954//1954
f 1957//1957 1960//1960 1961//1961
f 1957//1957 1961//1961 1958//1958
f 1958//1958 1961//1961 1962//1962
f 1958//1958 1962//1962 1959//1959
f 1959//1959 1962//1962 1960//1960
f 1959//1959 1960//1960 1957//1957
f 1960//1960 1963//1963 1964//1964
f 1960//1960 1964//1964 1961//1961
f 1961//1961 1964//1964 1965//1965
f 1961//1961 1965//1965 1962//1962
f 1962//1962 1965//1965 1963//1963
f 1962//1962 1963//1963 1960//1960
f 1963//1963 1966//1966 1967//1967
f 1963//1963 1967//1967 1964//1964
f 1964//1964 1967//1967 1968//1968
f 1964//1964 1968//1968 1965//1965
f 1965//1965 1968//1968 1966//1966
f 1965//1965 1966//1966 1963//1963
f 1969//1969 1972//1972 1973//1973
f 1969//1969 1973//1973 1970//1970
f 1970//1970 1973//1973 1974//1974
f 1970//1970 1974//1974 1971//1971
f 1971//1971 1974//1974 1972//1972
f 1971//1971 1972//1972 1969//1969
f 1972//1972 1975//1975 1976//1976
f 1972//1972 1976//1976 1973//1973
f 1973//1973 1976//1976 1977//1977
f 1973//1973 1977//1977 1974//1974
f 1974//1974 1977//1977 1975//1975
f 1974//1974 1975//1975 1972//1972
f 1975//1975 1978//1978 1979//1979
f 1975//1975 1979//1979 1976//1976
f 1976//1976 1979//1979 1980//1980
f 1976//1976 1980//1980 1977//1977
f 1977//1977 1980//1980 1978//1978
f 1977//1977 1978//1978 1975//1975
f 1978//1978 1981//1981 1982//1982
f 1978//1978 1982//1982 1979//1979
f 1979//1979 1982//1982 1983//1983
f 1979//1979 1983//1983 1980//1980
f 1980//1980 1983//1983 1981//1981
f 1980//1980 1981//1981 1978//1978
f 1981//1981 1984//1984 1985//1985
f 1981//1981 1985//1985 1982//1982
f 1982//1982 1985//1985 1986//1986
f 1982//1982 1986//1986 1983//1983
f 1983//1983 1986//1986 1984//1984
f 1983//1983 1984//1984 1981//1981
f 1984//1984 1987//1987 1988//1988
f 1984//1984 1988//1988 1985//1985
f 1985//1985 1988//1988 1989//1989
f 1985//1985 1989//1989 1986//1986
f 1986//1986 1989//1989 1987//1987
f 1986//1986 1987//1987 1984//1984
f 1987//1987 1990//1990 1991//1991
f 1987//1987 1991//1991 1988//1988
f 1988//1988 1991//1991 1992//1992
f 1988//1988 1992//1992 1989//1989
f 1989//1989 1992//1992 1990//1990
f 1989//1989 1990//1990 1987//1987
f 1993//1993 1996//1996 1997//1997
f 1993//1993 1997//1997 1994//1994
f 1994//1994 1997//1997 1998//1998
f 1994//1994 1998//1998 1995//1995
f 1995//1995 1998//1998 1996//1996
f 1995//1995 1996//1996 1993//1993
f 1996//1996 1999//1999 2000//2000
f 1996//1996 2000//2000 1997//1997
f 1997//1997 2000//2000 2001//2001
f 1997//1997 2001//2001 1998//1998
f 1998//1998 2001//2001 1999//1999
f 1998//1998 1999//1999 1996//1996
f 1999//1999 2002//2002 2003//2003
f 1999//1999 2003//2003 2000//2000
f 2000//2000 2003//2003 2004//2004
f 2000//2000 2004//2004 2001//2001
f 2001//2001 2004//2004 2002//2002
f 2001//2001 2002//2002 1999//1999
f 2002//2002 2005//2005 2006//2006
f 2002//2002 2006//2006 2003//2003
f 2003//2003 2006//2006 2007//2007
f 2003//2003 2007//2007 2004//2004
f 2004//2004 2007//2007 2005//2005
f 2004//2004 2005//2005 2002//2002
f 2005//2005 2008//2008 2009//2009
f 2005//2005 2009//2009 2006//2006
f 2006//2006 2009//2009 2010//2010
f 2006//2006 2010//2010 2007//2007
f 2007//2007 2010//2010 2008//2008
f 2007//2007 2008//2008 2005//2005
f 2008//2008 2011//2011 2012//2012
f 2008//2008 2012//2012 2009//2009
f 2009//2009 2012//2012 2013//2013
f 2009//2009 2013//2013 2010//2010
f 2010//2010 2013//2013 2011//2011
f 2010//2010 2011//2011 2008//2008
f 2011//2011 2014//2014 2015//2015
f 2011//2011 2015//2015 2012//2012
f 2012//2012 2015//2015 2016//2016
f 2012//2012 2016//2016 2013//2013
f 2013//2013 2016//2016 2014//2014
f 2013//2013 2014//2014 2011//2011
f 2017//2017 2020//2020 2021//2021
f 2017//2017 2021//2021 2018//2018
f 2018//2018 2021//2021 2022//2022
f 2018//2018 2022//2022 2019//2019
f 2019//2019 2022//2022 2020//2020
f 2019//2019 2020//2020 2017//2017
f 2020//2020 2023//2023 2024//2024
f 2020//2020 2024//2024 2021//2021
f 2021//2021 2024//2024 2025//2025
f 2021//2021 2025//2025 2022//2022
f 2022//2022 2025//2025 2023//2023
f 2022//2022 2023//2023 2020//2020
f 2023//2023 2026//2026 2027//2027
f 2023//2023 2027//2027 2024//2024
f 2024//2024 2027//2027 2028//2028
f 2024//2024 2028//2028 2025//2025
f 2025//2025 2028//2028 2026//2026
f 2025//2025 2026//2026 2023//2023
f 2026//2026 2029//2029 2030//2030
f 2026//2026 2030//2030 2027//2027
f 2027//2027 2030//2030 2031//2031
f 2027//2027 2031//2031 2028//2028
f 2028//2028 2031//2031 2029//2029
f 2028//2028 2029//2029 2026//2026
f 2029//2029 2032//2032 2033//2033
f 2029//2029 2033//2033 2030//2030
f 2030//2030 2033//2033 2034//2034
f 2030//2030 2034//2034 2031//2031
f 2031//2031 2034//2034 2032//2032
f 2031//2031 2032//2032 2029//2029
f 2032//2032 2035//2035 2036//2036
f 2032//2032 2036//2036 2033//2033
f 2033//2033 2036//2036 2037//2037
f 2033//2033 2037//2037 2034//2034
f 2034//2034 2037//2037 2035//2035
f 2034//2034 2035//2035 2032//2032
f 2035//2035 2038//2038 2039//2039
f 2035//2035 2039//2039 2036//2036
f 2036//2036 2039//2039 2040//2040
f 2036//2036 2040//2040 2037//2037
f 2037//2037 2040//2040 2038//2038
f 2037//2037 2038//2038 2035//2035
f 2041//2041 2044//2044 2045//2045
f 2041//2041 2045//2045 2042//2042
f 2042//2042 2045//2045 2046//2046
f 2042//2042 2046//2046 2043//2043
f 2043//2043 2046//2046 2044//2044
f 2043//2043 2044//2044 2041//2041
f 2044//2044 2047//2047 2048//2048
f 2044//2044 2048//2048 2045//2045
f 2045//2045 2048//2048 2049//2049
f 2045//2045 2049//2049 2046//2046
f 2046//2046 2049//2049 2047//2047
f 2046//2046 2047//2047 2044//2044
f 2047//2047 2050//2050 2051//2051
f 2047//2047 2051//2051 2048//2048
f 2048//2048 2051//2051 2052//2052
f 2048//2048 2052//2052 2049//2049
f 2049//2049 2052//2052 2050//2050
f 2049//2049 2050//2050 2047//2047
f 2050//2050 2053//2053 2054//2054
f 2050//2050 2054//2054 2051//2051
f 2051//2051 2054//2054 2055//2055
f 2051//2051 2055//2055 2052//2052
f 2052//2052 2055//2055 2053//2053
f 2052//2052 2053//2053 2050//2050
f 2053//2053 2056//2056 2057//2057
f 2053//2053 2057//2057 2054//2054
f 2054//2054 2057//2057 2058//2058
f 2054//2054 2058//2058 2055//2055
f 2055//2055 2058//2058 2056//2056
f 2055//2055 2056//2056 2053//2053
f 2056//2056 2059//2059 2060//2060
f 2056//2056 2060//2060 2057//2057
f 2057//2057 2060//2060 2061//2061
f 2057//2057 2061//2061 2058//2058
f 2058//2058 2061//2061 2059//2059
f 2058//2058 2059//2059 2056//2056
f 2059//2059 2062//2062 2063//2063
f 2059//2059 2063//2063 2060//2060
f 2060//2060 2063//2063 2064//2064
f 2060//2060 2064//2064 2061//2061
f 2061//2061 2064//2064 2062//2062
f 2061//2061 2062//2062 2059//2059
f 2065//2065 2068//2068 2069//2069
f 2065//2065 2069//2069 2066//2066
f 2066//2066 2069//2069 2070//2070
f 2066//2066 2070//2070 2067//2067
f 2067//2067 2070//2070 2068//2068
f 2067//2067 2068//2068 2065//2065
f 2068//2068 2071//2071 2072//2072
f 2068//2068 2072//2072 2069//2069
f 2069//2069 2072//2072 2073//2073
f 2069//2069 2073//2073 2070//2070
f 2070//2070 2073//2073 2071//2071
f 2070//2070 2071//2071 2068//2068
f 2071//2071 2074//2074 2075//2075
f 2071//2071 2075//2075 2072//2072
f 2072//2072 2075//2075 2076//2076
f 2072//2072 2076//2076 2073//2073
f 2073//2073 2076//2076 2074//2074
f 2073//2073 2074//2074 2071//2071
f 2074//2074 2077//2077 2078//2078
f 2074//2074 2078//2078 2075//2075
f 2075//2075 2078//2078 2079//2079
f 2075//2075 2079//2079 2076//2076
f 2076//2076 2079//2079 2077//2077
f 2076//2076 2077//2077 2074//2074
f 2077//2077 2080//2080 2081//2081
f 2077//2077 2081//2081 2078//2078
f 2078//2078 2081//2081 2082//2082
f 2078//2078 2082//2082 2079//2079
f 2079//2079 2082//2082 2080//2080
f 2079//2079 2080//2080 2077//2077
f 2080//2080 2083//2083 2084//2084
f 2080//2080 2084//2084 2081//2081
f 2081//2081 2084//2084 2085//2085
f 2081//2081 2085//2085 2082//2082
f 2082//2082 2085//2085 2083//2083
f 2082//2082 2083//2083 2080//2080
f 2083//2083 2086//2086 2087//2087
f 2083//2083 2087//2087 2084//2084
f 2084//2084 2087//2087 2088//2088
f 2084//2084 2088//2088 2085//2085
f 2085//2085 2088//2088 2086//2086
f 2085//2085 2086//2086 2083//2083
f 2089//2089 2092//2092 2093//2093
f 2089//2089 2093//2093 2090//2090
f 2090//2090 2093//2093 2094//2094
f 2090//2090 2094//2094 2091//2091
f 2091//2091 2094//2094 2092//2092
f 2091//2091 2092//2092 2089//2089
f 2092//2092 2095//2095 2096//2096
f 2092//2092 2096//2096 2093//2093
f 2093//2093 2096//2096 2097//2097
f 2093//2093 2097//2097 2094//2094
f 2094//2094 2097//2097 2095//2095
f 2094//2094 2095//2095 2092//2092
f 2095//2095 2098//2098 2099//2099
f 2095//2095 2099//2099 2096//2096
f 2096//2096 2099//2099 2100//2100
f 2096//2096 2100//2100 2097//2097
f 2097//2097 2100//2100 2098//2098
f 2097//2097 2098//2098 2095//2095
f 2098//2098 2101//2101 2102//2102
f 2098//2098 2102//2102 2099//2099
f 2099//2099 2102//2102 2103//2103
f 2099//2099 2103//2103 2100//2100
f 2100//2100 2103//2103 2101//2101
f 2100//2100 2101//2101 2098//2098
f 2101//2101 2104//2104 2105//2105
f 2101//2101 2105//2105 2102//2102
f 2102//2102 2105//2105 2106//2106
f 2102//2102 2106//2106 2103//2103
f 2103//2103 2106//2106 2104//2104
f 2103//2103 2104//2104 2101//2101
f 2104//2104 2107//2107 2108//2108
f 2104//2104 2108//2108 2105//2105
f 2105//2105 2108//2108 2109//2109
f 2105//2105 2109//2109 2106//2106
f 2106//2106 2109//2109 2107//2107
f 2106//2106 2107//2107 2104//2104
f 2107//2107 2110//2110 2111//2111
f 2107//2107 2111//2111 2108//2108
f 2108//2108 2111//2111 2112//2112
f 2108//2108 2112//2112 2109//2109
f 2109//2109 2112//2112 2110//2110
f 2109//2109 2110//2110 2107//2107
f 2113//2113 2116//2116 2117//2117
f 2113//2113 2117//2117 2114//2114
f 2114//2114 2117//2117 2118//2118
f 2114//2114 2118//2118 2115//2115
f 2115//2115 2118//2118 2116//2116
f 2115//2115 2116//2116 2113//2113
f 2116//2116 2119//2119 2120//2120
f 2116//2116 2120//2120 2117//2117
f 2117//2117 2120//2120 2121//2121
f 2117//2117 2121//2121 2118//2118
f 2118//2118 2121//2121 2119//2119
f 2118//2118 2119//2119 2116//2116
f 2119//2119 2122//2122 2123//2123
f 2119//2119 2123//2123 2120//2120
f 2120//2120 2123//2123 2124//2124
f 2120//2120 2124//2124 2121//2121
f 2121//2121 2124//2124 2122//2122
f 2121//2121 2122//2122 2119//2119
f 2122//2122 2125//2125 2126//2126
f 2122//2122 2126//2126 2123//2123
f 2123//2123 2126//2126 2127//2127
f 2123//2123 2127//2127 2124//2124
f 2124//2124 2127//2127 2125//2125
f 2124//2124 2125//2125 2122//2122
f 2125//2125 2128//2128 2129//2129
f 2125//2125 2129//2129 2126//2126
f 2126//2126 2129//2129 2130//2130
f 2126//2126 2130//2130 2127//2127
f 2127//2127 2130//2130 2128//2128
f 2127//2127 2128//2128 2125//2125
f 2128//2128 2131//2131 2132//2132
f 2128//2128 2132//2132 2129//2129
f 2129//2129 2132//2132 2133//2133
f 2129//2129 2133//2133 2130//2130
f 2130//2130 2133//2133 2131//2131
f 2130//2130 2131//2131 2128//2128
f 2131//2131 2134//2134 2135//2135
f 2131//2131 2135//2135 2132//2132
f 2132//2132 2135//2135 2136//2136
f 2132//2132 2136//2136 2133//2133
f 2133//2133 2136//2136 2134//2134
f 2133//2133 2134//2134 2131//2131
f 2137//2137 2140//2140 2141//2141
f 2137//2137 2141//2141 2138//2138
f 2138//2138 2141//2141 2142//2142
f 2138//2138 2142//2142 2139//2139
f 2139//2139 2142//2142 2140//2140
f 2139//2139 2140//2140 2137//2137
f 2140//2140 2143//2143 2144//2144
f 2140//2140 2144//2144 2141//2141
f 2141//2141 2144//2144 2145//2145
f 2141//2141 2145//2145 2142//2142
f 2142//2142 2145//2145 2143//2143
f 2142//2142 2143//2143 2140//2140
f 2143//2143 2146//2146 2147//2147
f 2143//2143 2147//2147 2144//2144
f 2144//2144 2147//2147 2148//2148
f 2144//2144 2148//2148 2145//2145
f 2145//2145 2148//2148 2146//2146
f 2145//2145 2146//2146 2143//2143
f 2146//2146 2149//2149 2150//2150
f 2146//2146 2150//2150 2147//2147
f 2147//2147 2150//2150 2151//2151
f 2147//2147 2151//2151 2148//2148
f 2148//2148 2151//2151 2149//2149
f 2148//2148 2149//2149 2146//2146
f 2149//2149 2152//2152 2153//2153
f 2149//2149 2153//2153 2150//2150
f 2150//2150 2153//2153 2154//2154
f 2150//2150 2154//2154 2151//2151
f 2151//2151 2154//2154 2152//2152
f 2151//2151 2152//2152 2149//2149
f 2152//2152 2155//2155 2156//2156
f 2152//2152 2156//2156 2153//2153
f 2153//2153 2156//2156 2157//2157
f 2153//2153 2157//2157 2154//2154
f 2154//2154 2157//2157 2155//2155
f 2154//2154 2155//2155 2152//2152
f 2155//2155 2158//2158 2159//2159
f 2155//2155 2159//2159 2156//2156
f 2156//2156 2159//2159 2160//2160
f 2156//2156 2160//2160 2157//2157
f 2157//2157 2160//2160 2158//2158
f 2157//2157 2158//2158 2155//2155
f 2161//2161 2164//2164 2165//2165
f 2161//2161 2165//2165 2162//2162
f 2162//2162 2165//2165 2166//2166
f 2162//2162 2166//2166 2163//2163
f 2163//2163 2166//2166 2164//2164
f 2163//2163 2164//2164 2161//2161
f 2164//2164 2167//2167 2168//2168
f 2164//2164 2168//2168 2165//2165
f 2165//2165 2168//2168 2169//2169
f 2165//2165 2169//2169 2166//2166
f 2166//2166 2169//2169 2167//2167
f 2166//2166 2167//2167 2164//2164
f 2167//2167 2170//2170 2171//2171
f 2167//2167 2171//2171 2168//2168
f 2168//2168 2171//2171 2172//2172
f 2168//2168 2172//2172 2169//2169
f 2169//2169 2172//2172 2170//2170
f 2169//2169 2170//2170 2167//2167
f 2170//2170 2173//2173 2174//2174
f 2170//2170 2174//2174 2171//2171
f 2171//2171 2174//2174 2175//2175
f 2171//2171 2175//2175 2172//2172
f 2172//2172 2175//2175 2173//2173
f 2172//2172 2173//2173 2170//2170
f 2173//2173 2176//2176 2177//2177
f 2173//2173 2177//2177 2174//2174
f 2174//2174 2177//2177 2178//2178
f 2174//2174 2178//2178 2175//2175
f 2175//2175 2178//2178 2176//2176
f 2175//2175 2176//2176 2173//2173
f 2176//2176 2179//2179 2180//2180
f 2176//2176 2180//2180 2177//2177
f 2177//2177 2180//2180 2181//2181
f 2177//2177 2181//2181 2178//2178
f 2178//2178 2181//2181 2179//2179
f 2178//2178 2179//2179 2176//2176
f 2179//2179 2182//2182 2183//2183
f 2179//2179 2183//2183 2180//2180
f 2180//2180 2183//2183 2184//2184
f 2180//2180 2184//2184 2181//2181
f 2181//2181 2184//2184 2182//2182
f 2181//2181 2182//2182 2179//2179
f 2185//2185 2188//2188 2189//2189
f 2185//2185 2189//2189 2186//2186
f 2186//2186 2189//2189 2190//2190
f 2186//2186 2190//2190 2187//2187
f 2187//2187 2190//2190 2188//2188
f 2187//2187 2188//2188 2185//2185
f 2188//2188 2191//2191 2192//2192
f 2188//2188 2192//2192 2189//2189
f 2189//2189 2192//2192 2193//2193
f 2189//2189 2193//2193 2190//2190
f 2190//2190 2193//2193 2191//2191
f 2190//2190 2191//2191 2188//2188
f 2191//2191 2194//2194 2195//2195
f 2191//2191 2195//2195 2192//2192
f 2192//2192 2195//2195 2196//2196
f 2192//2192 2196//2196 2193//2193
f 2193//2193 2196//2196 2194//2194
f 2193//2193 2194//2194 2191//2191
f 2194//2194 2197//2197 2198//2198
f 2194//2194 2198//2198 2195//2195
f 2195//2195 2198//2198 2199//2199
f 2195//2195 2199//2199 2196//2196
f 2196//2196 2199//2199 2197//2197
f 2196//2196 2197//2197 2194//2194
f 2197//2197 2200//2200 2201//2201
f 2197//2197 2201//2201 2198//2198
f 2198//2198 2201//2201 2202//2202
f 2198//2198 2202//2202 2199//2199
f 2199//2199 2202//2202 2200//2200
f 2199//2199 2200//2200 2197//2197
f 2200//2200 2203//2203 2204//2204
f 2200//2200 2204//2204 2201//2201
f 2201//2201 2204//2204 2205//2205
f 2201//2201 2205//2205 2202//2202
f 2202//2202 2205//2205 2203//2203
f 2202//2202 2203//2203 2200//2200
f 2203//2203 2206//2206 2207//2207
f 2203//2203 2207//2207 2204//2204
f 2204//2204 2207//2207 2208//2208
f 2204//2204 2208//2208 2205//2205
f 2205//2205 2208//2208 2206//2206
f 2205//2205 2206//2206 2203//2203
f 2209//2209 2212//2212 2213//2213
f 2209//2209 2213//2213 2210//2210
f 2210//2210 2213//2213 2214//2214
f 2210//2210 2214//2214 2211//2211
f 2211//2211 2214//2214 2212//2212
f 2211//2211 2212//2212 2209//2209
f 2212//2212 2215//2215 2216//2216
f 2212//2212 2216//2216 2213//2213
f 2213//2213 2216//2216 2217//2217
f 2213//2213 2217//2217 2214//2214
f 2214//2214 2217//2217 2215//2215
f 2214//2214 2215//2215 2212//2212
f 2215//2215 2218//2218 2219//2219
f 2215//2215 2219//2219 2216//2216
f 2216//2216 2219//2219 2220//2220
f 2216//2216 2220//2220 2217//2217
f 2217//2217 2220//2220 2218//2218
f 2217//2217 2218//2218 2215//2215
f 2218//2218 2221//2221 2222//2222
f 2218//2218 2222//2222 2219//2219
f 2219//2219 2222//2222 2223//2223
f 2219//2219 2223//2223 2220//2220
f 2220//2220 2223//2223 2221//2221
f 2220//2220 2221//2221 2218//2218
f 2221//2221 2224//2224 2225//2225
f 2221//2221 2225//2225 2222//2222
f 2222//2222 2225//2225 2226//2226
f 2222//2222 2226//2226 2223//2223
f 2223//2223 2226//2226 2224//2224
f 2223//2223 2224//2224 2221//2221
f 2224//2224 2227//2227 2228//2228
f 2224//2224 2228//2228 2225//2225
f 2225//2225 2228//2228 2229//2229
f 2225//2225 2229//2229 2226//2226
f 2226//2226 2229//2229 2227//2227
f 2226//2226 2227//2227 2224//2224
f 2227//2227 2230//2230 2231//2231
f 2227//2227 2231//2231 2228//2228
f 2228//2228 2231//2231 2232//2232
f 2228//2228 2232//2232 2229//2229
f 2229//2229 2232//2232 2230//2230
f 2229//2229 2230//2230 2227//2227
f 2233//2233 2236//2236 2237//2237
f 2233//2233 2237//2237 2234//2234
f 2234//2234 2237//2237 2238//2238
f 2234//2234 2238//2238 2235//2235
f 2235//2235 2238//2238 2236//2236
f 2235//2235 2236//2236 2233//2233
f 2236//2236 2239//2239 2240//2240
f 2236//2236 2240//2240 2237//2237
f 2237//2237 2240//2240 2241//2241
f 2237//2237 2241//2241 2238//2238
f 2238//2238 2241//2241 2239//2239
f 2238//2238 2239//2239 2236//2236
f 2239//2239 2242//2242 2243//2243
f 2239//2239 2243//2243 2240//2240
f 2240//2240 2243//2243 2244//2244
f 2240//2240 2244//2244 2241//2241
f 2241//2241 2244//2244 2242//2242
f 2241//2241 2242//2242 2239//2239
f 2242//2242 2245//2245 2246//2246
f 2242//2242 2246//2246 2243//2243
f 2243//2243 2246//2246 2247//2247
f 2243//2243 2247//2247 2244//2244
f 2244//2244 2247//2247 2245//2245
f 2244//2244 2245//2245 2242//2242
f 2245//2245 2248//2248 2249//2249
f 2245//2245 2249//2249 2246//2246
f 2246//2246 2249//2249 2250//2250
f 2246//2246 2250//2250 2247//2247
f 2247//2247 2250//2250 2248//2248
f 2247//2247 2248//2248 2245//2245
f 2248//2248 2251//2251 2252//2252
f 2248//2248 2252//2252 2249//2249
f 2249//2249 2252//2252 2253//2253
f 2249//2249 2253//2253 2250//2250
f 2250//2250 2253//2253 2251//2251
f 2250//2250 2251//2251 2248//2248
f 2251//2251 2254//2254 2255//2255
f 2251//2251 2255//2255 2252//2252
f 2252//2252 2255//2255 2256//2256
f 2252//2252 2256//2256 2253//2253
f 2253//2253 2256//2256 2254//2254
f 2253//2253 2254//2254 2251//2251
f 2257//2257 2260//2260 2261//2261
f 2257//2257 2261//2261 2258//2258
f 2258//2258 2261//2261 2262//2262
f 2258//2258 2262//2262 2259//2259
f 2259//2259 2262//2262 2260//2260
f 2259//2259 2260//2260 2257//2257
f 2260//2260 2263//2263 2264//2264
f 2260//2260 2264//2264 2261//2261
f 2261//2261 2264//2264 2265//2265
f 2261//2261 2265//2265 2262//2262
f 2262//2262 2265//2265 2263//2263
f 2262//2262 2263//2263 2260//2260
f 2263//2263 2266//2266 2267//2267
f 2263//2263 2267//2267 2264//2264
f 2264//2264 2267//2267 2268//2268
f 2264//2264 2268//2268 2265//2265
f 2265//2265 2268//2268 2266//2266
f 2265//2265 2266//2266 2263//2263
f 2266//2266 2269//2269 2270//2270
f 2266//2266 2270//2270 2267//2267
f 2267//2267 2270//2270 2271//2271
f 2267//2267 2271//2271 2268//2268
f 2268//2268 2271//2271 2269//2269
f 2268//2268 2269//2269 2266//2266
f 2269//2269 2272//2272 2273//2273
f 2269//2269 2273//2273 2270//2270
f 2270//2270 2273//2273 2274//2274
f 2270//2270 2274//2274 2271//2271
f 2271//2271 2274//2274 2272//2272
f 2271//2271 2272//2272 2269//2269
f 2272//2272 2275//2275 2276//2276
f 2272//2272 2276//2276 2273//2273
f 2273//2273 2276//2276 2277//2277
f 2273//2273 2277//2277 2274//2274
f 2274//2274 2277//2277 2275//2275
f 2274//2274 2275//2275 2272//2272
f 2275//2275 2278//2278 2279//2279
f 2275//2275 2279//2279 2276//2276
f 2276//2276 2279//2279 2280//2280
f 2276//2276 2280//2280 2277//2277
f 2277//2277 2280//2280 2278//2278
f 2277//2277 2278//2278 2275//2275
f 2281//2281 2284//2284 2285//2285
f 2281//2281 2285//2285 2282//2282
f 2282//2282 2285//2285 2286//2286
f 2282//2282 2286//2286 2283//2283
f 2283//2283 2286//2286 2284//2284
f 2283//2283 2284//2284 2281//2281
f 2284//2284 2287//2287 2288//2288
f 2284//2284 2288//2288 2285//2285
f 2285//2285 2288//2288 2289//2289
f 2285//2285 2289//2289 2286//2286
f 2286//2286 2289//2289 2287//2287
f 2286//2286 2287//2287 2284//2284
f 2287//2287 2290//2290 2291//2291
f 2287//2287 2291//2291 2288//2288
f 2288//2288 2291//2291 2292//2292
f 2288//2288 2292//2292 2289//2289
f 2289//2289 2292//2292 2290//2290
f 2289//2289 2290//2290 2287//2287
f 2290//2290 2293//2293 2294//2294
f 2290//2290 2294//2294 2291//2291
f 2291//2291 2294//2294 2295//2295
f 2291//2291 2295//2295 2292//2292
f 2292//2292 2295//2295 2293//2293
f 2292//2292 2293//2293 2290//2290
f 2293//2293 2296//2296 2297//2297
f 2293//2293 2297//2297 2294//2294
f 2294//2294 2297//2297 2298//2298
f 2294//2294 2298//2298 2295//2295
f 2295//2295 2298//2298 2296//2296
f 2295//2295 2296//2296 2293//2293
f 2296//2296 2299//2299 2300//2300
f 2296//2296 2300//2300 2297//2297
f 2297//2297 2300//2300 2301//2301
f 2297//2297 2301//2301 2298//2298
f 2298//2298 2301//2301 2299//2299
f 2298//2298 2299//2299 2296//2296
f 2299//2299 2302//2302 2303//2303
f 2299//2299 2303//2303 2300//2300
f 2300//2300 2303//2303 2304//2304
f 2300//2300 2304//2304 2301//2301
f 2301//2301 2304//2304 2302//2302
f 2301//2301 2302//2302 2299//2299
f 2305//2305 2308//2308 2309//2309
f 2305//2305 2309//2309 2306//2306
f 2306//2306 2309//2309 2310//2310
f 2306//2306 2310//2310 2307//2307
f 2307//2307 2310//2310 2308//2308
f 2307//2307 2308//2308 2305//2305
f 2308//2308 2311//2311 2312//2312
f 2308//2308 2312//2312 2309//2309
f 2309//2309 2312//2312 2313//2313
f 2309//2309 2313//2313 2310//2310
f 2310//2310 2313//2313 2311//2311
f 2310//2310 2311//2311 2308//2308
f 2311//2311 2314//2314 2315//2315
f 2311//2311 2315//2315 2312//2312
f 2312//2312 2315//2315 2316//2316
f 2312//2312 2316//2316 2313//2313
f 2313//2313 2316//2316 2314//2314
f 2313//2313 2314//2314 2311//2311
f 2314//2314 2317//2317 2318//2318
f 2314//2314 2318//2318 2315//2315
f 2315//2315 2318//2318 2319//2319
f 2315//2315 2319//2319 2316//2316
f 2316//2316 2319//2319 2317//2317
f 2316//2316 2317//2317 2314//2314
f 2317//2317 2320//2320 2321//2321
f 2317//2317 2321//2321 2318//2318
f 2318//2318 2321//2321 2322//2322
f 2318//2318 2322//2322 2319//2319
f 2319//2319 2322//2322 2320//2320
f 2319//2319 2320//2320 2317//2317
f 2320//2320 2323//2323 2324//2324
f 2320//2320 2324//2324 2321//2321
f 2321//2321 2324//2324 2325//2325
f 2321//2321 2325//2325 2322//2322
f 2322//2322 2325//2325 2323//2323
f 2322//2322 2323//2323 2320//2320
f 2323//2323 2326//2326 2327//2327
f 2323//2323 2327//2327 2324//2324
f 2324//2324 2327//2327 2328//2328
f 2324//2324 2328//2328 2325//2325
f 2325//2325 2328//2328 2326//2326
f 2325//2325 2326//2326 2323//2323
f 2329//2329 2332//2332 2333//2333
f 2329//2329 2333//2333 2330//2330
f 2330//2330 2333//2333 2334//2334
f 2330//2330 2334//2334 2331//2331
f 2331//2331 2334//2334 2332//2332
f 2331//2331 2332//2332 2329//2329
f 2332//2332 2335//2335 2336//2336
f 2332//2332 2336//2336 2333//2333
f 2333//2333 2336//2336 2337//2337
f 2333//2333 2337//2337 2334//2334
f 2334//2334 2337//2337 2335//2335
f 2334//2334 2335//2335 2332//2332
f 2335//2335 2338//2338 2339//2339
f 2335//2335 2339//2339 2336//2336
f 2336//2336 2339//2339 2340//2340
f 2336//2336 2340//2340 2337//2337
f 2337//2337 2340//2340 2338//2338
f 2337//2337 2338//2338 2335//2335
f 2338//2338 2341//2341 2342//2342
f 2338//2338 2342//2342 2339//2339
f 2339//2339 2342//2342 2343//2343
f 2339//2339 2343//2343 2340//2340
f 2340//2340 2343//2343 2341//2341
f 2340//2340 2341//2341 2338//2338
f 2341//2341 2344//2344 2345//2345
f 2341//2341 2345//2345 2342//2342
f 2342//2342 2345//2345 2346//2346
f 2342//2342 2346//2346 2343//2343
f 2343//2343 2346//2346 2344//2344
f 2343//2343 2344//2344 2341//2341
f 2344//2344 2347//2347 2348//2348
f 2344//2344 2348//2348 2345//2345
f 2345//2345 2348//2348 2349//2349
f 2345//2345 2349//2349 2346//2346
f 2346//2346 2349//2349 2347//2347
f 2346//2346 2347//2347 2344//2344
f 2347//2347 2350//2350 2351//2351
f 2347//2347 2351//2351 2348//2348
f 2348//2348 2351//2351 2352//2352
f 2348//2348 2352//2352 2349//2349
f 2349//2349 2352//2352 2350//2350
f 2349//2349 2350//2350 2347//2347
f 2353//2353 2356//2356 2357//2357
f 2353//2353 2357//2357 2354//2354
f 2354//2354 2357//2357 2358//2358
f 2354//2354 2358//2358 2355//2355
f 2355//2355 2358//2358 2356//2356
f 2355//2355 2356//2356 2353//2353
f 2356//2356 2359//2359 2360//2360
f 2356//2356 2360//2360 2357//2357
f 2357//2357 2360//2360 2361//2361
f 2357//2357 2361//2361 2358//2358
f 2358//2358 2361//2361 2359//2359
f 2358//2358 2359//2359 2356//2356
f 2359//2359 2362//2362 2363//2363
f 2359//2359 2363//2363 2360//2360
f 2360//2360 2363//2363 2364//2364
f 2360//2360 2364//2364 2361//2361
f 2361//2361 2364//2364 2362//2362
f 2361//2361 2362//2362 2359//2359
f 2362//2362 2365//2365 2366//2366
f 2362//2362 2366//2366 2363//2363
f 2363//2363 2366//2366 2367//2367
f 2363//2363 2367//2367 2364//2364
f 2364//2364 2367//2367 2365//2365
f 2364//2364 2365//2365 2362//2362
f 2365//2365 2368//2368 2369//2369
f 2365//2365 2369//2369 2366//2366
f 2366//2366 2369//2369 2370//2370
f 2366//2366 2370//2370 2367//2367
f 2367//2367 2370//2370 2368//2368
f 2367//2367 2368//2368 2365//2365
f 2368//2368 2371//2371 2372//2372
f 2368//2368 2372//2372 2369//2369
f 2369//2369 2372//2372 2373//2373
f 2369//2369 2373//2373 2370//2370
f 2370//2370 2373//2373 2371//2371
f 2370//2370 2371//2371 2368//2368
f 2371//2371 2374//2374 2375//2375
f 2371//2371 2375//2375 2372//2372
f 2372//2372 2375//2375 2376//2376
f 2372//2372 2376//2376 2373//2373
f 2373//2373 2376//2376 2374//2374
f 2373//2373 2374//2374 2371//2371
f 2377//2377 2380//2380 2381//2381
f 2377//2377 2381//2381 2378//2378
f 2378//2378 2381//2381 2382//2382
f 2378//2378 2382//2382 2379//2379
f 2379//2379 2382//2382 2380//2380
f 2379//2379 2380//2380 2377//2377
f 2380//2380 2383//2383 2384//2384
f 2380//2380 2384//2384 2381//2381
f 2381//2381 2384//2384 2385//2385
f 2381//2381 2385//2385 2382//2382
f 2382//2382 2385//2385 2383//2383
f 2382//2382 2383//2383 2380//2380
f 2383//2383 2386//2386 2387//2387
f 2383//2383 2387//2387 2384//2384
f 2384//2384 2387//2387 2388//2388
f 2384//2384 2388//2388 2385//2385
f 2385//2385 2388//2388 2386//2386
f 2385//2385 2386//2386 2383//2383
f 2386//2386 2389//2389 2390//2390
f 2386//2386 2390//2390 2387//2387
f 2387//2387 2390//2390 2391//2391
f 2387//2387 2391//2391 2388//2388
f 2388//2388 2391//2391 2389//2389
f 2388//2388 2389//2389 2386//2386
f 2389//2389 2392//2392 2393//2393
f 2389//2389 2393//2393 2390//2390
f 2390//2390 2393//2393 2394//2394
f 2390//2390 2394//2394 2391//2391
f 2391//2391 2394//2394 2392//2392
f 2391//2391 2392//2392 2389//2389
f 2392//2392 2395//2395 2396//2396
f 2392//2392 2396//2396 2393//2393
f 2393//2393 2396//2396 2397//2397
f 2393//2393 2397//2397 2394//2394
f 2394//2394 2397//2397 2395//2395
f 2394//2394 2395//2395 2392//2392
f 2395//2395 2398//2398 2399//2399
f 2395//2395 2399//2399 2396//2396
f 2396//2396 2399//2399 2400//2400
f 2396//2396 2400//2400 2397//2397
f 2397//2397 2400//2400 2398//2398
f 2397//2397 2398//2398 2395//2395
f 2401//2401 2404//2404 2405//2405
f 2401//2401 2405//2405 2402//2402
f 2402//2402 2405//2405 2406//2406
f 2402//2402 2406//2406 2403//2403
f 2403//2403 2406//2406 2404//2404
f 2403//2403 2404//2404 2401//2401
f 2404//2404 2407//2407 2408//2408
f 2404//2404 2408//2408 2405//2405
f 2405//2405 2408//2408 2409//2409
f 2405//2405 2409//2409 2406//2406
f 2406//2406 2409//2409 2407//2407
f 2406//2406 2407//2407 2404//2404
f 2407//2407 2410//2410 2411//2411
f 2407//2407 2411//2411 2408//2408
f 2408//2408 2411//2411 2412//2412
f 2408//2408 2412//2412 2409//2409
f 2409//2409 2412//2412 2410//2410
f 2409//2409 2410//2410 2407//2407
f 2410//2410 2413//2413 2414//2414
f 2410//2410 2414//2414 2411//2411
f 2411//2411 2414//2414 2415//2415
f 2411//2411 2415//2415 2412//2412
f 2412//2412 2415//2415 2413//2413
f 2412//2412 2413//2413 2410//2410
f 2413//2413 2416//2416 2417//2417
f 2413//2413 2417//2417 2414//2414
f 2414//2414 2417//2417 2418//2418
f 2414//2414 2418//2418 2415//2415
f 2415//2415 2418//2418 2416//2416
f 2415//2415 2416//2416 2413//2413
f 2416//2416 2419//2419 2420//2420
f 2416//2416 2420//2420 2417//2417
f 2417//2417 2420//2420 2421//2421
f 2417//2417 2421//2421 2418//2418
f 2418//2418 2421//2421 2419//2419
f 2418//2418 2419//2419 2416//2416
f 2419//2419 2422//2422 2423//2423
f 2419//2419 2423//2423 2420//2420
f 2420//2420 2423//2423 2424//2424
f 2420//2420 2424//2424 2421//2421
f 2421//2421 2424//2424 2422//2422
f 2421//2421 2422//2422 2419//2419
f 2425//2425 2428//2428 2429//2429
f 2425//2425 2429//2429 2426//2426
f 2426//2426 2429//2429 2430//2430
f 2426//2426 2430//2430 2427//2427
f 2427//2427 2430//2430 2428//2428
f 2427//2427 2428//2428 2425//2425
f 2428//2428 2431//2431 2432//2432
f 2428//2428 2432//2432 2429//2429
f 2429//2429 2432//2432 2433//2433
f 2429//2429 2433//2433 2430//2430
f 2430//2430 2433//2433 2431//2431
f 2430//2430 2431//2431 2428//2428
f 2431//2431 2434//2434 2435//2435
f 2431//2431 2435//2435 2432//2432
f 2432//2432 2435//2435 2436//2436
f 2432//2432 2436//2436 2433//2433
f 2433//2433 2436//2436 2434//2434
f 2433//2433 2434//2434 2431//2431
f 2434//2434 2437//2437 2438//2438
f 2434//2434 2438//2438 2435//2435
f 2435//2435 2438//2438 2439//2439
f 2435//2435 2439//2439 2436//2436
f 2436//2436 2439//2439 2437//2437
f 2436//2436 2437//2437 2434//2434
f 2437//2437 2440//2440 2441//2441
f 2437//2437 2441//2441 2438//2438
f 2438//2438 2441//2441 2442//2442
f 2438//2438 2442//2442 2439//2439
f 2439//2439 2442//2442 2440//2440
f 2439//2439 2440//2440 2437//2437
f 2440//2440 2443//2443 2444//2444
f 2440//2440 2444//2444 2441//2441
f 2441//2441 2444//2444 2445//2445
f 2441//2441 2445//2445 2442//2442
f 2442//2442 2445//2445 2443//2443
f 2442//2442 2443//2443 2440//2440
f 2443//2443 2446//2446 2447//2447
f 2443//2443 2447//2447 2444//2444
f 2444//2444 2447//2447 2448//2448
f 2444//2444 2448//2448 2445//2445
f 2445//2445 2448//2448 2446//2446
f 2445//2445 2446//2446 2443//2443
f 2449//2449 2452//2452 2453//2453
f 2449//2449 2453//2453 2450//2450
f 2450//2450 2453//2453 2454//2454
f 2450//2450 2454//2454 2451//2451
f 2451//2451 2454//2454 2452//2452
f 2451//2451 2452//2452 2449//2449
f 2452//2452 2455//2455 2456//2456
f 2452//2452 2456//2456 2453//2453
f 2453//2453 2456//2456 2457//2457
f 2453//2453 2457//2457 2454//2454
f 2454//2454 2457//2457 2455//2455
f 2454//2454 2455//2455 2452//2452
f 2455//2455 2458//2458 2459//2459
f 2455//2455 2459//2459 2456//2456
f 2456//2456 2459//2459 2460//2460
f 2456//2456 2460//2460 2457//2457
f 2457//2457 2460//2460 2458//2458
f 2457//2457 2458//2458 2455//2455
f 2458//2458 2461//2461 2462//2462
f 2458//2458 2462//2462 2459//2459
f 2459//2459 2462//2462 2463//2463
f 2459//2459 2463//2463 2460//2460
f 2460//2460 2463//2463 2461//2461
f 2460//2460 2461//2461 2458//2458
f 2461//2461 2464//2464 2465//2465
f 2461//2461 2465//2465 2462//2462
f 2462//2462 2465//2465 2466//2466
f 2462//2462 2466//2466 2463//2463
f 2463//2463 2466//2466 2464//2464
f 2463//2463 2464//2464 2461//2461
f 2464//2464 2467//2467 2468//2468
f 2464//2464 2468//2468 2465//2465
f 2465//2465 2468//2468 2469//2469
f 2465//2465 2469//2469 2466//2466
f 2466//2466 2469//2469 2467//2467
f 2466//2466 2467//2467 2464//2464
f 2467//2467 2470//2470 2471//2471
f 2467//2467 2471//2471 2468//2468
f 2468//2468 2471//2471 2472//2472
f 2468//2468 2472//2472 2469//2469
f 2469//2469 2472//2472 2470//2470
f 2469//2469 2470//2470 2467//2467
f 2473//2473 2476//2476 2477//2477
f 2473//2473 2477//2477 2474//2474
f 2474//2474 2477//2477 2478//2478
f 2474//2474 2478//2478 2475//2475
f 2475//2475 2478//2478 2476//2476
f 2475//2475 2476//2476 2473//2473
f 2476//2476 2479//2479 2480//2480
f 2476//2476 2480//2480 2477//2477
f 2477//2477 2480//2480 2481//2481
f 2477//2477 2481//2481 2478//2478
f 2478//2478 2481//2481 2479//2479
f 2478//2478 2479//2479 2476//2476
f 2479//2479 2482//2482 2483//2483
f 2479//2479 2483//2483 2480//2480
f 2480//2480 2483//2483 2484//2484
f 2480//2480 2484//2484 2481//2481
f 2481//2481 2484//2484 2482//2482
f 2481//2481 2482//2482 2479//2479
f 2482//2482 2485//2485 2486//2486
f 2482//2482 2486//2486 2483//2483
f 2483//2483 2486//2486 2487//2487
f 2483//2483 2487//2487 2484//2484
f 2484//2484 2487//2487 2485//2485
f 2484//2484 2485//2485 2482//2482
f 2485//2485 2488//2488 2489//2489
f 2485//2485 2489//2489 2486//2486
f 2486//2486 2489//2489 2490//2490
f 2486//2486 2490//2490 2487//2487
f 2487//2487 2490//2490 2488//2488
f 2487//2487 2488//2488 2485//2485
f 2488//2488 2491//2491 2492//2492
f 2488//2488 2492//2492 2489//2489
f 2489//2489 2492//2492 2493//2493
f 2489//2489 2493//2493 2490//2490
f 2490//2490 2493//2493 2491//2491
f 2490//2490 2491//2491 2488//2488
f 2491//2491 2494//2494 2495//2495
f 2491//2491 2495//2495 2492//2492
f 2492//2492 2495//2495 2496//2496
f 2492//2492 2496//2496 2493//2493
f 2493//2493 2496//2496 2494//2494
f 2493//2493 2494//2494 2491//2491
f 2497//2497 2500//2500 2501//2501
f 2497//2497 2501//2501 2498//2498
f 2498//2498 2501//2501 2502//2502
f 2498//2498 2502//2502 2499//2499
f 2499//2499 2502//2502 2500//2500
f 2499//2499 2500//2500 2497//2497
f 2500//2500 2503//2503 2504//2504
f 2500//2500 2504//2504 2501//2501
f 2501//2501 2504//2504 2505//2505
f 2501//2501 2505//2505 2502//2502
f 2502//2502 2505//2505 2503//2503
f 2502//2502 2503//2503 2500//2500
f 2503//2503 2506//2506 2507//2507
f 2503//2503 2507//2507 2504//2504
f 2504//2504 2507//2507 2508//2508
f 2504//2504 2508//2508 2505//2505
f 2505//2505 2508//2508 2506//2506
f 2505//2505 2506//2506 2503//2503
f 2506//2506 2509//2509 2510//2510
f 2506//2506 2510//2510 2507//2507
f 2507//2507 2510//2510 2511//2511
f 2507//2507 2511//2511 2508//2508
f 2508//2508 2511//2511 2509//2509
f 2508//2508 2509//2509 2506//2506
f 2509//2509 2512//2512 2513//2513
f 2509//2509 2513//2513 2510//2510
f 2510//2510 2513//2513 2514//2514
f 2510//2510 2514//2514 2511//2511
f 2511//2511 2514//2514 2512//2512
f 2511//2511 2512//2512 2509//2509
f 2512//2512 2515//2515 2516//2516
f 2512//2512 2516//2516 2513//2513
f 2513//2513 2516//2516 2517//2517
f 2513//2513 2517//2517 2514//2514
f 2514//2514 2517//2517 2515//2515
f 2514//2514 2515//2515 2512//2512
f 2515//2515 2518//2518 2519//2519
f 2515//2515 2519//2519 2516//2516
f 2516//2516 2519//2519 2520//2520
f 2516//2516 2520//2520 2517//2517
f 2517//2517 2520//2520 2518//2518
f 2517//2517 2518//2518 2515//2515
f 2521//2521 2524//2524 2525//2525
f 2521//2521 2525//2525 2522//2522
f 2522//2522 2525//2525 2526//2526
f 2522//2522 2526//2526 2523//2523
f 2523//2523 2526//2526 2524//2524
f 2523//2523 2524//2524 2521//2521
f 2524//2524 2527//2527 2528//2528
f 2524//2524 2528//2528 2525//2525
f 2525//2525 2528//2528 2529//2529
f 2525//2525 2529//2529 2526//2526
f 2526//2526 2529//2529 2527//2527
f 2526//2526 2527//2527 2524//2524
f 2527//2527 2530//2530 2531//2531
f 2527//2527 2531//2531 2528//2528
f 2528//2528 2531//2531 2532//2532
f 2528//2528 2532//2532 2529//2529
f 2529//2529 2532//2532 2530//2530
f 2529//2529 2530//2530 2527//2527
f 2530//2530 2533//2533 2534//2534
f 2530//2530 2534//2534 2531//2531
f 2531//2531 2534//2534 2535//2535
f 2531//2531 2535//2535 2532//2532
f 2532//2532 2535//2535 2533//2533
f 2532//2532 2533//2533 2530//2530
f 2533//2533 2536//2536 2537//2537
f 2533//2533 2537//2537 2534//2534
f 2534//2534 2537//2537 2538//2538
f 2534//2534 2538//2538 2535//2535
f 2535//2535 2538//2538 2536//2536
f 2535//2535 2536//2536 2533//2533
f 2536//2536 2539//2539 2540//2540
f 2536//2536 2540//2540 2537//2537
f 2537//2537 2540//2540 2541//2541
f 2537//2537 2541//2541 2538//2538
f 2538//2538 2541//2541 2539//2539
f 2538//2538 2539//2539 2536//2536
f 2539//2539 2542//2542 2543//2543
f 2539//2539 2543//2543 2540//2540
f 2540//2540 2543//2543 2544//2544
f 2540//2540 2544//2544 2541//2541
f 2541//2541 2544//2544 2542//2542
f 2541//2541 2542//2542 2539//2539
f 2545//2545 2548//2548 2549//2549
f 2545//2545 2549//2549 2546//2546
f 2546//2546 2549//2549 2550//2550
f 2546//2546 2550//2550 2547//2547
f 2547//2547 2550//2550 2548//2548
f 2547//2547 2548//2548 2545//2545
f 2548//2548 2551//2551 2552//2552
f 2548//2548 2552//2552 2549//2549
f 2549//2549 2552//2552 2553//2553
f 2549//2549 2553//2553 2550//2550
f 2550//2550 2553//2553 2551//2551
f 2550//2550 2551//2551 2548//2548
f 2551//2551 2554//2554 2555//2555
f 2551//2551 2555//2555 2552//2552
f 2552//2552 2555//2555 2556//2556
f 2552//2552 2556//2556 2553//2553
f 2553//2553 2556//2556 2554//2554
f 2553//2553 2554//2554 2551//2551
f 2554//2554 2557//2557 2558//2558
f 2554//2554 2558//2558 2555//2555
f 2555//2555 2558//2558 2559//2559
f 2555//2555 2559//2559 2556//2556
f 2556//2556 2559//2559 2557//2557
f 2556//2556 2557//2557 2554//2554
f 2557//2557 2560//2560 2561//2561
f 2557//2557 2561//2561 2558//2558
f 2558//2558 2561//2561 2562//2562
f 2558//2558 2562//2562 2559//2559
f 2559//2559 2562//2562 2560//2560
f 2559//2559 2560//2560 2557//2557
f 2560//2560 2563//2563 2564//2564
f 2560//2560 2564//2564 2561//2561
f 2561//2561 2564//2564 2565//2565
f 2561//2561 2565//2565 2562//2562
f 2562//2562 2565//2565 2563//2563
f 2562//2562 2563//2563 2560//2560
f 2563//2563 2566//2566 2567//2567
f 2563//2563 2567//2567 2564//2564
f 2564//2564 2567//2567 2568//2568
f 2564//2564 2568//2568 2565//2565
f 2565//2565 2568//2568 2566//2566
f 2565//2565 2566//2566 2563//2563
f 2569//2569 2572//2572 2573//2573
f 2569//2569 2573//2573 2570//2570
f 2570//2570 2573//2573 2574//2574
f 2570//2570 2574//2574 2571//2571
f 2571//2571 2574//2574 2572//2572
f 2571//2571 2572//2572 2569//2569
f 2572//2572 2575//2575 2576//2576
f 2572//2572 2576//2576 2573//2573
f 2573//2573 2576//2576 2577//2577
f 2573//2573 2577//2577 2574//2574
f 2574//2574 2577//2577 2575//2575
f 2574//2574 2575//2575 2572//2572
f 2575//2575 2578//2578 2579//2579
f 2575//2575 2579//2579 2576//2576
f 2576//2576 2579//2579 2580//2580
f 2576//2576 2580//2580 2577//2577
f 2577//2577 2580//2580 2578//2578
f 2577//2577 2578//2578 2575//2575
f 2578//2578 2581//2581 2582//2582
f 2578//2578 2582//2582 2579//2579
f 2579//2579 2582//2582 2583//2583
f 2579//2579 2583//2583 2580//2580
f 2580//2580 2583//2583 2581//2581
f 2580//2580 2581//2581 2578//2578
f 2581//2581 2584//2584 2585//2585
f 2581//2581 2585//2585 2582//2582
f 2582//2582 2585//2585 2586//2586
f 2582//2582 2586//2586 2583//2583
f 2583//2583 2586//2586 2584//2584
f 2583//2583 2584//2584 2581//2581
f 2584//2584 2587//2587 2588//2588
f 2584//2584 2588//2588 2585//2585
f 2585//2585 2588//2588 2589//2589
f 2585//2585 2589//2589 2586//2586
f 2586//2586 2589//2589 2587//2587
f 2586//2586 2587//2587 2584//2584
f 2587//2587 2590//2590 2591//2591
f 2587//2587 2591//2591 2588//2588
f 2588//2588 2591//2591 2592//2592
f 2588//2588 2592//2592 2589//2589
f 2589//2589 2592//2592 2590//2590
f 2589//2589 2590//2590 2587//2587
f 2593//2593 2596//2596 2597//2597
f 2593//2593 2597//2597 2594//2594
f 2594//2594 2597//2597 2598//2598
f 2594//2594 2598//2598 2595//2595
f 2595//2595 2598//2598 2596//2596
f 2595//2595 2596//2596 2593//2593
f 2596//2596 2599//2599 2600//2600
f 2596//2596 2600//2600 2597//2597
f 2597//2597 2600//2600 2601//2601
f 2597//2597 2601//2601 2598//2598
f 2598//2598 2601//2601 2599//2599
f 2598//2598 2599//2599 2596//2596
f 2599//2599 2602//2602 2603//2603
f 2599//2599 2603//2603 2600//2600
f 2600//2600 2603//2603 2604//2604
f 2600//2600 2604//2604 2601//2601
f 2601//2601 2604//2604 2602//2602
f 2601//2601 2602//2602 2599//2599
f 2602//2602 2605//2605 2606//2606
f 2602//2602 2606//2606 2603//2603
f 2603//2603 2606//2606 2607//2607
f 2603//2603 2607//2607 2604//2604
f 2604//2604 2607//2607 2605//2605
f 2604//2604 2605//2605 2602//2602
f 2605//2605 2608//2608 2609//2609
f 2605//2605 2609//2609 2606//2606
f 2606//2606 2609//2609 2610//2610
f 2606//2606 2610//2610 2607//2607
f 2607//2607 2610//2610 2608//2608
f 2607//2607 2608//2608 2605//2605
f 2608//2608 2611//2611 2612//2612
f 2608//2608 2612//2612 2609//2609
f 2609//2609 2612//2612 2613//2613
f 2609//2609 2613//2613 2610//2610
f 2610//2610 2613//2613 2611//2611
f 2610//2610 2611//2611 2608//2608
f 2611//2611 2614//2614 2615//2615
f 2611//2611 2615//2615 2612//2612
f 2612//2612 2615//2615 2616//2616
f 2612//2612 2616//2616 2613//2613
f 2613//2613 2616//2616 2614//2614
f 2613//2613 2614//2614 2611//2611
f 2617//2617 2620//2620 2621//2621
f 2617//2617 2621//2621 2618//2618
f 2618//2618 2621//2621 2622//2622
f 2618//2618 2622//2622 2619//2619
f 2619//2619 2622//2622 2620//2620
f 2619//2619 2620//2620 2617//2617
f 2620//2620 2623//2623 2624//2624
f 2620//2620 2624//2624 2621//2621
f 2621//2621 2624//2624 2625//2625
f 2621//2621 2625//2625 2622//2622
f 2622//2622 2625//2625 2623//2623
f 2622//2622 2623//2623 2620//2620
f 2623//2623 2626//2626 2627//2627
f 2623//2623 2627//2627 2624//2624
f 2624//2624 2627//2627 2628//2628
f 2624//2624 2628//2628 2625//2625
f 2625//2625 2628//2628 2626//2626
f 2625//2625 2626//2626 2623//2623
f 2626//2626 2629//2629 2630//2630
f 2626//2626 2630//2630 2627//2627
f 2627//2627 2630//2630 2631//2631
f 2627//2627 2631//2631 2628//2628
f 2628//2628 2631//2631 2629//2629
f 2628//2628 2629//2629 2626//2626
f 2629//2629 2632//2632 2633//2633
f 2629//2629 2633//2633 2630//2630
f 2630//2630 2633//2633 2634//2634
f 2630//2630 2634//2634 2631//2631
f 2631//2631 2634//2634 2632//2632
f 2631//2631 2632//2632 2629//2629
f 2632//2632 2635//2635 2636//2636
f 2632//2632 2636//2636 2633//2633
f 2633//2633 2636//2636 2637//2637
f 2633//2633 2637//2637 2634//2634
f 2634//2634 2637//2637 2635//2635
f 2634//2634 2635//2635 2632//2632
f 2635//2635 2638//2638 2639//2639
f 2635//2635 2639//2639 2636//2636
f 2636//2636 2639//2639 2640//2640
f 2636//2636 2640//2640 2637//2637
f 2637//2637 2640//2640 2638//2638
f 2637//2637 2638//2638 2635//2635
f 2641//2641 2644//2644 2645//2645
f 2641//2641 2645//2645 2642//2642
f 2642//2642 2645//2645 2646//2646
f 2642//2642 2646//2646 2643//2643
f 2643//2643 2646//2646 2644//2644
f 2643//2643 2644//2644 2641//2641
f 2644//2644 2647//2647 2648//2648
f 2644//2644 2648//2648 2645//2645
f 2645//2645 2648//2648 2649//2649
f 2645//2645 2649//2649 2646//2646
f 2646//2646 2649//2649 2647//2647
f 2646//2646 2647//2647 2644//2644
f 2647//2647 2650//2650 2651//2651
f 2647//2647 2651//2651 2648//2648
f 2648//2648 2651//2651 2652//2652
f 2648//2648 2652//2652 2649//2649
f 2649//2649 2652//2652 2650//2650
f 2649//2649 2650//2650 2647//2647
f 2650//2650 2653//2653 2654//2654
f 2650//2650 2654//2654 2651//2651
f 2651//2651 2654//2654 2655//2655
f 2651//2651 2655//2655 2652//2652
f 2652//2652 2655//2655 2653//2653
f 2652//2652 2653//2653 2650//2650
f 2653//2653 2656//2656 2657//2657
f 2653//2653 2657//2657 2654//2654
f 2654//2654 2657//2657 2658//2658
f 2654//2654 2658//2658 2655//2655
f 2655//2655 2658//2658 2656//2656
f 2655//2655 2656//2656 2653//2653
f 2656//2656 2659//2659 2660//2660
f 2656//2656 2660//2660 2657//2657
f 2657//2657 2660//2660 2661//2661
f 2657//2657 2661//2661 2658//2658
f 2658//2658 2661//2661 2659//2659
f 2658//2658 2659//2659 2656//2656
f 2659//2659 2662//2662 2663//2663
f 2659//2659 2663//2663 2660//2660
f 2660//2660 2663//2663 2664//2664
f 2660//2660 2664//2664 2661//2661
f 2661//2661 2664//2664 2662//2662
f 2661//2661 2662//2662 2659//2659
f 2665//2665 2668//2668 2669//2669
f 2665//2665 2669//2669 2666//2666
f 2666//2666 2669//2669 2670//2670
f 2666//2666 2670//2670 2667//2667
f 2667//2667 2670//2670 2668//2668
f 2667//2667 2668//2668 2665//2665
f 2668//2668 2671//2671 2672//2672
f 2668//2668 2672//2672 2669//2669
f 2669//2669 2672//2672 2673//2673
f 2669//2669 2673//2673 2670//2670
f 2670//2670 2673//2673 2671//2671
f 2670//2670 2671//2671 2668//2668
f 2671//2671 2674//2674 2675//2675
f 2671//2671 2675//2675 2672//2672
f 2672//2672 2675//2675 2676//2676
f 2672//2672 2676//2676 2673//2673
f 2673//2673 2676//2676 2674//2674
f 2673//2673 2674//2674 2671//2671
f 2674//2674 2677//2677 2678//2678
f 2674//2674 2678//2678 2675//2675
f 2675//2675 2678//2678 2679//2679
f 2675//2675 2679//2679 2676//2676
f 2676//2676 2679//2679 2677//2677
f 2676//2676 2677//2677 2674//2674
f 2677//2677 2680//2680 2681//2681
f 2677//2677 2681//2681 2678//2678
f 2678//2678 2681//2681 2682//2682
f 2678//2678 2682//2682 2679//2679
f 2679//2679 2682//2682 2680//2680
f 2679//2679 2680//2680 2677//2677
f 2680//2680 2683//2683 2684//2684
f 2680//2680 2684//2684 2681//2681
f 2681//2681 2684//2684 2685//2685
f 2681//2681 2685//2685 2682//2682
f 2682//2682 2685//2685 2683//2683
f 2682//2682 2683//2683 2680//2680
f 2683//2683 2686//2686 2687//2687
f 2683//2683 2687//2687 2684//2684
f 2684//2684 2687//2687 2688//2688
f 2684//2684 2688//2688 2685//2685
f 2685//2685 2688//2688 2686//2686
f 2685//2685 2686//2686 2683//2683
f 2689//2689 2692//2692 2693//2693
f 2689//2689 2693//2693 2690//2690
f 2690//2690 2693//2693 2694//2694
f 2690//2690 2694//2694 2691//2691
f 2691//2691 2694//2694 2692//2692
f 2691//2691 2692//2692 2689//2689
f 2692//2692 2695//2695 2696//2696
f 2692//2692 2696//2696 2693//2693
f 2693//2693 2696//2696 2697//2697
f 2693//2693 2697//2697 2694//2694
f 2694//2694 2697//2697 2695//2695
f 2694//2694 2695//2695 2692//2692
f 2695//2695 2698//2698 2699//2699
f 2695//2695 2699//2699 2696//2696
f 2696//2696 2699//2699 2700//2700
f 2696//2696 2700//2700 2697//2697
f 2697//2697 2700//2700 2698//2698
f 2697//2697 2698//2698 2695//2695
f 2698//2698 2701//2701 2702//2702
f 2698//2698 2702//2702 2699//2699
f 2699//2699 2702//2702 2703//2703
f 2699//2699 2703//2703 2700//2700
f 2700//2700 2703//2703 2701//2701
f 2700//2700 2701//2701 2698//2698
f 2701//2701 2704//2704 2705//2705
f 2701//2701 2705//2705 2702//2702
f 2702//2702 2705//2705 2706//2706
f 2702//2702 2706//2706 2703//2703
f 2703//2703 2706//2706 2704//2704
f 2703//2703 2704//2704 2701//2701
f 2704//2704 2707//2707 2708//2708
f 2704//2704 2708//2708 2705//2705
f 2705//2705 2708//2708 2709//2709
f 2705//2705 2709//2709 2706//2706
f 2706//2706 2709//2709 2707//2707
f 2706//2706 2707//2707 2704//2704
f 2707//2707 2710//2710 2711//2711
f 2707//2707 2711//2711 2708//2708
f 2708//2708 2711//2711 2712//2712
f 2708//2708 2712//2712 2709//2709
f 2709//2709 2712//2712 2710//2710
f 2709//2709 2710//2710 2707//2707
f 2713//2713 2716//2716 2717//2717
f 2713//2713 2717//2717 2714//2714
f 2714//2714 2717//2717 2718//2718
f 2714//2714 2718//2718 2715//2715
f 2715//2715 2718//2718 2716//2716
f 2715//2715 2716//2716 2713//2713
f 2716//2716 2719//2719 2720//2720
f 2716//2716 2720//2720 2717//2717
f 2717//2717 2720//2720 2721//2721
f 2717//2717 2721//2721 2718//2718
f 2718//2718 2721//2721 2719//2719
f 2718//2718 2719//2719 2716//2716
f 2719//2719 2722//2722 2723//2723
f 2719//2719 2723//2723 2720//2720
f 2720//2720 2723//2723 2724//2724
f 2720//2720 2724//2724 2721//2721
f 2721//2721 2724//2724 2722//2722
f 2721//2721 2722//2722 2719//2719
f 2722//2722 2725//2725 2726//2726
f 2722//2722 2726//2726 2723//2723
f 2723//2723 2726//2726 2727//2727
f 2723//2723 2727//2727 2724//2724
f 2724//2724 2727//2727 2725//2725
f 2724//2724 2725//2725 2722//2722
f 2725//2725 2728//2728 2729//2729
f 2725//2725 2729//2729 2726//2726
f 2726//2726 2729//2729 2730//2730
f 2726//2726 2730//2730 2727//2727
f 2727//2727 2730//2730 2728//2728
f 2727//2727 2728//2728 2725//2725
f 2728//2728 2731//2731 2732//2732
f 2728//2728 2732//2732 2729//2729
f 2729//2729 2732//2732 2733//2733
f 2729//2729 2733//2733 2730//2730
f 2730//2730 2733//2733 2731//2731
f 2730//2730 2731//2731 2728//2728
f 2731//2731 2734//2734 2735//2735
f 2731//2731 2735//2735 2732//2732
f 2732//2732 2735//2735 2736//2736
f 2732//2732 2736//2736 2733//2733
f 2733//2733 2736//2736 2734//2734
f 2733//2733 2734//2734 2731//2731
f 2737//2737 2740//2740 2741//2741
f 2737//2737 2741//2741 2738//2738
f 2738//2738 2741//2741 2742//2742
f 2738//2738 2742//2742 2739//2739
f 2739//2739 2742//2742 2740//2740
f 2739//2739 2740//2740 2737//2737
f 2740//2740 2743//2743 2744//2744
f 2740//2740 2744//2744 2741//2741
f 2741//2741 2744//2744 2745//2745
f 2741//2741 2745//2745 2742//2742
f 2742//2742 2745//2745 2743//2743
f 2742//2742 2743//2743 2740//2740
f 2743//2743 2746//2746 2747//2747
f 2743//2743 2747//2747 2744//2744
f 2744//2744 2747//2747 2748//2748
f 2744//2744 2748//2748 2745//2745
f 2745//2745 2748//2748 2746//2746
f 2745//2745 2746//2746 2743//2743
f 2746//2746 2749//2749 2750//2750
f 2746//2746 2750//2750 2747//2747
f 2747//2747 2750//2750 2751//2751
f 2747//2747 2751//2751 2748//2748
f 2748//2748 2751//2751 2749//2749
f 2748//2748 2749//2749 2746//2746
f 2749//2749 2752//2752 2753//2753
f 2749//2749 2753//2753 2750//2750
f 2750//2750 2753//2753 2754//2754
f 2750//2750 2754//2754 2751//2751
f 2751//2751 2754//2754 2752//2752
f 2751//2751 2752//2752 2749//2749
f 2752//2752 2755//2755 2756//2756
f 2752//2752 2756//2756 2753//2753
f 2753//2753 2756//2756 2757//2757
f 2753//2753 2757//2757 2754//2754
f 2754//2754 2757//2757 2755//2755
f 2754//2754 2755//2755 2752//2752
f 2755//2755 2758//2758 2759//2759
f 2755//2755 2759//2759 2756//2756
f 2756//2756 2759//2759 2760//2760
f 2756//2756 2760//2760 2757//2757
f 2757//2757 2760//2760 2758//2758
f 2757//2757 2758//2758 2755//2755
f 2761//2761 2764//2764 2765//2765
f 2761//2761 2765//2765 2762//2762
f 2762//2762 2765//2765 2766//2766
f 2762//2762 2766//2766 2763//2763
f 2763//2763 2766//2766 2764//2764
f 2763//2763 2764//2764 2761//2761
f 2764//2764 2767//2767 2768//2768
f 2764//2764 2768//2768 2765//2765
f 2765//2765 2768//2768 2769//2769
f 2765//2765 2769//2769 2766//2766
f 2766//2766 2769//2769 2767//2767
f 2766//2766 2767//2767 2764//2764
f 2767//2767 2770//2770 2771//2771
f 2767//2767 2771//2771 2768//2768
f 2768//2768 2771//2771 2772//2772
f 2768//2768 2772//2772 2769//2769
f 2769//2769 2772//2772 2770//2770
f 2769//2769 2770//2770 2767//2767
f 2770//2770 2773//2773 2774//2774
f 2770//2770 2774//2774 2771//2771
f 2771//2771 2774//2774 2775//2775
f 2771//2771 2775//2775 2772//2772
f 2772//2772 2775//2775 2773//2773
f 2772//2772 2773//2773 2770//2770
f 2773//2773 2776//2776 2777//2777
f 2773//2773 2777//2777 2774//2774
f 2774//2774 2777//2777 2778//2778
f 2774//2774 2778//2778 2775//2775
f 2775//2775 2778//2778 2776//2776
f 2775//2775 2776//2776 2773//2773
f 2776//2776 2779//2779 2780//2780
f 2776//2776 2780//2780 2777//2777
f 2777//2777 2780//2780 2781//2781
f 2777//2777 2781//2781 2778//2778
f 2778//2778 2781//2781 2779//2779
f 2778//2778 2779//2779 2776//2776
f 2779//2779 2782//2782 2783//2783
f 2779//2779 2783//2783 2780//2780
f 2780//2780 2783//2783 2784//2784
f 2780//2780 2784//2784 2781//2781
f 2781//2781 2784//2784 2782//2782
f 2781//2781 2782//2782 2779//2779
f 2785//2785 2788//2788 2789//2789
f 2785//2785 2789//2789 2786//2786
f 2786//2786 2789//2789 2790//2790
f 2786//2786 2790//2790 2787//2787
f 2787//2787 2790//2790 2788//2788
f 2787//2787 2788//2788 2785//2785
f 2788//2788 2791//2791 2792//2792
f 2788//2788 2792//2792 2789//2789
f 2789//2789 2792//2792 2793//2793
f 2789//2789 2793//2793 2790//2790
f 2790//2790 2793//2793 2791//2791
f 2790//2790 2791//2791 2788//2788
f 2791//2791 2794//2794 2795//2795
f 2791//2791 2795//2795 2792//2792
f 2792//2792 2795//2795 2796//2796
f 2792//2792 2796//2796 2793//2793
f 2793//2793 2796//2796 2794//2794
f 2793//2793 2794//2794 2791//2791
f 2794//2794 2797//2797 2798//2798
f 2794//2794 2798//2798 2795//2795
f 2795//2795 2798//2798 2799//2799
f 2795//2795 2799//2799 2796//2796
f 2796//2796 2799//2799 2797//2797
f 2796//2796 2797//2797 2794//2794
f 2797//2797 2800//2800 2801//2801
f 2797//2797 2801//2801 2798//2798
f 2798//2798 2801//2801 2802//2802
f 2798//2798 2802//2802 2799//2799
f 2799//2799 2802//2802 2800//2800
f 2799//2799 2800//2800 2797//2797
f 2800//2800 2803//2803 2804//2804
f 2800//2800 2804//2804 2801//2801
f 2801//2801 2804//2804 2805//2805
f 2801//2801 2805//2805 2802//2802
f 2802//2802 2805//2805 2803//2803
f 2802//2802 2803//2803 2800//2800
f 2803//2803 2806//2806 2807//2807
f 2803//2803 2807//2807 2804//2804
f 2804//2804 2807//2807 2808//2808
f 2804//2804 2808//2808 2805//2805
f 2805//2805 2808//2808 2806//2806
f 2805//2805 2806//2806 2803//2803
f 2809//2809 2812//2812 2813//2813
f 2809//2809 2813//2813 2810//2810
f 2810//2810 2813//2813 2814//2814
f 2810//2810 2814//2814 2811//2811
f 2811//2811 2814//2814 2812//2812
f 2811//2811 2812//2812 2809//2809
f 2812//2812 2815//2815 2816//2816
f 2812//2812 2816//2816 2813//2813
f 2813//2813 2816//2816 2817//2817
f 2813//2813 2817//2817 2814//2814
f 2814//2814 2817//2817 2815//2815
f 2814//2814 2815//2815 2812//2812
f 2815//2815 2818//2818 2819//2819
f 2815//2815 2819//2819 2816//2816
f 2816//2816 2819//2819 2820//2820
f 2816//2816 2820//2820 2817//2817
f 2817//2817 2820//2820 2818//2818
f 2817//2817 2818//2818 2815//2815
f 2818//2818 2821//2821 2822//2822
f 2818//2818 2822//2822 2819//2819
f 2819//2819 2822//2822 2823//2823
f 2819//2819 2823//2823 2820//2820
f 2820//2820 2823//2823 2821//2821
f 2820//2820 2821//2821 2818//2818
f 2821//2821 2824//2824 2825//2825
f 2821//2821 2825//2825 2822//2822
f 2822//2822 2825//2825 2826//2826
f 2822//2822 2826//2826 2823//2823
f 2823//2823 2826//2826 2824//2824
f 2823//2823 2824//2824 2821//2821
f 2824//2824 2827//2827 2828//2828
f 2824//2824 2828//2828 2825//2825
f 2825//2825 2828//2828 2829//2829
f 2825//2825 2829//2829 2826//2826
f 2826//2826 2829//2829 2827//2827
f 2826//2826 2827//2827 2824//2824
f 2827//2827 2830//2830 2831//2831
f 2827//2827 2831//2831 2828//2828
f 2828//2828 2831//2831 2832//2832
f 2828//2828 2832//2832 2829//2829
f 2829//2829 2832//2832 2830//2830
f 2829//2829 2830//2830 2827//2827
f 2833//2833 2836//2836 2837//2837
f 2833//2833 2837//2837 2834//2834
f 2834//2834 2837//2837 2838//2838
f 2834//2834 2838//2838 2835//2835
f 2835//2835 2838//2838 2836//2836
f 2835//2835 2836//2836 2833//2833
f 2836//2836 2839//2839 2840//2840
f 2836//2836 2840//2840 2837//2837
f 2837//2837 2840//2840 2841//2841
f 2837//2837 2841//2841 2838//2838
f 2838//2838 2841//2841 2839//2839
f 2838//2838 2839//2839 2836//2836
f 2839//2839 2842//2842 2843//2843
f 2839//2839 2843//2843 2840//2840
f 2840//2840 2843//2843 2844//2844
f 2840//2840 2844//2844 2841//2841
f 2841//2841 2844//2844 2842//2842
f 2841//2841 2842//2842 2839//2839
f 2842//2842 2845//2845 2846//2846
f 2842//2842 2846//2846 2843//2843
f 2843//2843 2846//2846 2847//2847
f 2843//2843 2847//2847 2844//2844
f 2844//2844 2847//2847 2845//2845
f 2844//2844 2845//2845 2842//2842
f 2845//2845 2848//2848 2849//2849
f 2845//2845 2849//2849 2846//2846
f 2846//2846 2849//2849 2850//2850
f 2846//2846 2850//2850 2847//2847
f 2847//2847 2850//2850 2848//2848
f 2847//2847 2848//2848 2845//2845
f 2848//2848 2851//2851 2852//2852
f 2848//2848 2852//2852 2849//2849
f 2849//2849 2852//2852 2853//2853
f 2849//2849 2853//2853 2850//2850
f 2850//2850 2853//2853 2851//2851
f 2850//2850 2851//2851 2848//2848
f 2851//2851 2854//2854 2855//2855
f 2851//2851 2855//2855 2852//2852
f 2852//2852 2855//2855 2856//2856
f 2852//2852 2856//2856 2853//2853
f 2853//2853 2856//2856 2854//2854
f 2853//2853 2854//2854 2851//2851
f 2857//2857 2860//2860 2861//2861
f 2857//2857 2861//2861 2858//2858
f 2858//2858 2861//2861 2862//2862
f 2858//2858 2862//2862 2859//2859
f 2859//2859 2862//2862 2860//2860
f 2859//2859 2860//2860 2857//2857
f 2860//2860 2863//2863 2864//2864
f 2860//2860 2864//2864 2861//2861
f 2861//2861 2864//2864 2865//2865
f 2861//2861 2865//2865 2862//2862
f 2862//2862 2865//2865 2863//2863
f 2862//2862 2863//2863 2860//2860
f 2863//2863 2866//2866 2867//2867
f 2863//2863 2867//2867 2864//2864
f 2864//2864 2867//2867 2868//2868
f 2864//2864 2868//2868 2865//2865
f 2865//2865 2868//2868 2866//2866
f 2865//2865 2866//2866 2863//2863
f 2866//2866 2869//2869 2870//2870
f 2866//2866 2870//2870 2867//2867
f 2867//2867 2870//2870 2871//2871
f 2867//2867 2871//2871 2868//2868
f 2868//2868 2871//2871 2869//2869
f 2868//2868 2869//2869 2866//2866
f 2869//2869 2872//2872 2873//2873
f 2869//2869 2873//2873 2870//2870
f 2870//2870 2873//2873 2874//2874
f 2870//2870 2874//2874 2871//2871
f 2871//2871 2874//2874 2872//2872
f 2871//2871 2872//2872 2869//2869
f 2872//2872 2875//2875 2876//2876
f 2872//2872 2876//2876 2873//2873
f 2873//2873 2876//2876 2877//2877
f 2873//2873 2877//2877 2874//2874
f 2874//2874 2877//2877 2875//2875
f 2874//2874 2875//2875 2872//2872
f 2875//2875 2878//2878 2879//2879
f 2875//2875 2879//2879 2876//2876
f 2876//2876 2879//2879 2880//2880
f 2876//2876 2880//2880 2877//2877
f 2877//2877 2880//2880 2878//2878
f 2877//2877 2878//2878 2875//2875
f 2881//2881 2884//2884 2885//2885
f 2881//2881 2885//2885 2882//2882
f 2882//2882 2885//2885 2886//2886
f 2882//2882 2886//2886 2883//2883
f 2883//2883 2886//2886 2884//2884
f 2883//2883 2884//2884 2881//2881
f 2884//2884 2887//2887 2888//2888
f 2884//2884 2888//2888 2885//2885
f 2885//2885 2888//2888 2889//2889
f 2885//2885 2889//2889 2886//2886
f 2886//2886 2889//2889 2887//2887
f 2886//2886 2887//2887 2884//2884
f 2887//2887 2890//2890 2891//2891
f 2887//2887 2891//2891 2888//2888
f 2888//2888 2891//2891 2892//2892
f 2888//2888 2892//2892 2889//2889
f 2889//2889 2892//2892 2890//2890
f 2889//2889 2890//2890 2887//2887
f 2890//2890 2893//2893 2894//2894
f 2890//2890 2894//2894 2891//2891
f 2891//2891 2894//2894 2895//2895
f 2891//2891 2895//2895 2892//2892
f 2892//2892 2895//2895 2893//2893
f 2892//2892 2893//2893 2890//2890
f 2893//2893 2896//2896 2897//2897
f 2893//2893 2897//2897 2894//2894
f 2894//2894 2897//2897 2898//2898
f 2894//2894 2898//2898 2895//2895
f 2895//2895 2898//2898 2896//2896
f 2895//2895 2896//2896 2893//2893
f 2896//2896 2899//2899 2900//2900
f 2896//2896 2900//2900 2897//2897
f 2897//2897 2900//2900 2901//2901
f 2897//2897 2901//2901 2898//2898
f 2898//2898 2901//2901 2899//2899
f 2898//2898 2899//2899 2896//2896
f 2899//2899 2902//2902 2903//2903
f 2899//2899 2903//2903 2900//2900
f 2900//2900 2903//2903 2904//2904
f 2900//2900 2904//2904 2901//2901
f 2901//2901 2904//2904 2902//2902
f 2901//2901 2902//2902 2899//2899
f 2905//2905 2908//2908 2909//2909
f 2905//2905 2909//2909 2906//2906
f 2906//2906 2909//2909 2910//2910
f 2906//2906 2910//2910 2907//2907
f 2907//2907 2910//2910 2908//2908
f 2907//2907 2908//2908 2905//2905
f 2908//2908 2911//2911 2912//2912
f 2908//2908 2912//2912 2909//2909
f 2909//2909 2912//2912 2913//2913
f 2909//2909 2913//2913 2910//2910
f 2910//2910 2913//2913 2911//2911
f 2910//2910 2911//2911 2908//2908
f 2911//2911 2914//2914 2915//2915
f 2911//2911 2915//2915 2912//2912
f 2912//2912 2915//2915 2916//2916
f 2912//2912 2916//2916 2913//2913
f 2913//2913 2916//2916 2914//2914
f 2913//2913 2914//2914 2911//2911
f 2914//2914 2917//2917 2918//2918
f 2914//2914 2918//2918 2915//2915
f 2915//2915 2918//2918 2919//2919
f 2915//2915 2919//2919 2916//2916
f 2916//2916 2919//2919 2917//2917
f 2916//2916 2917//2917 2914//2914
f 2917//2917 2920//2920 2921//2921
f 2917//2917 2921//2921 2918//2918
f 2918//2918 2921//2921 2922//2922
f 2918//2918 2922//2922 2919//2919
f 2919//2919 2922//2922 2920//2920
f 2919//2919 2920//2920 2917//2917
f 2920//2920 2923//2923 2924//2924
f 2920//2920 2924//2924 2921//2921
f 2921//2921 2924//2924 2925//2925
f 2921//2921 2925//2925 2922//2922
f 2922//2922 2925//2925 2923//2923
f 2922//2922 2923//2923 2920//2920
f 2923//2923 2926//2926 2927//2927
f 2923//2923 2927//2927 2924//2924
f 2924//2924 2927//2927 2928//2928
f 2924//2924 2928//2928 2925//2925
f 2925//2925 2928//2928 2926//2926
f 2925//2925 2926//2926 2923//2923
f 2929//2929 2932//2932 2933//2933
f 2929//2929 2933//2933 2930//2930
f 2930//2930 2933//2933 2934//2934
f 2930//2930 2934//2934 2931//2931
f 2931//2931 2934//2934 2932//2932
f 2931//2931 2932//2932 2929//2929
f 2932//2932 2935//2935 2936//2936
f 2932//2932 2936//2936 2933//2933
f 2933//2933 2936//2936 2937//2937
f 2933//2933 2937//2937 2934//2934
f 2934//2934 2937//2937 2935//2935
f 2934//2934 2935//2935 2932//2932
f 2935//2935 2938//2938 2939//2939
f 2935//2935 2939//2939 2936//2936
f 2936//2936 2939//2939 2940//2940
f 2936//2936 2940//2940 2937//2937
f 2937//2937 2940//2940 2938//2938
f 2937//2937 2938//2938 2935//2935
f 2938//2938 2941//2941 2942//2942
f 2938//2938 2942//2942 2939//2939
f 2939//2939 2942//2942 2943//2943
f 2939//2939 2943//2943 2940//2940
f 2940//2940 2943//2943 2941//2941
f 2940//2940 2941//2941 2938//2938
f 2941//2941 2944//2944 2945//2945
f 2941//2941 2945//2945 2942//2942
f 2942//2942 2945//2945 2946//2946
f 2942//2942 2946//2946 2943//2943
f 2943//2943 2946//2946 2944//2944
f 2943//2943 2944//2944 2941//2941
f 2944//2944 2947//2947 2948//2948
f 2944//2944 2948//2948 2945//2945
f 2945//2945 2948//2948 2949//2949
f 2945//2945 2949//2949 2946//2946
f 2946//2946 2949//2949 2947//2947
f 2946//2946 2947//2947 2944//2944
f 2947//2947 2950//2950 2951//2951
f 2947//2947 2951//2951 2948//2948
f 2948//2948 2951//2951 2952//2952
f 2948//2948 2952//2952 2949//2949
f 2949//2949 2952//2952 2950//2950
f 2949//2949 2950//2950 2947//2947
f 2953//2953 2956//2956 2957//2957
f 2953//2953 2957//2957 2954//2954
f 2954//2954 2957//2957 2958//2958
f 2954//2954 2958//2958 2955//2955
f 2955//2955 2958//2958 2956//2956
f 2955//2955 2956//2956 2953//2953
f 2956//2956 2959//2959 2960//2960
f 2956//2956 2960//2960 2957//2957
f 2957//2957 2960//2960 2961//2961
f 2957//2957 2961//2961 2958//2958
f 2958//2958 2961//2961 2959//2959
f 2958//2958 2959//2959 2956//2956
f 2959//2959 2962//2962 2963//2963
f 2959//2959 2963//2963 2960//2960
f 2960//2960 2963//2963 2964//2964
f 2960//2960 2964//2964 2961//2961
f 2961//2961 2964//2964 2962//2962
f 2961//2961 2962//2962 2959//2959
f 2962//2962 2965//2965 2966//2966
f 2962//2962 2966//2966 2963//2963
f 2963//2963 2966//2966 2967//2967
f 2963//2963 2967//2967 2964//2964
f 2964//2964 2967//2967 2965//2965
f 2964//2964 2965//2965 2962//2962
f 2965//2965 2968//2968 2969//2969
f 2965//2965 2969//2969 2966//2966
f 2966//2966 2969//2969 2970//2970
f 2966//2966 2970//2970 2967//2967
f 2967//2967 2970//2970 2968//2968
f 2967//2967 2968//2968 2965//2965
f 2968//2968 2971//2971 2972//2972
f 2968//2968 2972//2972 2969//2969
f 2969//2969 2972//2972 2973//2973
f 2969//2969 2973//2973 2970//2970
f 2970//2970 2973//2973 2971//2971
f 2970//2970 2971//2971 2968//2968
f 2971//2971 2974//2974 2975//2975
f 2971//2971 2975//2975 2972//2972
f 2972//2972 2975//2975 2976//2976
f 2972//2972 2976//2976 2973//2973
f 2973//2973 2976//2976 2974//2974
f 2973//2973 2974//2974 2971//2971
f 2977//2977 2980//2980 2981//2981
f 2977//2977 2981//2981 2978//2978
f 2978//2978 2981//2981 2982//2982
f 2978//2978 2982//2982 2979//2979
f 2979//2979 2982//2982 2980//2980
f 2979//2979 2980//2980 2977//2977
f 2980//2980 2983//2983 2984//2984
f 2980//2980 2984//2984 2981//2981
f 2981//2981 2984//2984 2985//2985
f 2981//2981 2985//2985 2982//2982
f 2982//2982 2985//2985 2983//2983
f 2982//2982 2983//2983 2980//2980
f 2983//2983 2986//2986 2987//2987
f 2983//2983 2987//2987 2984//2984
f 2984//2984 2987//2987 2988//2988
f 2984//2984 2988//2988 2985//2985
f 2985//2985 2988//2988 2986//2986
f 2985//2985 2986//2986 2983//2983
f 2986//2986 2989//2989 2990//2990
f 2986//2986 2990//2990 2987//2987
f 2987//2987 2990//2990 2991//2991
f 2987//2987 2991//2991 2988//2988
f 2988//2988 2991//2991 2989//2989
f 2988//2988 2989//2989 2986//2986
f 2989//2989 2992//2992 2993//2993
f 2989//2989 2993//2993 2990//2990
f 2990//2990 2993//2993 2994//2994
f 2990//2990 2994//2994 2991//2991
f 2991//2991 2994//2994 2992//2992
f 2991//2991 2992//2992 2989//2989
f 2992//2992 2995//2995 2996//2996
f 2992//2992 2996//2996 2993//2993
f 2993//2993 2996//2996 2997//2997
f 2993//2993 2997//2997 2994//2994
f 2994//2994 2997//2997 2995//2995
f 2994//2994 2995//2995 2992//2992
f 2995//2995 2998//2998 2999//2999
f 2995//2995 2999//2999 2996//2996
f 2996//2996 2999//2999 3000//3000
f 2996//2996 3000//3000 2997//2997
f 2997//2997 3000//3000 2998//2998
f 2997//2997 2998//2998 2995//2995
f 3001//3001 3004//3004 3005//3005
f 3001//3001 3005//3005 3002//3002
f 3002//3002 3005//3005 3006//3006
f 3002//3002 3006//3006 3003//3003
f 3003//3003 3006//3006 3004//3004
f 3003//3003 3004//3004 3001//3001
f 3004//3004 3007//3007 3008//3008
f 3004//3004 3008//3008 3005//3005
f 3005//3005 3008//3008 3009//3009
f 3005//3005 3009//3009 3006//3006
f 3006//3006 3009//3009 3007//3007
f 3006//3006 3007//3007 3004//3004
f 3007//3007 3010//3010 3011//3011
f 3007//3007 3011//3011 3008//3008
f 3008//3008 3011//3011 3012//3012
f 3008//3008 3012//3012 3009//3009
f 3009//3009 3012//3012 3010//3010
f 3009//3009 3010//3010 3007//3007
f 3010//3010 3013//3013 3014//3014
f 3010//3010 3014//3014 3011//3011
f 3011//3011 3014//3014 3015//3015
f 3011//3011 3015//3015 3012//3012
f 3012//3012 3015//3015 3013//3013
f 3012//3012 3013//3013 3010//3010
f 3013//3013 3016//3016 3017//3017
f 3013//3013 3017//3017 3014//3014
f 3014//3014 3017//3017 3018//3018
f 3014//3014 3018//3018 3015//3015
f 3015//3015 3018//3018 3016//3016
f 3015//3015 3016//3016 3013//3013
f 3016//3016 3019//3019 3020//3020
f 3016//3016 3020//3020 3017//3017
f 3017//3017 3020//3020 3021//3021
f 3017//3017 3021//3021 3018//3018
f 3018//3018 3021//3021 3019//3019
f 3018//3018 3019//3019 3016//3016
f 3019//3019 3022//3022 3023//3023
f 3019//3019 3023//3023 3020//3020
f 3020//3020 3023//3023 3024//3024
f 3020//3020 3024//3024 3021//3021
f 3021//3021 3024//3024 3022//3022
f 3021//3021 3022//3022 3019//3019
f 3025//3025 3028//3028 3029//3029
f 3025//3025 3029//3029 3026//3026
f 3026//3026 3029//3029 3030//3030
f 3026//3026 3030//3030 3027//3027
f 3027//3027 3030//3030 3028//3028
f 3027//3027 3028//3028 3025//3025
f 3028//3028 3031//3031 3032//3032
f 3028//3028 3032//3032 3029//3029
f 3029//3029 3032//3032 3033//3033
f 3029//3029 3033//3033 3030//3030
f 3030//3030 3033//3033 3031//3031
f 3030//3030 3031//3031 3028//3028
f 3031//3031 3034//3034 3035//3035
f 3031//3031 3035//3035 3032//3032
f 3032//3032 3035//3035 3036//3036
f 3032//3032 3036//3036 3033//3033
f 3033//3033 3036//3036 3034//3034
f 3033//3033 3034//3034 3031//3031
f 3034//3034 3037//3037 3038//3038
f 3034//3034 3038//3038 3035//3035
f 3035//3035 3038//3038 3039//3039
f 3035//3035 3039//3039 3036//3036
f 3036//3036 3039//3039 3037//3037
f 3036//3036 3037//3037 3034//3034
f 3037//3037 3040//3040 3041//3041
f 3037//3037 3041//3041 3038//3038
f 3038//3038 3041//3041 3042//3042
f 3038//3038 3042//3042 3039//3039
f 3039//3039 3042//3042 3040//3040
f 3039//3039 3040//3040 3037//3037
f 3040//3040 3043//3043 3044//3044
f 3040//3040 3044//3044 3041//3041
f 3041//3041 3044//3044 3045//3045
f 3041//3041 3045//3045 3042//3042
f 3042//3042 3045//3045 3043//3043
f 3042//3042 3043//3043 3040//3040
f 3043//3043 3046//3046 3047//3047
f 3043//3043 3047//3047 3044//3044
f 3044//3044 3047//3047 3048//3048
f 3044//3044 3048//3048 3045//3045
f 3045//3045 3048//3048 3046//3046
f 3045//3045 3046//3046 3043//3043
f 3049//3049 3052//3052 3053//3053
f 3049//3049 3053//3053 3050//3050
f 3050//3050 3053//3053 3054//3054
f 3050//3050 3054//3054 3051//3051
f 3051//3051 3054//3054 3052//3052
f 3051//3051 3052//3052 3049//3049
f 3052//3052 3055//3055 3056//3056
f 3052//3052 3056//3056 3053//3053
f 3053//3053 3056//3056 3057//3057
f 3053//3053 3057//3057 3054//3054
f 3054//3054 3057//3057 3055//3055
f 3054//3054 3055//3055 3052//3052
f 3055//3055 3058//3058 3059//3059
f 3055//3055 3059//3059 3056//3056
f 3056//3056 3059//3059 3060//3060
f 3056//3056 3060//3060 3057//3057
f 3057//3057 3060//3060 3058//3058
f 3057//3057 3058//3058 3055//3055
f 3058//3058 3061//3061 3062//3062
f 3058//3058 3062//3062 3059//3059
f 3059//3059 3062//3062 3063//3063
f 3059//3059 3063//3063 3060//3060
f 3060//3060 3063//3063 3061//3061
f 3060//3060 3061//3061 3058//3058
f 3061//3061 3064//3064 3065//3065
f 3061//3061 3065//3065 3062//3062
f 3062//3062 3065//3065 3066//3066
f 3062//3062 3066//3066 3063//3063
f 3063//3063 3066//3066 3064//3064
f 3063//3063 3064//3064 3061//3061
f 3064//3064 3067//3067 3068//3068
f 3064//3064 3068//3068 3065//3065
f 3065//3065 3068//3068 3069//3069
f 3065//3065 3069//3069 3066//3066
f 3066//3066 3069//3069 3067//3067
f 3066//3066 3067//3067 3064//3064
f 3067//3067 3070//3070 3071//3071
f 3067//3067 3071//3071 3068//3068
f 3068//3068 3071//3071 3072//3072
f 3068//3068 3072//3072 3069//3069
f 3069//3069 3072//3072 3070//3070
f 3069//3069 3070//3070 3067//3067
f 3073//3073 3076//3076 3077//3077
f 3073//3073 3077//3077 3074//3074
f 3074//3074 3077//3077 3078//3078
f 3074//3074 3078//3078 3075//3075
f 3075//3075 3078//3078 3076//3076
f 3075//3075 3076//3076 3073//3073
f 3076//3076 3079//3079 3080//3080
f 3076//3076 3080//3080 3077//3077
f 3077//3077 3080//3080 3081//3081
f 3077//3077 3081//3081 3078//3078
f 3078//3078 3081//3081 3079//3079
f 3078//3078 3079//3079 3076//3076
f 3079//3079 3082//3082 3083//3083
f 3079//3079 3083//3083 3080//3080
f 3080//3080 3083//3083 3084//3084
f 3080//3080 3084//3084 3081//3081
f 3081//3081 3084//3084 3082//3082
f 3081//3081 3082//3082 3079//3079
f 3082//3082 3085//3085 3086//3086
f 3082//3082 3086//3086 3083//3083
f 3083//3083 3086//3086 3087//3087
f 3083//3083 3087//3087 3084//3084
f 3084//3084 3087//3087 3085//3085
f 3084//3084 3085//3085 3082//3082
f 3085//3085 3088//3088 3089//3089
f 3085//3085 3089//3089 3086//3086
f 3086//3086 3089//3089 3090//3090
f 3086//3086 3090//3090 3087//3087
f 3087//3087 3090//3090 3088//3088
f 3087//3087 3088//3088 3085//3085
f 3088//3088 3091//3091 3092//3092
f 3088//3088 3092//3092 3089//3089
f 3089//3089 3092//3092 3093//3093
f 3089//3089 3093//3093 3090//3090
f 3090//3090 3093//3093 3091//3091
f 3090//3090 3091//3091 3088//3088
f 3091//3091 3094//3094 3095//3095
f 3091//3091 3095//3095 3092//3092
f 3092//3092 3095//3095 3096//3096
f 3092//3092 3096//3096 3093//3093
f 3093//3093 3096//3096 3094//3094
f 3093//3093 3094//3094 3091//3091
f 3097//3097 3100//3100 3101//3101
f 3097//3097 3101//3101 3098//3098
f 3098//3098 3101//3101 3102//3102
f 3098//3098 3102//3102 3099//3099
f 3099//3099 3102//3102 3100//3100
f 3099//3099 3100//3100 3097//3097
f 3100//3100 3103//3103 3104//3104
f 3100//3100 3104//3104 3101//3101
f 3101//3101 3104//3104 3105//3105
f 3101//3101 3105//3105 3102//3102
f 3102//3102 3105//3105 3103//3103
f 3102//3102 3103//3103 3100//3100
f 3103//3103 3106//3106 3107//3107
f 3103//3103 3107//3107 3104//3104
f 3104//3104 3107//3107 3108//3108
f 3104//3104 3108//3108 3105//3105
f 3105//3105 3108//3108 3106//3106
f 3105//3105 3106//3106 3103//3103
f 3106//3106 3109//3109 3110//3110
f 3106//3106 3110//3110 3107//3107
f 3107//3107 3110//3110 3111//3111
f 3107//3107 3111//3111 3108//3108
f 3108//3108 3111//3111 3109//3109
f 3108//3108 3109//3109 3106//3106
f 3109//3109 3112//3112 3113//3113
f 3109//3109 3113//3113 3110//3110
f 3110//3110 3113//3113 3114//3114
f 3110//3110 3114//3114 3111//3111
f 3111//3111 3114//3114 3112//3112
f 3111//3111 3112//3112 3109//3109
f 3112//3112 3115//3115 3116//3116
f 3112//3112 3116//3116 3113//3113
f 3113//3113 3116//3116 3117//3117
f 3113//3113 3117//3117 3114//3114
f 3114//3114 3117//3117 3115//3115
f 3114//3114 3115//3115 3112//3112
f 3115//3115 3118//3118 3119//3119
f 3115//3115 3119//3119 3116//3116
f 3116//3116 3119//3119 3120//3120
f 3116//3116 3120//3120 3117//3117
f 3117//3117 3120//3120 3118//3118
f 3117//3117 3118//3118 3115//3115
f 3121//3121 3124//3124 3125//3125
f 3121//3121 3125//3125 3122//3122
f 3122//3122 3125//3125 3126//3126
f 3122//3122 3126//3126 3123//3123
f 3123//3123 3126//3126 3124//3124
f 3123//3123 3124//3124 3121//3121
f 3124//3124 3127//3127 3128//3128
f 3124//3124 3128//3128 3125//3125
f 3125//3125 3128//3128 3129//3129
f 3125//3125 3129//3129 3126//3126
f 3126//3126 3129//3129 3127//3127
f 3126//3126 3127//3127 3124//3124
f 3127//3127 3130//3130 3131//3131
f 3127//3127 3131//3131 3128//3128
f 3128//3128 3131//3131 3132//3132
f 3128//3128 3132//3132 3129//3129
f 3129//3129 3132//3132 3130//3130
f 3129//3129 3130//3130 3127//3127
f 3130//3130 3133//3133 3134//3134
f 3130//3130 3134//3134 3131//3131
f 3131//3131 3134//3134 3135//3135
f 3131//3131 3135//3135 3132//3132
f 3132//3132 3135//3135 3133//3133
f 3132//3132 3133//3133 3130//3130
f 3133//3133 3136//3136 3137//3137
f 3133//3133 3137//3137 3134//3134
f 3134//3134 3137//3137 3138//3138
f 3134//3134 3138//3138 3135//3135
f 3135//3135 3138//3138 3136//3136
f 3135//3135 3136//3136 3133//3133
f 3136//3136 3139//3139 3140//3140
f 3136//3136 3140//3140 3137//3137
f 3137//3137 3140//3140 3141//3141
f 3137//3137 3141//3141 3138//3138
f 3138//3138 3141//3141 3139//3139
f 3138//3138 3139//3139 3136//3136
f 3139//3139 3142//3142 3143//3143
f 3139//3139 3143//3143 3140//3140
f 3140//3140 3143//3143 3144//3144
f 3140//3140 3144//3144 3141//3141
f 3141//3141 3144//3144 3142//3142
f 3141//3141 3142//3142 3139//3139
f 3145//3145 3148//3148 3149//3149
f 3145//3145 3149//3149 3146//3146
f 3146//3146 3149//3149 3150//3150
f 3146//3146 3150//3150 3147//3147
f 3147//3147 3150//3150 3148//3148
f 3147//3147 3148//3148 3145//3145
f 3148//3148 3151//3151 3152//3152
f 3148//3148 3152//3152 3149//3149
f 3149//3149 3152//3152 3153//3153
f 3149//3149 3153//3153 3150//3150
f 3150//3150 3153//3153 3151//3151
f 3150//3150 3151//3151 3148//3148
f 3151//3151 3154//3154 3155//3155
f 3151//3151 3155//3155 3152//3152
f 3152//3152 3155//3155 3156//3156
f 3152//3152 3156//3156 3153//3153
f 3153//3153 3156//3156 3154//3154
f 3153//3153 3154//3154 3151//3151
f 3154//3154 3157//3157 3158//3158
f 3154//3154 3158//3158 3155//3155
f 3155//3155 3158//3158 3159//3159
f 3155//3155 3159//3159 3156//3156
f 3156//3156 3159//3159 3157//3157
f 3156//3156 3157//3157 3154//3154
f 3157//3157 3160//3160 3161//3161
f 3157//3157 3161//3161 3158//3158
f 3158//3158 3161//3161 3162//3162
f 3158//3158 3162//3162 3159//3159
f 3159//3159 3162//3162 3160//3160
f 3159//3159 3160//3160 3157//3157
f 3160//3160 3163//3163 3164//3164
f 3160//3160 3164//3164 3161//3161
f 3161//3161 3164//3164 3165//3165
f 3161//3161 3165//3165 3162//3162
f 3162//3162 3165//3165 3163//3163
f 3162//3162 3163//3163 3160//3160
f 3163//3163 3166//3166 3167//3167
f 3163//3163 3167//3167 3164//3164
f 3164//3164 3167//3167 3168//3168
f 3164//3164 3168//3168 3165//3165
f 3165//3165 3168//3168 3166//3166
f 3165//3165 3166//3166 3163//3163
f 3169//3169 3172//3172 3173//3173
f 3169//3169 3173//3173 3170//3170
f 3170//3170 3173//3173 3174//3174
f 3170//3170 3174//3174 3171//3171
f 3171//3171 3174//3174 3172//3172
f 3171//3171 3172//3172 3169//3169
f 3172//3172 3175//3175 3176//3176
f 3172//3172 3176//3176 3173//3173
f 3173//3173 3176//3176 3177//3177
f 3173//3173 3177//3177 3174//3174
f 3174//3174 3177//3177 3175//3175
f 3174//3174 3175//3175 3172//3172
f 3175//3175 3178//3178 3179//3179
f 3175//3175 3179//3179 3176//3176
f 3176//3176 3179//3179 3180//3180
f 3176//3176 3180//3180 3177//3177
f 3177//3177 3180//3180 3178//3178
f 3177//3177 3178//3178 3175//3175
f 3178//3178 3181//3181 3182//3182
f 3178//3178 3182//3182 3179//3179
f 3179//3179 3182//3182 3183//3183
f 3179//3179 3183//3183 3180//3180
f 3180//3180 3183//3183 3181//3181
f 3180//3180 3181//3181 3178//3178
f 3181//3181 3184//3184 3185//3185
f 3181//3181 3185//3185 3182//3182
f 3182//3182 3185//3185 3186//3186
f 3182//3182 3186//3186 3183//3183
f 3183//3183 3186//3186 3184//3184
f 3183//3183 3184//3184 3181//3181
f 3184//3184 3187//3187 3188//3188
f 3184//3184 3188//3188 3185//3185
f 3185//3185 3188//3188 3189//3189
f 3185//3185 3189//3189 3186//3186
f 3186//3186 3189//3189 3187//3187
f 3186//3186 3187//3187 3184//3184
f 3187//3187 3190//3190 3191//3191
f 3187//3187 3191//3191 3188//3188
f 3188//3188 3191//3191 3192//3192
f 3188//3188 3192//3192 3189//3189
f 3189//3189 3192//3192 3190//3190
f 3189//3189 3190//3190 3187//3187
f 3193//3193 3196//3196 3197//3197
f 3193//3193 3197//3197 3194//3194
f 3194//3194 3197//3197 3198//3198
f 3194//3194 3198//3198 3195//3195
f 3195//3195 3198//3198 3196//3196
f 3195//3195 3196//3196 3193//3193
f 3196//3196 3199//3199 3200//3200
f 3196//3196 3200//3200 3197//3197
f 3197//3197 3200//3200 3201//3201
f 3197//3197 3201//3201 3198//3198
f 3198//3198 3201//3201 3199//3199
f 3198//3198 3199//3199 3196//3196
f 3199//3199 3202//3202 3203//3203
f 3199//3199 3203//3203 3200//3200
f 3200//3200 3203//3203 3204//3204
f 3200//3200 3204//3204 3201//3201
f 3201//3201 3204//3204 3202//3202
f 3201//3201 3202//3202 3199//3199
f 3202//3202 3205//3205 3206//3206
f 3202//3202 3206//3206 3203//3203
f 3203//3203 3206//3206 3207//3207
f 3203//3203 3207//3207 3204//3204
f 3204//3204 3207//3207 3205//3205
f 3204//3204 3205//3205 3202//3202
f 3205//3205 3208//3208 3209//3209
f 3205//3205 3209//3209 3206//3206
f 3206//3206 3209//3209 3210//3210
f 3206//3206 3210//3210 3207//3207
f 3207//3207 3210//3210 3208//3208
f 3207//3207 3208//3208 3205//3205
f 3208//3208 3211//3211 3212//3212
f 3208//3208 3212//3212 3209//3209
f 3209//3209 3212//3212 3213//3213
f 3209//3209 3213//3213 3210//3210
f 3210//3210 3213//3213 3211//3211
f 3210//3210 3211//3211 3208//3208
f 3211//3211 3214//3214 3215//3215
f 3211//3211 3215//3215 3212//3212
f 3212//3212 3215//3215 3216//3216
f 3212//3212 3216//3216 3213//3213
f 3213//3213 3216//3216 3214//3214
f 3213//3213 3214//3214 3211//3211
f 3217//3217 3220//3220 3221//3221
f 3217//3217 3221//3221 3218//3218
f 3218//3218 3221//3221 3222//3222
f 3218//3218 3222//3222 3219//3219
f 3219//3219 3222//3222 3220//3220
f 3219//3219 3220//3220 3217//3217
f 3220//3220 3223//3223 3224//3224
f 3220//3220 3224//3224 3221//3221
f 3221//3221 3224//3224 3225//3225
f 3221//3221 3225//3225 3222//3222
f 3222//3222 3225//3225 3223//3223
f 3222//3222 3223//3223 3220//3220
f 3223//3223 3226//3226 3227//3227
f 3223//3223 3227//3227 3224//3224
f 3224//3224 3227//3227 3228//3228
f 3224//3224 3228//3228 3225//3225
f 3225//3225 3228//3228 3226//3226
f 3225//3225 3226//3226 3223//3223
f 3226//3226 3229//3229 3230//3230
f 3226//3226 3230//3230 3227//3227
f 3227//3227 3230//3230 3231//3231
f 3227//3227 3231//3231 3228//3228
f 3228//3228 3231//3231 3229//3229
f 3228//3228 3229//3229 3226//3226
f 3229//3229 3232//3232 3233//3233
f 3229//3229 3233//3233 3230//3230
f 3230//3230 3233//3233 3234//3234
f 3230//3230 3234//3234 3231//3231
f 3231//3231 3234//3234 3232//3232
f 3231//3231 3232//3232 3229//3229
f 3232//3232 3235//3235 3236//3236
f 3232//3232 3236//3236 3233//3233
f 3233//3233 3236//3236 3237//3237
f 3233//3233 3237//3237 3234//3234
f 3234//3234 3237//3237 3235//3235
f 3234//3234 3235//3235 3232//3232
f 3235//3235 3238//3238 3239//3239
f 3235//3235 3239//3239 3236//3236
f 3236//3236 3239//3239 3240//3240
f 3236//3236 3240//3240 3237//3237
f 3237//3237 3240//3240 3238//3238
f 3237//3237 3238//3238 3235//3235
f 3241//3241 3244//3244 3245//3245
f 3241//3241 3245//3245 3242//3242
f 3242//3242 3245//3245 3246//3246
f 3242//3242 3246//3246 3243//3243
f 3243//3243 3246//3246 3244//3244
f 3243//3243 3244//3244 3241//3241
f 3244//3244 3247//3247 3248//3248
f 3244//3244 3248//3248 3245//3245
f 3245//3245 3248//3248 3249//3249
f 3245//3245 3249//3249 3246//3246
f 3246//3246 3249//3249 3247//3247
f 3246//3246 3247//3247 3244//3244
f 3247//3247 3250//3250 3251//3251
f 3247//3247 3251//3251 3248//3248
f 3248//3248 3251//3251 3252//3252
f 3248//3248 3252//3252 3249//3249
f 3249//3249 3252//3252 3250//3250
f 3249//3249 3250//3250 3247//3247
f 3250//3250 3253//3253 3254//3254
f 3250//3250 3254//3254 3251//3251
f 3251//3251 3254//3254 3255//3255
f 3251//3251 3255//3255 3252//3252
f 3252//3252 3255//3255 3253//3253
f 3252//3252 3253//3253 3250//3250
f 3253//3253 3256//3256 3257//3257
f 3253//3253 3257//3257 3254//3254
f 3254//3254 3257//3257 3258//3258
f 3254//3254 3258//3258 3255//3255
f 3255//3255 3258//3258 3256//3256
f 3255//3255 3256//3256 3253//3253
f 3256//3256 3259//3259 3260//3260
f 3256//3256 3260//3260 3257//3257
f 3257//3257 3260//3260 3261//3261
f 3257//3257 3261//3261 3258//3258
f 3258//3258 3261//3261 3259//3259
f 3258//3258 3259//3259 3256//3256
f 3259//3259 3262//3262 3263//3263
f 3259//3259 3263//3263 3260//3260
f 3260//3260 3263//3263 3264//3264
f 3260//3260 3264//3264 3261//3261
f 3261//3261 3264//3264 3262//3262
f 3261//3261 3262//3262 3259//3259
f 3265//3265 3268//3268 3269//3269
f 3265//3265 3269//3269 3266//3266
f 3266//3266 3269//3269 3270//3270
f 3266//3266 3270//3270 3267//3267
f 3267//3267 3270//3270 3268//3268
f 3267//3267 3268//3268 3265//3265
f 3268//3268 3271//3271 3272//3272
f 3268//3268 3272//3272 3269//3269
f 3269//3269 3272//3272 3273//3273
f 3269//3269 3273//3273 3270//3270
f 3270//3270 3273//3273 3271//3271
f 3270//3270 3271//3271 3268//3268
f 3271//3271 3274//3274 3275//3275
f 3271//3271 3275//3275 3272//3272
f 3272//3272 3275//3275 3276//3276
f 3272//3272 3276//3276 3273//3273
f 3273//3273 3276//3276 3274//3274
f 3273//3273 3274//3274 3271//3271
f 3274//3274 3277//3277 3278//3278
f 3274//3274 3278//3278 3275//3275
f 3275//3275 3278//3278 3279//3279
f 3275//3275 3279//3279 3276//3276
f 3276//3276 3279//3279 3277//3277
f 3276//3276 3277//3277 3274//3274
f 3277//3277 3280//3280 3281//3281
f 3277//3277 3281//3281 3278//3278
f 3278//3278 3281//3281 3282//3282
f 3278//3278 3282//3282 3279//3279
f 3279//3279 3282//3282 3280//3280
f 3279//3279 3280//3280 3277//3277
f 3280//3280 3283//3283 3284//3284
f 3280//3280 3284//3284 3281//3281
f 3281//3281 3284//3284 3285//3285
f 3281//3281 3285//3285 3282//3282
f 3282//3282 3285//3285 3283//3283
f 3282//3282 3283//3283 3280//3280
f 3283//3283 3286//3286 3287//3287
f 3283//3283 3287//3287 3284//3284
f 3284//3284 3287//3287 3288//3288
f 3284//3284 3288//3288 3285//3285
f 3285//3285 3288//3288 3286//3286
f 3285//3285 3286//3286 3283//3283
f 3289//3289 3292//3292 3293//3293
f 3289//3289 3293//3293 3290//3290
f 3290//3290 3293//3293 3294//3294
f 3290//3290 3294//3294 3291//3291
f 3291//3291 3294//3294 3292//3292
f 3291//3291 3292//3292 3289//3289
f 3292//3292 3295//3295 3296//3296
f 3292//3292 3296//3296 3293//3293
f 3293//3293 3296//3296 3297//3297
f 3293//3293 3297//3297 3294//3294
f 3294//3294 3297//3297 3295//3295
f 3294//3294 3295//3295 3292//3292
f 3295//3295 3298//3298 3299//3299
f 3295//3295 3299//3299 3296//3296
f 3296//3296 3299//3299 3300//3300
f 3296//3296 3300//3300 3297//3297
f 3297//3297 3300//3300 3298//3298
f 3297//3297 3298//3298 3295//3295
f 3298//3298 3301//3301 3302//3302
f 3298//3298 3302//3302 3299//3299
f 3299//3299 3302//3302 3303//3303
f 3299//3299 3303//3303 3300//3300
f 3300//3300 3303//3303 3301//3301
f 3300//3300 3301//3301 3298//3298
f 3301//3301 3304//3304 3305//3305
f 3301//3301 3305//3305 3302//3302
f 3302//3302 3305//3305 3306//3306
f 3302//3302 3306//3306 3303//3303
f 3303//3303 3306//3306 3304//3304
f 3303//3303 3304//3304 3301//3301
f 3304//3304 3307//3307 3308//3308
f 3304//3304 3308//3308 3305//3305
f 3305//3305 3308//3308 3309//3309
f 3305//3305 3309//3309 3306//3306
f 3306//3306 3309//3309 3307//3307
f 3306//3306 3307//3307 3304//3304
f 3307//3307 3310//3310 3311//3311
f 3307//3307 3311//3311 3308//3308
f 3308//3308 3311//3311 3312//3312
f 3308//3308 3312//3312 3309//3309
f 3309//3309 3312//3312 3310//3310
f 3309//3309 3310//3310 3307//3307
f 3313//3313 3316//3316 3317//3317
f 3313//3313 3317//3317 3314//3314
f 3314//3314 3317//3317 3318//3318
f 3314//3314 3318//3318 3315//3315
f 3315//3315 3318//3318 3316//3316
f 3315//3315 3316//3316 3313//3313
f 3316//3316 3319//3319 3320//3320
f 3316//3316 3320//3320 3317//3317
f 3317//3317 3320//3320 3321//3321
f 3317//3317 3321//3321 3318//3318
f 3318//3318 3321//3321 3319//3319
f 3318//3318 3319//3319 3316//3316
f 3319//3319 3322//3322 3323//3323
f 3319//3319 3323//3323 3320//3320
f 3320//3320 3323//3323 3324//3324
f 3320//3320 3324//3324 3321//3321
f 3321//3321 3324//3324 3322//3322
f 3321//3321 3322//3322 3319//3319
f 3322//3322 3325//3325 3326//3326
f 3322//3322 3326//3326 3323//3323
f 3323//3323 3326//3326 3327//3327
f 3323//3323 3327//3327 3324//3324
f 3324//3324 3327//3327 3325//3325
f 3324//3324 3325//3325 3322//3322
f 3325//3325 3328//3328 3329//3329
f 3325//3325 3329//3329 3326//3326
f 3326//3326 3329//3329 3330//3330
f 3326//3326 3330//3330 3327//3327
f 3327//3327 3330//3330 3328//3328
f 3327//3327 3328//3328 3325//3325
f 3328//3328 3331//3331 3332//3332
f 3328//3328 3332//3332 3329//3329
f 3329//3329 3332//3332 3333//3333
f 3329//3329 3333//3333 3330//3330
f 3330//3330 3333//3333 3331//3331
f 3330//3330 3331//3331 3328//3328
f 3331//3331 3334//3334 3335//3335
f 3331//3331 3335//3335 3332//3332
f 3332//3332 3335//3335 3336//3336
f 3332//3332 3336//3336 3333//3333
f 3333//3333 3336//3336 3334//3334
f 3333//3333 3334//3334 3331//3331
f 3337//3337 3340//3340 3341//3341
f 3337//3337 3341//3341 3338//3338
f 3338//3338 3341//3341 3342//3342
f 3338//3338 3342//3342 3339//3339
f 3339//3339 3342//3342 3340//3340
f 3339//3339 3340//3340 3337//3337
f 3340//3340 3343//3343 3344//3344
f 3340//3340 3344//3344 3341//3341
f 3341//3341 3344//3344 3345//3345
f 3341//3341 3345//3345 3342//3342
f 3342//3342 3345//3345 3343//3343
f 3342//3342 3343//3343 3340//3340
f 3343//3343 3346//3346 3347//3347
f 3343//3343 3347//3347 3344//3344
f 3344//3344 3347//3347 3348//3348
f 3344//3344 3348//3348 3345//3345
f 3345//3345 3348//3348 3346//3346
f 3345//3345 3346//3346 3343//3343
f 3346//3346 3349//3349 3350//3350
f 3346//3346 3350//3350 3347//3347
f 3347//3347 3350//3350 3351//3351
f 3347//3347 3351//3351 3348//3348
f 3348//3348 3351//3351 3349//3349
f 3348//3348 3349//3349 3346//3346
f 3349//3349 3352//3352 3353//3353
f 3349//3349 3353//3353 3350//3350
f 3350//3350 3353//3353 3354//3354
f 3350//3350 3354//3354 3351//3351
f 3351//3351 3354//3354 3352//3352
f 3351//3351 3352//3352 3349//3349
f 3352//3352 3355//3355 3356//3356
f 3352//3352 3356//3356 3353//3353
f 3353//3353 3356//3356 3357//3357
f 3353//3353 3357//3357 3354//3354
f 3354//3354 3357//3357 3355//3355
f 3354//3354 3355//3355 3352//3352
f 3355//3355 3358//3358 3359//3359
f 3355//3355 3359//3359 3356//3356
f 3356//3356 3359//3359 3360//3360
f 3356//3356 3360//3360 3357//3357
f 3357//3357 3360//3360 3358//3358
f 3357//3357 3358//3358 3355//3355
